# WaveFront *.obj file (generated by Autodesk ATF)

mtllib Ascora 2.0.mtl

g Body1

v -22.953455 61.360430 8.538885
v -22.941800 61.328410 8.797705
v -22.907633 61.234535 9.038885
v -22.853279 61.085200 9.245992
v -22.782444 60.890583 9.404911
v -22.699956 60.663947 9.504811
v -22.611434 60.420737 9.538885
v -15.328817 63.071393 9.538885
v -8.046199 65.722049 9.538885
v -8.134720 65.965259 9.504811
v -8.217209 66.191895 9.404911
v -8.288044 66.386512 9.245992
v -8.342397 66.535847 9.038885
v -8.376565 66.629722 8.797705
v -8.388219 66.661742 8.538885
v -15.670837 64.011086 8.538885
v -18.086722 63.095514 8.797705
v -13.231643 64.862618 8.797705
v -18.052554 63.001639 9.038885
v -13.197475 64.768743 9.038885
v -17.998201 62.852304 9.245992
v -13.143122 64.619408 9.245992
v -17.927366 62.657687 9.404911
v -13.072287 64.424791 9.404911
v -17.844877 62.431051 9.504811
v -12.989799 64.198155 9.504811
v -22.953455 61.360430 -0.494448
v -22.953455 61.360430 -9.527781
v -22.953455 61.360430 -18.561115
v -22.941800 61.328410 -18.819934
v -22.907633 61.234535 -19.061115
v -22.853279 61.085200 -19.268221
v -22.782444 60.890583 -19.427140
v -22.699956 60.663947 -19.527040
v -22.611434 60.420737 -19.561115
v -18.815011 49.990149 -19.561115
v -15.018587 39.559561 -19.561115
v -11.222164 29.128973 -19.561115
v -11.222164 29.128973 -9.861115
v -11.222164 29.128973 -0.161115
v -11.222164 29.128973 9.538885
v -15.018587 39.559561 9.538885
v -18.815011 49.990149 9.538885
v -19.043024 50.616611 -9.861115
v -19.043024 50.616611 -0.161115
v -15.132594 39.872792 -9.861115
v -15.132594 39.872792 -0.161115
v -8.388219 66.661742 -0.494448
v -8.388219 66.661742 -9.527781
v -8.388219 66.661742 -18.561115
v -15.670837 64.011086 -18.561115
v -15.670837 64.011086 -0.494448
v -15.670837 64.011086 -9.527781
v -8.376565 66.629722 -18.819934
v -8.342397 66.535847 -19.061115
v -8.288044 66.386512 -19.268221
v -8.217209 66.191895 -19.427140
v -8.134720 65.965259 -19.527040
v -8.046199 65.722049 -19.561115
v -15.328817 63.071393 -19.561115
v -13.231643 64.862618 -18.819934
v -18.086722 63.095514 -18.819934
v -13.197475 64.768743 -19.061115
v -18.052554 63.001639 -19.061115
v -13.143122 64.619408 -19.268221
v -17.998201 62.852304 -19.268221
v -13.072287 64.424791 -19.427140
v -17.927366 62.657687 -19.427140
v -12.989799 64.198155 -19.527040
v -17.844877 62.431051 -19.527040
v -4.249775 55.291461 9.538885
v -0.453352 44.860873 9.538885
v 3.343072 34.430285 9.538885
v 3.343072 34.430285 -0.161115
v 3.343072 34.430285 -9.861115
v 3.343072 34.430285 -19.561115
v -0.453352 44.860873 -19.561115
v -4.249775 55.291461 -19.561115
v -7.492371 64.200421 -10.424971
v -4.208978 55.179372 -10.424971
v -0.925585 46.158323 -10.424971
v -0.925585 46.158323 -4.574971
v -0.925585 46.158323 1.275029
v -4.208978 55.179372 1.275029
v -7.492371 64.200421 1.275029
v -7.492371 64.200421 -4.574971
v 0.258571 42.904882 -16.000000
v 1.968672 38.206419 -16.000000
v 1.968672 38.206419 -5.000000
v 1.968672 38.206419 6.000000
v 0.258571 42.904882 6.000000
v 0.258571 42.904882 -5.000000
v -0.567358 45.174104 -0.161115
v -0.567358 45.174104 -9.861115
v -1.442416 45.970211 -10.424971
v -4.725809 54.991261 -10.424971
v -8.009202 64.012310 -10.424971
v -8.009202 64.012310 -4.574971
v -8.009202 64.012310 1.275029
v -4.725809 54.991261 1.275029
v -1.442416 45.970211 1.275029
v -1.442416 45.970211 -4.574971
v -1.408214 45.876242 -10.524971
v -1.408214 45.876242 -4.574971
v -1.408214 45.876242 1.375029
v -4.725809 54.991261 1.375029
v -8.043404 64.106279 1.375029
v -8.043404 64.106279 -4.574971
v -8.043404 64.106279 -10.524971
v -4.725809 54.991261 -10.524971
v -1.126306 45.978848 1.375029
v -4.443901 55.093867 1.375029
v -7.761497 64.208885 1.375029
v -1.126306 45.978848 -10.524971
v -1.126306 45.978848 -4.574971
v -3.939546 31.779629 -19.561115
v -5.308430 38.277242 -19.561115
v -5.308430 56.573780 -19.561115
v -13.959932 56.573780 -19.561115
v -5.308430 47.425511 -19.561115
v -13.959932 47.425511 -19.561115
v -13.959932 38.277242 -19.561115
v -3.939546 31.779629 9.538885
v -13.959932 56.573780 9.538885
v -5.308430 56.573780 9.538885
v -13.959932 47.425511 9.538885
v -5.308430 47.425511 9.538885
v -13.959932 38.277242 9.538885
v -5.308430 38.277242 9.538885
v 3.108149 34.344780 -19.311115
v -3.939546 31.779629 -19.311115
v -10.987240 29.214478 -19.311115
v -10.987240 29.214478 -9.777781
v -10.987240 29.214478 -0.244448
v -10.987240 29.214478 9.288885
v -3.939546 31.779629 9.288885
v 3.108149 34.344780 9.288885
v 3.108149 34.344780 -0.244448
v 3.108149 34.344780 -9.777781
v 1.733749 38.120913 -16.000000
v 1.733749 38.120913 -5.000000
v 1.733749 38.120913 6.000000
v 0.023648 42.819377 -16.000000
v 0.023648 42.819377 6.000000
v 0.023648 42.819377 -5.000000
v -0.722477 44.869337 -19.311115
v -4.553102 55.393895 -19.311115
v -8.383728 65.918452 -19.311115
v -15.431423 63.353301 -19.311115
v -22.479117 60.788150 -19.311115
v -18.648492 50.263592 -19.311115
v -14.817866 39.739035 -19.311115
v -5.420940 38.390471 -19.311115
v -13.950029 38.390471 -19.311115
v -5.420940 47.566465 -19.311115
v -13.950029 47.566465 -19.311115
v -5.420940 56.742458 -19.311115
v -13.950029 56.742458 -19.311115
v -14.817866 39.739035 9.288885
v -18.648492 50.263592 9.288885
v -22.479117 60.788150 9.288885
v -15.431423 63.353301 9.288885
v -8.383728 65.918452 9.288885
v -4.553102 55.393895 9.288885
v -0.722477 44.869337 9.288885
v -5.420940 38.390471 9.288885
v -13.950029 38.390471 9.288885
v -13.950029 47.566465 9.288885
v -5.420940 47.566465 9.288885
v -13.950029 56.742458 9.288885
v -5.420940 56.742458 9.288885
v -8.383728 65.918452 -0.244448
v -8.383728 65.918452 -9.777781
v -4.443901 55.093867 -10.524971
v -7.761497 64.208885 -10.524971
v -7.761497 64.208885 -4.574971
v -0.722477 44.869337 -0.244448
v -0.722477 44.869337 -9.777781
v -22.479117 60.788150 -0.244448
v -22.479117 60.788150 -9.777781
v -15.431423 63.353301 -9.777781
v -15.431423 63.353301 -0.244448
v -18.648492 50.263592 -9.777781
v -14.817866 39.739035 -9.777781
v -18.648492 50.263592 -0.244448
v -14.817866 39.739035 -0.244448
vt 8.200000 0.000000 0.000000
vt 15.950000 0.000000 0.000000
vt 10.783333 0.261799 0.000000
vt 15.950000 0.261799 0.000000
vt 10.783333 0.523599 0.000000
vt 15.950000 0.523599 0.000000
vt 10.783333 0.785398 0.000000
vt 15.950000 0.785398 0.000000
vt 10.783333 1.047198 0.000000
vt 15.950000 1.047198 0.000000
vt 10.783333 1.308997 0.000000
vt 15.950000 1.308997 0.000000
vt 15.950000 1.570796 0.000000
vt 8.200000 1.570796 0.000000
vt 5.616667 1.308997 0.000000
vt 5.616667 1.047198 0.000000
vt 5.616667 0.785398 0.000000
vt 5.616667 0.523599 0.000000
vt 5.616667 0.261799 0.000000
vt 0.450000 0.000000 0.000000
vt 0.450000 0.261799 0.000000
vt 0.450000 0.523599 0.000000
vt 0.450000 0.785398 0.000000
vt 0.450000 1.047198 0.000000
vt 0.450000 1.308997 0.000000
vt 0.450000 1.570796 0.000000
vt 14.515926 16.758819 0.000000
vt 14.416025 17.000000 0.000000
vt 14.550000 16.500000 0.000000
vt 14.257107 17.207107 0.000000
vt 14.050000 17.366025 0.000000
vt 13.808819 17.465926 0.000000
vt 13.550000 17.500000 0.000000
vt 4.850000 6.066667 0.000000
vt 4.516667 17.500000 0.000000
vt -4.516667 17.500000 0.000000
vt -4.850000 6.066667 0.000000
vt -13.550000 17.500000 0.000000
vt -14.550000 16.500000 0.000000
vt -13.808819 17.465926 0.000000
vt -14.050000 17.366025 0.000000
vt -14.257107 17.207107 0.000000
vt -14.416025 17.000000 0.000000
vt -14.515926 16.758819 0.000000
vt -14.550000 5.400000 0.000000
vt -4.850000 -5.366667 0.000000
vt 4.850000 -5.366667 0.000000
vt 4.850000 -16.800000 0.000000
vt 14.550000 -5.700000 0.000000
vt 14.550000 -16.800000 0.000000
vt -14.550000 -5.700000 0.000000
vt -4.850000 -16.800000 0.000000
vt -14.550000 -16.800000 0.000000
vt 14.550000 5.400000 0.000000
vt 12.983333 15.950000 0.000000
vt 3.950000 15.950000 0.000000
vt 12.983333 8.200000 0.000000
vt 3.950000 8.200000 0.000000
vt 12.983333 0.450000 0.000000
vt 3.950000 0.450000 0.000000
vt 22.016667 0.450000 0.000000
vt 22.016667 8.200000 0.000000
vt 22.016667 15.950000 0.000000
vt 31.050000 8.200000 0.000000
vt 31.050000 15.950000 0.000000
vt 31.050000 0.450000 0.000000
vt -8.200000 0.000000 0.000000
vt -0.450000 0.000000 0.000000
vt -5.616667 0.261799 0.000000
vt -0.450000 0.261799 0.000000
vt -5.616667 0.523599 0.000000
vt -0.450000 0.523599 0.000000
vt -5.616667 0.785398 0.000000
vt -0.450000 0.785398 0.000000
vt -5.616667 1.047198 0.000000
vt -0.450000 1.047198 0.000000
vt -5.616667 1.308997 0.000000
vt -0.450000 1.308997 0.000000
vt -0.450000 1.570796 0.000000
vt -8.200000 1.570796 0.000000
vt -10.783333 1.308997 0.000000
vt -10.783333 1.047198 0.000000
vt -10.783333 0.785398 0.000000
vt -10.783333 0.523599 0.000000
vt -10.783333 0.261799 0.000000
vt -15.950000 0.000000 0.000000
vt -15.950000 0.261799 0.000000
vt -15.950000 0.523599 0.000000
vt -15.950000 0.785398 0.000000
vt -15.950000 1.047198 0.000000
vt -15.950000 1.308997 0.000000
vt -15.950000 1.570796 0.000000
vt -13.808819 17.465926 0.000000
vt -14.550000 16.500000 0.000000
vt -13.550000 17.500000 0.000000
vt -6.286144 14.880717 0.000000
vt -4.516667 17.500000 0.000000
vt -0.436144 14.880717 0.000000
vt 4.516667 17.500000 0.000000
vt 5.413856 14.880717 0.000000
vt 13.550000 17.500000 0.000000
vt 14.550000 16.500000 0.000000
vt 13.808819 17.465926 0.000000
vt 14.050000 17.366025 0.000000
vt 14.257107 17.207107 0.000000
vt 14.416025 17.000000 0.000000
vt 14.515926 16.758819 0.000000
vt -14.050000 17.366025 0.000000
vt -14.257107 17.207107 0.000000
vt -14.416025 17.000000 0.000000
vt -14.515926 16.758819 0.000000
vt -14.550000 5.400000 0.000000
vt -6.286144 5.280717 0.000000
vt -6.286144 -4.319283 0.000000
vt -14.550000 -5.700000 0.000000
vt -11.011115 -7.781522 0.000000
vt -11.011115 -12.781522 0.000000
vt -14.550000 -16.800000 0.000000
vt -4.850000 -16.800000 0.000000
vt -0.011115 -12.781522 0.000000
vt 4.850000 -16.800000 0.000000
vt 10.988885 -12.781522 0.000000
vt 14.550000 -16.800000 0.000000
vt 14.550000 -5.700000 0.000000
vt 14.550000 5.400000 0.000000
vt 5.413856 -4.319283 0.000000
vt 10.988885 -7.781522 0.000000
vt 5.413856 5.280717 0.000000
vt 4.850000 -5.366667 0.000000
vt -0.436144 -4.319283 0.000000
vt -0.011115 -7.781522 0.000000
vt -4.850000 -5.366667 0.000000
vt -5.850000 0.000000 0.000000
vt -5.950000 0.000000 0.000000
vt -5.850000 -9.600000 0.000000
vt -5.950000 -9.700000 0.000000
vt -0.000000 -9.700000 0.000000
vt -5.850000 9.600000 0.000000
vt -5.950000 9.700000 0.000000
vt -0.000000 9.700000 0.000000
vt -0.000000 9.600000 0.000000
vt 5.850000 9.600000 0.000000
vt 5.850000 -0.000000 0.000000
vt 5.950000 0.000000 0.000000
vt 5.950000 9.700000 0.000000
vt 5.850000 -9.600000 0.000000
vt 5.950000 -9.700000 0.000000
vt -0.000000 -9.600000 0.000000
vt -0.100000 1.000000 0.000000
vt -5.950000 1.000000 0.000000
vt -0.100000 0.450000 0.000000
vt -5.950000 0.450000 0.000000
vt -11.800000 1.000000 0.000000
vt -11.800000 0.450000 0.000000
vt -0.100000 1.000000 0.000000
vt -9.700000 1.000000 0.000000
vt -0.100000 0.450000 0.000000
vt -9.700000 0.450000 0.000000
vt -19.300000 1.000000 0.000000
vt -19.300000 0.450000 0.000000
vt 19.400000 1.000000 0.000000
vt 9.700000 1.000000 0.000000
vt 19.400000 0.700000 0.000000
vt 9.700000 0.700000 0.000000
vt -0.000000 1.000000 0.000000
vt -0.000000 0.700000 0.000000
vt 11.900000 1.000000 0.000000
vt 5.950000 1.000000 0.000000
vt 11.900000 0.700000 0.000000
vt 5.950000 0.700000 0.000000
vt 0.000000 1.000000 0.000000
vt 0.000000 0.700000 0.000000
vt 10.849654 -16.825502 0.000000
vt 14.646077 -6.394914 0.000000
vt 5.994575 -10.241871 0.000000
vt 7.363459 -3.744258 0.000000
vt 0.080842 -1.093602 0.000000
vt -2.656927 -10.241871 0.000000
vt -3.715582 -11.524190 0.000000
vt -2.656927 -19.390140 0.000000
vt -7.512006 -21.954778 0.000000
vt -2.656927 -28.538409 0.000000
vt -11.308429 -32.385366 0.000000
vt -4.025811 -35.036022 0.000000
vt 3.256806 -37.686678 0.000000
vt 5.994575 -28.538409 0.000000
vt 5.994575 -19.390140 0.000000
vt 7.053230 -27.256090 0.000000
vt -19.334164 29.144984 0.000000
vt -17.965280 22.647371 0.000000
vt -12.051547 31.795640 0.000000
vt -9.313778 22.647371 0.000000
vt -8.255123 21.365052 0.000000
vt -9.313778 13.499102 0.000000
vt -4.458699 10.934464 0.000000
vt -9.313778 4.350833 0.000000
vt -0.662276 0.503876 0.000000
vt -7.944894 -2.146780 0.000000
vt -15.227511 -4.797436 0.000000
vt -17.965280 4.350833 0.000000
vt -19.023935 5.633152 0.000000
vt -17.965280 13.499102 0.000000
vt -22.820359 16.063740 0.000000
vt -26.616782 26.494328 0.000000
vt -12.650000 -15.950000 0.000000
vt -2.950000 -15.950000 0.000000
vt -3.200000 -15.700000 0.000000
vt -2.950000 -8.200000 0.000000
vt -3.200000 -8.200000 0.000000
vt -3.200000 -0.700000 0.000000
vt -2.950000 -0.450000 0.000000
vt -12.650000 -0.450000 0.000000
vt -12.733333 -0.700000 0.000000
vt -22.350000 -0.450000 0.000000
vt -22.266667 -0.700000 0.000000
vt -31.800000 -0.700000 0.000000
vt -32.050000 -0.450000 0.000000
vt -32.050000 -8.200000 0.000000
vt -32.050000 -15.950000 0.000000
vt -31.800000 -15.700000 0.000000
vt -31.800000 -8.200000 0.000000
vt -22.350000 -15.950000 0.000000
vt -22.266667 -15.700000 0.000000
vt -12.733333 -15.700000 0.000000
vt -0.100000 1.000000 0.000000
vt -9.700000 1.000000 0.000000
vt -0.100000 0.450000 0.000000
vt -9.700000 0.450000 0.000000
vt -19.300000 1.000000 0.000000
vt -19.300000 0.450000 0.000000
vt -0.100000 1.000000 0.000000
vt -5.950000 1.000000 0.000000
vt -0.100000 0.450000 0.000000
vt -5.950000 0.450000 0.000000
vt -11.800000 1.000000 0.000000
vt -11.800000 0.450000 0.000000
vt 24.000000 -0.450000 0.000000
vt 13.000000 -0.450000 0.000000
vt 24.000000 -0.700000 0.000000
vt 13.000000 -0.700000 0.000000
vt 2.000000 -0.450000 0.000000
vt 2.000000 -0.700000 0.000000
vt 2.142289 -7.201604 0.000000
vt 0.432189 -2.503141 0.000000
vt 1.907366 -7.287109 0.000000
vt 0.197266 -2.588646 0.000000
vt 24.000000 -0.450000 0.000000
vt 13.000000 -0.450000 0.000000
vt 24.000000 -0.700000 0.000000
vt 13.000000 -0.700000 0.000000
vt 2.000000 -0.450000 0.000000
vt 2.000000 -0.700000 0.000000
vt 1.277912 2.195322 0.000000
vt 1.512835 2.109817 0.000000
vt 2.988013 6.893786 0.000000
vt 3.222936 6.808281 0.000000
vt 5.865645 -16.115728 0.000000
vt 12.913340 -13.550577 0.000000
vt 4.384251 -9.504886 0.000000
vt 9.082715 -3.026020 0.000000
vt 4.384251 -0.328892 0.000000
vt 5.252089 7.498537 0.000000
vt -4.144837 8.847101 0.000000
vt 4.384251 8.847101 0.000000
vt 1.421463 18.023095 0.000000
vt -5.626231 15.457944 0.000000
vt -12.673926 12.892793 0.000000
vt -8.843300 2.368235 0.000000
vt -4.144837 -0.328892 0.000000
vt -5.012675 -8.156322 0.000000
vt -4.144837 -9.504886 0.000000
vt -1.182049 -18.680880 0.000000
vt 5.012675 -8.156322 0.000000
vt 4.144837 -9.504886 0.000000
vt 1.182049 -18.680880 0.000000
vt -4.384251 -9.504886 0.000000
vt -5.865645 -16.115728 0.000000
vt -12.913340 -13.550577 0.000000
vt -9.082715 -3.026020 0.000000
vt -4.384251 -0.328892 0.000000
vt -5.252089 7.498537 0.000000
vt 4.144837 8.847101 0.000000
vt -4.384251 8.847101 0.000000
vt -1.421463 18.023095 0.000000
vt 8.843300 2.368235 0.000000
vt 4.144837 -0.328892 0.000000
vt 12.673926 12.892793 0.000000
vt 5.626231 15.457944 0.000000
vt 0.011115 -7.781522 0.000000
vt -4.766667 -5.600000 0.000000
vt -10.988885 -7.781522 0.000000
vt -14.300000 -5.600000 0.000000
vt -10.988885 -12.781522 0.000000
vt -14.300000 -16.800000 0.000000
vt -4.766667 -16.800000 0.000000
vt 11.011115 -7.781522 0.000000
vt 4.766667 -5.600000 0.000000
vt 0.436144 -4.419283 0.000000
vt -5.513856 -4.419283 0.000000
vt -14.300000 5.600000 0.000000
vt -5.513856 5.280717 0.000000
vt -5.513856 14.980717 0.000000
vt 14.300000 -5.600000 0.000000
vt 11.011115 -12.781522 0.000000
vt 14.300000 -16.800000 0.000000
vt 4.766667 -16.800000 0.000000
vt 0.011115 -12.781522 0.000000
vt -4.766667 16.800000 0.000000
vt -14.300000 16.800000 0.000000
vt 6.386144 -4.419283 0.000000
vt 14.300000 5.600000 0.000000
vt 6.386144 5.280717 0.000000
vt 6.386144 14.980717 0.000000
vt 14.300000 16.800000 0.000000
vt 4.766667 16.800000 0.000000
vt 0.436144 14.980717 0.000000
vt -22.266667 15.000000 0.000000
vt -31.800000 15.000000 0.000000
vt -22.266667 7.500000 0.000000
vt -31.800000 7.500000 0.000000
vt -22.266667 0.000000 0.000000
vt -31.800000 0.000000 0.000000
vt -12.733333 0.000000 0.000000
vt -12.733333 7.500000 0.000000
vt -12.733333 15.000000 0.000000
vt -3.200000 7.500000 0.000000
vt -3.200000 15.000000 0.000000
vt -3.200000 0.000000 0.000000
vt 0.000000 2.500000 0.000000
vt 11.200000 2.500000 0.000000
vt 0.000000 12.033333 0.000000
vt 11.200000 12.033333 0.000000
vt 0.000000 21.566667 0.000000
vt 11.200000 21.566667 0.000000
vt 0.000000 31.100000 0.000000
vt 11.200000 31.100000 0.000000
vt 22.400000 21.566667 0.000000
vt 22.400000 31.100000 0.000000
vt 33.600000 21.566667 0.000000
vt 33.600000 31.100000 0.000000
vt 22.400000 2.500000 0.000000
vt 22.400000 12.033333 0.000000
vt 33.600000 2.500000 0.000000
vt 33.600000 12.033333 0.000000
vt 19.400000 1.000000 0.000000
vt 9.700000 1.000000 0.000000
vt 19.400000 0.700000 0.000000
vt 9.700000 0.700000 0.000000
vt 0.000000 1.000000 0.000000
vt 0.000000 0.700000 0.000000
vt 11.900000 1.000000 0.000000
vt 5.950000 1.000000 0.000000
vt 11.900000 0.700000 0.000000
vt 5.950000 0.700000 0.000000
vt -0.000000 1.000000 0.000000
vt -0.000000 0.700000 0.000000
vn -0.342020 0.939693 0.000000
vn -0.342020 0.939693 0.000000
vn -0.330366 0.907673 0.258819
vn -0.330366 0.907673 0.258819
vn -0.296198 0.813798 0.500000
vn -0.296198 0.813798 0.500000
vn -0.241845 0.664463 0.707107
vn -0.241845 0.664463 0.707107
vn -0.171010 0.469846 0.866025
vn -0.171010 0.469846 0.866025
vn -0.088521 0.243210 0.965926
vn -0.088521 0.243210 0.965926
vn -0.000000 0.000000 1.000000
vn -0.000000 0.000000 1.000000
vn -0.088521 0.243210 0.965926
vn -0.171010 0.469846 0.866025
vn -0.241845 0.664463 0.707107
vn -0.296198 0.813798 0.500000
vn -0.330366 0.907673 0.258819
vn -0.342020 0.939693 0.000000
vn -0.330366 0.907673 0.258819
vn -0.296198 0.813798 0.500000
vn -0.241845 0.664463 0.707107
vn -0.171010 0.469846 0.866025
vn -0.088521 0.243210 0.965926
vn -0.000000 0.000000 1.000000
vn -0.939693 -0.342020 0.000000
vn -0.939693 -0.342020 0.000000
vn -0.939693 -0.342020 0.000000
vn -0.939693 -0.342020 0.000000
vn -0.939693 -0.342020 0.000000
vn -0.939693 -0.342020 0.000000
vn -0.939693 -0.342020 0.000000
vn -0.939693 -0.342020 0.000000
vn -0.939693 -0.342020 0.000000
vn -0.939693 -0.342020 0.000000
vn -0.939693 -0.342020 0.000000
vn -0.939693 -0.342020 0.000000
vn -0.939693 -0.342020 0.000000
vn -0.939693 -0.342020 0.000000
vn -0.939693 -0.342020 0.000000
vn -0.939693 -0.342020 0.000000
vn -0.939693 -0.342020 0.000000
vn -0.939693 -0.342020 0.000000
vn -0.939693 -0.342020 0.000000
vn -0.939693 -0.342020 0.000000
vn -0.939693 -0.342020 0.000000
vn -0.939693 -0.342020 0.000000
vn -0.939693 -0.342020 0.000000
vn -0.939693 -0.342020 0.000000
vn -0.939693 -0.342020 0.000000
vn -0.939693 -0.342020 0.000000
vn -0.939693 -0.342020 0.000000
vn -0.939693 -0.342020 0.000000
vn -0.342020 0.939693 0.000000
vn -0.342020 0.939693 0.000000
vn -0.342020 0.939693 0.000000
vn -0.342020 0.939693 0.000000
vn -0.342020 0.939693 0.000000
vn -0.342020 0.939693 0.000000
vn -0.342020 0.939693 0.000000
vn -0.342020 0.939693 0.000000
vn -0.342020 0.939693 0.000000
vn -0.330366 0.907673 -0.258819
vn -0.330366 0.907673 -0.258819
vn -0.296198 0.813798 -0.500000
vn -0.296198 0.813798 -0.500000
vn -0.241845 0.664463 -0.707107
vn -0.241845 0.664463 -0.707107
vn -0.171010 0.469846 -0.866025
vn -0.171010 0.469846 -0.866025
vn -0.088521 0.243210 -0.965926
vn -0.088521 0.243210 -0.965926
vn -0.000000 0.000000 -1.000000
vn -0.000000 0.000000 -1.000000
vn -0.088521 0.243210 -0.965926
vn -0.171010 0.469846 -0.866025
vn -0.241845 0.664463 -0.707107
vn -0.296198 0.813798 -0.500000
vn -0.330366 0.907673 -0.258819
vn -0.330366 0.907673 -0.258819
vn -0.296198 0.813798 -0.500000
vn -0.241845 0.664463 -0.707107
vn -0.171010 0.469846 -0.866025
vn -0.088521 0.243210 -0.965926
vn -0.000000 0.000000 -1.000000
vn 0.939693 0.342020 0.000000
vn 0.939693 0.342020 0.000000
vn 0.939693 0.342020 0.000000
vn 0.939693 0.342020 0.000000
vn 0.939693 0.342020 0.000000
vn 0.939693 0.342020 0.000000
vn 0.939693 0.342020 0.000000
vn 0.939693 0.342020 0.000000
vn 0.939693 0.342020 0.000000
vn 0.939693 0.342020 0.000000
vn 0.939693 0.342020 0.000000
vn 0.939693 0.342020 0.000000
vn 0.939693 0.342020 0.000000
vn 0.939693 0.342020 0.000000
vn 0.939693 0.342020 0.000000
vn 0.939693 0.342020 0.000000
vn 0.939693 0.342020 0.000000
vn 0.939693 0.342020 0.000000
vn 0.939693 0.342020 0.000000
vn 0.939693 0.342020 0.000000
vn 0.939693 0.342020 0.000000
vn 0.939693 0.342020 0.000000
vn 0.939693 0.342020 0.000000
vn 0.939693 0.342020 0.000000
vn 0.939693 0.342020 0.000000
vn 0.939693 0.342020 0.000000
vn 0.939693 0.342020 0.000000
vn 0.939693 0.342020 0.000000
vn 0.939693 0.342020 0.000000
vn 0.939693 0.342020 0.000000
vn 0.939693 0.342020 0.000000
vn 0.939693 0.342020 0.000000
vn 0.939693 0.342020 0.000000
vn 0.939693 0.342020 0.000000
vn 0.939693 0.342020 0.000000
vn 0.939693 0.342020 0.000000
vn 0.939693 0.342020 0.000000
vn 0.939693 0.342020 0.000000
vn 0.939693 0.342020 0.000000
vn 0.939693 0.342020 0.000000
vn -0.939693 -0.342020 -0.000000
vn -0.939693 -0.342020 -0.000000
vn -0.939693 -0.342020 -0.000000
vn -0.939693 -0.342020 -0.000000
vn -0.939693 -0.342020 -0.000000
vn -0.939693 -0.342020 -0.000000
vn -0.939693 -0.342020 -0.000000
vn -0.939693 -0.342020 -0.000000
vn -0.939693 -0.342020 -0.000000
vn -0.939693 -0.342020 -0.000000
vn -0.939693 -0.342020 -0.000000
vn -0.939693 -0.342020 -0.000000
vn -0.939693 -0.342020 -0.000000
vn -0.939693 -0.342020 -0.000000
vn -0.939693 -0.342020 -0.000000
vn -0.939693 -0.342020 -0.000000
vn 0.342020 -0.939693 -0.000000
vn 0.342020 -0.939693 -0.000000
vn 0.342020 -0.939693 -0.000000
vn 0.342020 -0.939693 -0.000000
vn 0.342020 -0.939693 -0.000000
vn 0.342020 -0.939693 -0.000000
vn -0.000000 -0.000000 1.000000
vn -0.000000 -0.000000 1.000000
vn -0.000000 -0.000000 1.000000
vn -0.000000 -0.000000 1.000000
vn -0.000000 -0.000000 1.000000
vn -0.000000 -0.000000 1.000000
vn 0.000000 0.000000 1.000000
vn 0.000000 0.000000 1.000000
vn 0.000000 0.000000 1.000000
vn 0.000000 0.000000 1.000000
vn 0.000000 0.000000 1.000000
vn 0.000000 0.000000 1.000000
vn 0.342020 -0.939693 0.000000
vn 0.342020 -0.939693 0.000000
vn 0.342020 -0.939693 0.000000
vn 0.342020 -0.939693 0.000000
vn 0.342020 -0.939693 0.000000
vn 0.342020 -0.939693 0.000000
vn -0.000000 -0.000000 -1.000000
vn -0.000000 -0.000000 -1.000000
vn -0.000000 -0.000000 -1.000000
vn -0.000000 -0.000000 -1.000000
vn -0.000000 -0.000000 -1.000000
vn -0.000000 -0.000000 -1.000000
vn -0.000000 -0.000000 -1.000000
vn -0.000000 -0.000000 -1.000000
vn -0.000000 -0.000000 -1.000000
vn -0.000000 -0.000000 -1.000000
vn -0.000000 -0.000000 -1.000000
vn -0.000000 -0.000000 -1.000000
vn -0.000000 -0.000000 -1.000000
vn -0.000000 -0.000000 1.000000
vn -0.000000 -0.000000 1.000000
vn -0.000000 -0.000000 1.000000
vn -0.000000 -0.000000 1.000000
vn -0.000000 -0.000000 1.000000
vn -0.000000 -0.000000 1.000000
vn -0.000000 -0.000000 1.000000
vn -0.000000 -0.000000 1.000000
vn -0.000000 -0.000000 1.000000
vn -0.000000 -0.000000 1.000000
vn -0.000000 -0.000000 1.000000
vn -0.000000 -0.000000 1.000000
vn -0.000000 -0.000000 1.000000
vn 0.342020 -0.939693 -0.000000
vn 0.342020 -0.939693 -0.000000
vn 0.342020 -0.939693 -0.000000
vn 0.342020 -0.939693 -0.000000
vn 0.342020 -0.939693 -0.000000
vn 0.342020 -0.939693 -0.000000
vn 0.342020 -0.939693 -0.000000
vn 0.342020 -0.939693 -0.000000
vn 0.342020 -0.939693 -0.000000
vn 0.342020 -0.939693 -0.000000
vn 0.342020 -0.939693 -0.000000
vn 0.342020 -0.939693 -0.000000
vn 0.342020 -0.939693 -0.000000
vn 0.342020 -0.939693 -0.000000
vn 0.342020 -0.939693 -0.000000
vn 0.342020 -0.939693 -0.000000
vn 0.342020 -0.939693 -0.000000
vn 0.342020 -0.939693 -0.000000
vn 0.342020 -0.939693 -0.000000
vn 0.342020 -0.939693 -0.000000
vn -0.000000 -0.000000 -1.000000
vn -0.000000 -0.000000 -1.000000
vn -0.000000 -0.000000 -1.000000
vn -0.000000 -0.000000 -1.000000
vn -0.000000 -0.000000 -1.000000
vn -0.000000 -0.000000 -1.000000
vn -0.342020 0.939693 -0.000000
vn -0.342020 0.939693 -0.000000
vn -0.342020 0.939693 -0.000000
vn -0.342020 0.939693 -0.000000
vn -0.342020 0.939693 -0.000000
vn -0.342020 0.939693 -0.000000
vn -0.342020 0.939693 0.000000
vn -0.342020 0.939693 0.000000
vn -0.342020 0.939693 0.000000
vn -0.342020 0.939693 0.000000
vn -0.342020 0.939693 0.000000
vn -0.342020 0.939693 0.000000
vn 0.000000 0.000000 1.000000
vn 0.000000 0.000000 1.000000
vn 0.000000 0.000000 1.000000
vn 0.000000 0.000000 1.000000
vn 0.342020 -0.939693 0.000000
vn 0.342020 -0.939693 0.000000
vn 0.342020 -0.939693 0.000000
vn 0.342020 -0.939693 0.000000
vn 0.342020 -0.939693 0.000000
vn 0.342020 -0.939693 0.000000
vn 0.000000 0.000000 -1.000000
vn 0.000000 0.000000 -1.000000
vn 0.000000 0.000000 -1.000000
vn 0.000000 0.000000 -1.000000
vn 0.000000 0.000000 1.000000
vn 0.000000 0.000000 1.000000
vn 0.000000 0.000000 1.000000
vn 0.000000 0.000000 1.000000
vn 0.000000 0.000000 1.000000
vn 0.000000 0.000000 1.000000
vn 0.000000 0.000000 1.000000
vn 0.000000 0.000000 1.000000
vn 0.000000 0.000000 1.000000
vn 0.000000 0.000000 1.000000
vn 0.000000 0.000000 1.000000
vn 0.000000 0.000000 1.000000
vn 0.000000 0.000000 1.000000
vn 0.000000 0.000000 1.000000
vn 0.000000 0.000000 1.000000
vn 0.000000 0.000000 1.000000
vn 0.000000 0.000000 -1.000000
vn 0.000000 0.000000 -1.000000
vn 0.000000 0.000000 -1.000000
vn 0.000000 0.000000 -1.000000
vn 0.000000 0.000000 -1.000000
vn 0.000000 0.000000 -1.000000
vn 0.000000 0.000000 -1.000000
vn 0.000000 0.000000 -1.000000
vn 0.000000 0.000000 -1.000000
vn 0.000000 0.000000 -1.000000
vn 0.000000 0.000000 -1.000000
vn 0.000000 0.000000 -1.000000
vn 0.000000 0.000000 -1.000000
vn 0.000000 0.000000 -1.000000
vn 0.000000 0.000000 -1.000000
vn 0.000000 0.000000 -1.000000
vn -0.939693 -0.342020 0.000000
vn -0.939693 -0.342020 0.000000
vn -0.939693 -0.342020 0.000000
vn -0.939693 -0.342020 0.000000
vn -0.939693 -0.342020 0.000000
vn -0.939693 -0.342020 0.000000
vn -0.939693 -0.342020 0.000000
vn -0.939693 -0.342020 0.000000
vn -0.939693 -0.342020 0.000000
vn -0.939693 -0.342020 0.000000
vn -0.939693 -0.342020 0.000000
vn -0.939693 -0.342020 0.000000
vn -0.939693 -0.342020 0.000000
vn -0.939693 -0.342020 0.000000
vn -0.939693 -0.342020 0.000000
vn -0.939693 -0.342020 0.000000
vn -0.939693 -0.342020 0.000000
vn -0.939693 -0.342020 0.000000
vn -0.939693 -0.342020 0.000000
vn -0.939693 -0.342020 0.000000
vn -0.939693 -0.342020 0.000000
vn -0.939693 -0.342020 0.000000
vn -0.939693 -0.342020 0.000000
vn -0.939693 -0.342020 0.000000
vn -0.939693 -0.342020 0.000000
vn -0.939693 -0.342020 0.000000
vn -0.939693 -0.342020 0.000000
vn -0.939693 -0.342020 0.000000
vn 0.342020 -0.939693 -0.000000
vn 0.342020 -0.939693 -0.000000
vn 0.342020 -0.939693 -0.000000
vn 0.342020 -0.939693 -0.000000
vn 0.342020 -0.939693 -0.000000
vn 0.342020 -0.939693 -0.000000
vn 0.342020 -0.939693 -0.000000
vn 0.342020 -0.939693 -0.000000
vn 0.342020 -0.939693 -0.000000
vn 0.342020 -0.939693 -0.000000
vn 0.342020 -0.939693 -0.000000
vn 0.342020 -0.939693 -0.000000
vn 0.939693 0.342020 0.000000
vn 0.939693 0.342020 0.000000
vn 0.939693 0.342020 0.000000
vn 0.939693 0.342020 0.000000
vn 0.939693 0.342020 0.000000
vn 0.939693 0.342020 0.000000
vn 0.939693 0.342020 0.000000
vn 0.939693 0.342020 0.000000
vn 0.939693 0.342020 0.000000
vn 0.939693 0.342020 0.000000
vn 0.939693 0.342020 0.000000
vn 0.939693 0.342020 0.000000
vn 0.939693 0.342020 0.000000
vn 0.939693 0.342020 0.000000
vn 0.939693 0.342020 0.000000
vn 0.939693 0.342020 0.000000
vn 0.000000 0.000000 -1.000000
vn 0.000000 0.000000 -1.000000
vn 0.000000 0.000000 -1.000000
vn 0.000000 0.000000 -1.000000
vn 0.000000 0.000000 -1.000000
vn 0.000000 0.000000 -1.000000
vn -0.342020 0.939693 0.000000
vn -0.342020 0.939693 0.000000
vn -0.342020 0.939693 0.000000
vn -0.342020 0.939693 0.000000
vn -0.342020 0.939693 0.000000
vn -0.342020 0.939693 0.000000
usemtl Steel_-_Satin
f 16/1/1 1/2/2 17/3/3
f 17/3/3 1/2/2 2/4/4
f 17/3/3 2/4/4 19/5/5
f 19/5/5 2/4/4 3/6/6
f 19/5/5 3/6/6 21/7/7
f 21/7/7 3/6/6 4/8/8
f 21/7/7 4/8/8 23/9/9
f 23/9/9 4/8/8 5/10/10
f 23/9/9 5/10/10 25/11/11
f 25/11/11 5/10/10 6/12/12
f 25/11/11 6/12/12 7/13/13
f 7/13/13 8/14/14 25/11/11
f 25/11/11 8/14/14 26/15/15
f 25/11/11 26/15/15 23/9/9
f 23/9/9 26/15/15 24/16/16
f 23/9/9 24/16/16 21/7/7
f 21/7/7 24/16/16 22/17/17
f 21/7/7 22/17/17 19/5/5
f 19/5/5 22/17/17 20/18/18
f 19/5/5 20/18/18 17/3/3
f 17/3/3 20/18/18 18/19/19
f 17/3/3 18/19/19 16/1/1
f 16/1/1 18/19/19 15/20/20
f 15/20/20 18/19/19 14/21/21
f 14/21/21 18/19/19 13/22/22
f 13/22/22 18/19/19 20/18/18
f 13/22/22 20/18/18 12/23/23
f 12/23/23 20/18/18 22/17/17
f 12/23/23 22/17/17 11/24/24
f 11/24/24 22/17/17 24/16/16
f 11/24/24 24/16/16 10/25/25
f 10/25/25 24/16/16 26/15/15
f 10/25/25 26/15/15 9/26/26
f 9/26/26 26/15/15 8/14/14
f 6/27/27 5/28/28 7/29/29
f 7/29/29 5/28/28 4/30/30
f 7/29/29 4/30/30 3/31/31
f 3/31/31 2/32/32 7/29/29
f 7/29/29 2/32/32 1/33/33
f 7/29/29 1/33/33 45/34/34
f 45/34/34 1/33/33 27/35/35
f 45/34/34 27/35/35 28/36/36
f 45/34/34 28/36/36 44/37/37
f 44/37/37 28/36/36 29/38/38
f 44/37/37 29/38/38 35/39/39
f 35/39/39 29/38/38 30/40/40
f 35/39/39 30/40/40 31/41/41
f 31/41/41 32/42/42 35/39/39
f 35/39/39 32/42/42 33/43/43
f 35/39/39 33/43/43 34/44/44
f 35/39/39 36/45/45 44/37/37
f 44/37/37 36/45/45 46/46/46
f 44/37/37 46/46/46 47/47/47
f 47/47/47 46/46/46 40/48/48
f 47/47/47 40/48/48 42/49/49
f 42/49/49 40/48/48 41/50/50
f 36/45/45 37/51/51 46/46/46
f 46/46/46 37/51/51 39/52/52
f 46/46/46 39/52/52 40/48/48
f 37/51/51 38/53/53 39/52/52
f 42/49/49 43/54/54 47/47/47
f 47/47/47 43/54/54 45/34/34
f 47/47/47 45/34/34 44/37/37
f 43/54/54 7/29/29 45/34/34
f 27/55/55 1/56/2 52/57/56
f 52/57/56 1/56/2 16/58/1
f 52/57/56 16/58/1 48/59/57
f 48/59/57 16/58/1 15/60/20
f 48/59/57 49/61/58 52/57/56
f 52/57/56 49/61/58 53/62/59
f 52/57/56 53/62/59 27/55/55
f 27/55/55 53/62/59 28/63/60
f 28/63/60 53/62/59 51/64/61
f 28/63/60 51/64/61 29/65/62
f 49/61/58 50/66/63 53/62/59
f 53/62/59 50/66/63 51/64/61
f 51/67/61 50/68/63 61/69/64
f 61/69/64 50/68/63 54/70/65
f 61/69/64 54/70/65 63/71/66
f 63/71/66 54/70/65 55/72/67
f 63/71/66 55/72/67 65/73/68
f 65/73/68 55/72/67 56/74/69
f 65/73/68 56/74/69 67/75/70
f 67/75/70 56/74/69 57/76/71
f 67/75/70 57/76/71 69/77/72
f 69/77/72 57/76/71 58/78/73
f 69/77/72 58/78/73 59/79/74
f 59/79/74 60/80/75 69/77/72
f 69/77/72 60/80/75 70/81/76
f 69/77/72 70/81/76 67/75/70
f 67/75/70 70/81/76 68/82/77
f 67/75/70 68/82/77 65/73/68
f 65/73/68 68/82/77 66/83/78
f 65/73/68 66/83/78 63/71/66
f 63/71/66 66/83/78 64/84/79
f 63/71/66 64/84/79 61/69/64
f 61/69/64 64/84/79 62/85/80
f 61/69/64 62/85/80 51/67/61
f 51/67/61 62/85/80 29/86/62
f 29/86/62 62/85/80 30/87/81
f 30/87/81 62/85/80 31/88/82
f 31/88/82 62/85/80 64/84/79
f 31/88/82 64/84/79 32/89/83
f 32/89/83 64/84/79 66/83/78
f 32/89/83 66/83/78 33/90/84
f 33/90/84 66/83/78 68/82/77
f 33/90/84 68/82/77 34/91/85
f 34/91/85 68/82/77 70/81/76
f 34/91/85 70/81/76 35/92/86
f 35/92/86 70/81/76 60/80/75
f 14/93/87 9/94/88 15/95/89
f 15/95/89 9/94/88 85/96/90
f 15/95/89 85/96/90 48/97/91
f 48/97/91 85/96/90 86/98/92
f 48/97/91 86/98/92 49/99/93
f 49/99/93 86/98/92 79/100/94
f 49/99/93 79/100/94 50/101/95
f 50/101/95 79/100/94 59/102/96
f 50/101/95 59/102/96 54/103/97
f 54/103/97 59/102/96 55/104/98
f 55/104/98 59/102/96 56/105/99
f 56/105/99 59/102/96 57/106/100
f 57/106/100 59/102/96 58/107/101
f 14/93/87 13/108/102 9/94/88
f 9/94/88 13/108/102 12/109/103
f 9/94/88 12/109/103 11/110/104
f 11/110/104 10/111/105 9/94/88
f 9/94/88 71/112/106 85/96/90
f 85/96/90 71/112/106 84/113/107
f 84/113/107 71/112/106 83/114/108
f 83/114/108 71/112/106 72/115/109
f 83/114/108 72/115/109 91/116/110
f 91/116/110 72/115/109 90/117/111
f 90/117/111 72/115/109 73/118/112
f 90/117/111 73/118/112 74/119/113
f 90/117/111 74/119/113 89/120/114
f 89/120/114 74/119/113 75/121/115
f 89/120/114 75/121/115 88/122/116
f 88/122/116 75/121/115 76/123/117
f 88/122/116 76/123/117 77/124/118
f 78/125/119 81/126/120 77/124/118
f 77/124/118 81/126/120 87/127/121
f 77/124/118 87/127/121 88/122/116
f 59/102/96 79/100/94 78/125/119
f 78/125/119 79/100/94 80/128/122
f 78/125/119 80/128/122 81/126/120
f 87/127/121 81/126/120 94/129/123
f 94/129/123 81/126/120 82/130/124
f 94/129/123 82/130/124 92/131/125
f 92/131/125 82/130/124 93/132/126
f 92/131/125 93/132/126 91/116/110
f 91/116/110 93/132/126 83/114/108
f 82/130/124 83/114/108 93/132/126
f 92/131/125 87/127/121 94/129/123
f 96/133/127 110/134/128 95/135/129
f 95/135/129 110/134/128 103/136/130
f 95/135/129 103/136/130 104/137/131
f 96/133/127 97/138/132 110/134/128
f 110/134/128 97/138/132 109/139/133
f 109/139/133 97/138/132 108/140/134
f 108/140/134 97/138/132 98/141/135
f 108/140/134 98/141/135 99/142/136
f 100/143/137 106/144/138 99/142/136
f 99/142/136 106/144/138 107/145/139
f 99/142/136 107/145/139 108/140/134
f 100/143/137 101/146/140 106/144/138
f 106/144/138 101/146/140 105/147/141
f 105/147/141 101/146/140 104/137/131
f 104/137/131 101/146/140 102/148/142
f 104/137/131 102/148/142 95/135/129
f 99/149/143 98/150/144 85/151/145
f 85/151/145 98/150/144 86/152/146
f 86/152/146 98/150/144 97/153/147
f 86/152/146 97/153/147 79/154/148
f 97/155/149 96/156/150 79/157/151
f 79/157/151 96/156/150 80/158/152
f 80/158/152 96/156/150 95/159/153
f 80/158/152 95/159/153 81/160/154
f 107/161/155 106/162/156 113/163/157
f 113/163/157 106/162/156 112/164/158
f 112/164/158 106/162/156 105/165/159
f 112/164/158 105/165/159 111/166/160
f 105/167/161 104/168/162 111/169/163
f 111/169/163 104/168/162 115/170/164
f 115/170/164 104/168/162 103/171/165
f 115/170/164 103/171/165 114/172/166
f 36/173/167 35/174/86 119/175/168
f 119/175/168 35/174/86 60/176/75
f 119/175/168 60/176/75 59/177/74
f 119/175/168 59/177/74 118/178/169
f 118/178/169 59/177/74 78/179/170
f 118/178/169 78/179/170 120/180/171
f 120/180/171 78/179/170 77/181/172
f 120/180/171 77/181/172 117/182/173
f 117/182/173 77/181/172 76/183/174
f 117/182/173 76/183/174 116/184/175
f 116/184/175 38/185/176 117/182/173
f 117/182/173 38/185/176 122/186/177
f 117/182/173 122/186/177 120/180/171
f 120/180/171 122/186/177 121/187/178
f 120/180/171 121/187/178 118/178/169
f 118/178/169 121/187/178 119/175/168
f 38/185/176 37/188/179 122/186/177
f 122/186/177 37/188/179 121/187/178
f 37/188/179 36/173/167 121/187/178
f 121/187/178 36/173/167 119/175/168
f 8/189/14 124/190/180 9/191/26
f 9/191/26 124/190/180 125/192/181
f 9/191/26 125/192/181 71/193/182
f 71/193/182 125/192/181 127/194/183
f 71/193/182 127/194/183 72/195/184
f 72/195/184 127/194/183 129/196/185
f 72/195/184 129/196/185 73/197/186
f 73/197/186 129/196/185 123/198/187
f 123/198/187 129/196/185 41/199/188
f 41/199/188 129/196/185 128/200/189
f 41/199/188 128/200/189 42/201/190
f 42/201/190 128/200/189 126/202/191
f 42/201/190 126/202/191 43/203/192
f 43/203/192 126/202/191 124/190/180
f 43/203/192 124/190/180 7/204/13
f 7/204/13 124/190/180 8/189/14
f 127/194/183 125/192/181 124/190/180
f 129/196/185 127/194/183 126/202/191
f 126/202/191 127/194/183 124/190/180
f 128/200/189 129/196/185 126/202/191
f 39/205/193 38/206/194 132/207/195
f 132/207/195 38/206/194 116/208/196
f 132/207/195 116/208/196 131/209/197
f 131/209/197 116/208/196 130/210/198
f 130/210/198 116/208/196 76/211/199
f 130/210/198 76/211/199 75/212/200
f 130/210/198 75/212/200 139/213/201
f 139/213/201 75/212/200 74/214/202
f 139/213/201 74/214/202 138/215/203
f 138/215/203 74/214/202 137/216/204
f 137/216/204 74/214/202 73/217/205
f 137/216/204 73/217/205 123/218/206
f 41/219/207 135/220/208 123/218/206
f 123/218/206 135/220/208 136/221/209
f 123/218/206 136/221/209 137/216/204
f 41/219/207 40/222/210 135/220/208
f 135/220/208 40/222/210 134/223/211
f 134/223/211 40/222/210 39/205/193
f 134/223/211 39/205/193 133/224/212
f 133/224/212 39/205/193 132/207/195
f 101/225/213 100/226/214 83/227/215
f 83/227/215 100/226/214 84/228/216
f 84/228/216 100/226/214 99/229/217
f 84/228/216 99/229/217 85/230/218
f 95/231/219 102/232/220 81/233/221
f 81/233/221 102/232/220 82/234/222
f 82/234/222 102/232/220 101/235/223
f 82/234/222 101/235/223 83/236/224
f 90/237/225 89/238/226 142/239/227
f 142/239/227 89/238/226 141/240/228
f 141/240/228 89/238/226 88/241/229
f 141/240/228 88/241/229 140/242/230
f 88/243/231 87/244/232 140/245/233
f 140/245/233 87/244/232 143/246/234
f 87/247/235 92/248/236 143/249/237
f 143/249/237 92/248/236 145/250/238
f 145/250/238 92/248/236 91/251/239
f 145/250/238 91/251/239 144/252/240
f 90/253/241 142/254/242 91/255/243
f 91/255/243 142/254/242 144/256/244
f 131/257/245 130/258/246 153/259/247
f 153/259/247 130/258/246 146/260/248
f 153/259/247 146/260/248 155/261/249
f 155/261/249 146/260/248 147/262/250
f 155/261/249 147/262/250 158/263/251
f 158/263/251 147/262/250 157/264/252
f 158/263/251 157/264/252 148/265/253
f 148/265/253 157/264/252 147/262/250
f 148/265/253 149/266/254 158/263/251
f 158/263/251 149/266/254 150/267/255
f 158/263/251 150/267/255 151/268/256
f 158/263/251 151/268/256 156/269/257
f 156/269/257 151/268/256 152/270/258
f 156/269/257 152/270/258 153/259/247
f 153/259/247 152/270/258 154/271/259
f 153/259/247 154/271/259 132/272/260
f 132/272/260 154/271/259 152/270/258
f 132/272/260 131/257/245 153/259/247
f 158/263/251 156/269/257 155/261/249
f 155/261/249 156/269/257 153/259/247
f 159/273/261 167/274/262 135/275/263
f 135/275/263 167/274/262 166/276/264
f 135/275/263 166/276/264 136/277/265
f 136/277/265 166/276/264 137/278/266
f 137/278/266 166/276/264 165/279/267
f 165/279/267 166/276/264 169/280/268
f 165/279/267 169/280/268 164/281/269
f 164/281/269 169/280/268 170/282/270
f 164/281/269 170/282/270 171/283/271
f 171/283/271 170/282/270 163/284/272
f 171/283/271 163/284/272 164/281/269
f 160/285/273 168/286/274 159/273/261
f 159/273/261 168/286/274 166/276/264
f 159/273/261 166/276/264 167/274/262
f 168/286/274 160/285/273 170/282/270
f 170/282/270 160/285/273 161/287/275
f 170/282/270 161/287/275 162/288/276
f 162/288/276 163/284/272 170/282/270
f 170/282/270 169/280/268 168/286/274
f 168/286/274 169/280/268 166/276/264
f 145/289/277 178/290/278 143/291/279
f 143/291/279 178/290/278 146/292/280
f 143/291/279 146/292/280 140/293/281
f 140/293/281 146/292/280 130/294/282
f 140/293/281 130/294/282 139/295/283
f 144/296/284 177/297/285 145/289/277
f 145/289/277 177/297/285 115/298/286
f 145/289/277 115/298/286 178/290/278
f 178/290/278 115/298/286 114/299/287
f 178/290/278 114/299/287 146/292/280
f 146/292/280 114/299/287 147/300/288
f 147/300/288 114/299/287 174/301/289
f 147/300/288 174/301/289 175/302/290
f 177/297/285 144/296/284 165/303/291
f 165/303/291 144/296/284 142/304/292
f 165/303/291 142/304/292 137/305/293
f 137/305/293 142/304/292 138/306/294
f 138/306/294 142/304/292 141/307/295
f 138/306/294 141/307/295 139/295/283
f 139/295/283 141/307/295 140/293/281
f 173/308/296 148/309/297 175/302/290
f 175/302/290 148/309/297 147/300/288
f 177/297/285 165/303/291 111/310/298
f 111/310/298 165/303/291 164/311/299
f 111/310/298 164/311/299 112/312/300
f 112/312/300 164/311/299 113/313/301
f 113/313/301 164/311/299 163/314/302
f 113/313/301 163/314/302 172/315/303
f 113/313/301 172/315/303 176/316/304
f 176/316/304 172/315/303 173/308/296
f 176/316/304 173/308/296 175/302/290
f 111/310/298 115/298/286 177/297/285
f 180/317/305 150/318/306 181/319/307
f 181/319/307 150/318/306 149/320/308
f 181/319/307 149/320/308 173/321/309
f 173/321/309 149/320/308 148/322/310
f 173/321/309 172/323/311 181/319/307
f 181/319/307 172/323/311 182/324/312
f 181/319/307 182/324/312 180/317/305
f 180/317/305 182/324/312 179/325/313
f 179/325/313 182/324/312 162/326/314
f 179/325/313 162/326/314 161/327/315
f 172/323/311 163/328/316 182/324/312
f 182/324/312 163/328/316 162/326/314
f 132/329/317 152/330/318 133/331/319
f 133/331/319 152/330/318 184/332/320
f 133/331/319 184/332/320 134/333/321
f 134/333/321 184/332/320 186/334/322
f 134/333/321 186/334/322 135/335/323
f 135/335/323 186/334/322 159/336/324
f 159/336/324 186/334/322 185/337/325
f 159/336/324 185/337/325 160/338/326
f 160/338/326 185/337/325 179/339/327
f 160/338/326 179/339/327 161/340/328
f 152/330/318 151/341/329 184/332/320
f 184/332/320 151/341/329 183/342/330
f 184/332/320 183/342/330 186/334/322
f 186/334/322 183/342/330 185/337/325
f 151/341/329 150/343/331 183/342/330
f 183/342/330 150/343/331 180/344/332
f 183/342/330 180/344/332 185/337/325
f 185/337/325 180/344/332 179/339/327
f 103/345/333 110/346/334 114/347/335
f 114/347/335 110/346/334 174/348/336
f 174/348/336 110/346/334 109/349/337
f 174/348/336 109/349/337 175/350/338
f 109/351/339 108/352/340 175/353/341
f 175/353/341 108/352/340 176/354/342
f 176/354/342 108/352/340 107/355/343
f 176/354/342 107/355/343 113/356/344
g Body1:1

v 18.360719 5.690228 12.851874
v 8.046415 5.690228 12.851874
v -2.267890 5.690228 12.851874
v -12.582194 5.690228 12.851874
v -22.896498 5.690228 12.851874
v -22.896498 16.140228 12.851874
v -12.582194 16.140228 12.851874
v -2.267890 16.140228 12.851874
v 8.046415 16.140228 12.851874
v 18.360719 16.140228 12.851874
v 18.360719 16.140228 4.326874
v 18.360719 16.140228 -4.198126
v 18.360719 16.140228 -12.723126
v 18.360719 16.140228 -21.248126
v 18.360719 5.690228 -21.248126
v 18.360719 5.690228 -12.723126
v 18.360719 5.690228 -4.198126
v 18.360719 5.690228 4.326874
v 1.955572 16.140228 -8.971359
v 0.916540 16.140228 -8.890497
v -0.070407 16.140228 -8.574719
v -0.946064 16.140228 -8.042970
v -1.657901 16.140228 -7.327150
v -2.163213 16.140228 -6.470199
v -2.431689 16.140228 -5.523526
v -2.447221 16.140228 -4.543922
v -2.208879 16.140228 -3.590153
v -1.730959 16.140228 -2.719436
v -1.042133 16.140228 -1.984005
v -0.183724 16.140228 -1.427977
v 0.792774 16.140228 -1.084710
v 1.828780 16.140228 -0.974795
v 2.867811 16.140228 -1.055657
v 3.854759 16.140228 -1.371435
v 4.730416 16.140228 -1.903184
v 5.442252 16.140228 -2.619004
v 5.947565 16.140228 -3.475955
v 6.216041 16.140228 -4.422628
v 6.231573 16.140228 -5.402232
v 5.993230 16.140228 -6.356001
v 5.515311 16.140228 -7.226718
v 4.826485 16.140228 -7.962149
v 3.968076 16.140228 -8.518177
v 2.991578 16.140228 -8.861444
v -22.896498 16.140228 4.326874
v -22.896498 16.140228 -4.198126
v -22.896498 16.140228 -12.723126
v -22.896498 16.140228 -21.248126
v -12.582194 16.140228 -21.248126
v -2.267890 16.140228 -21.248126
v 8.046415 16.140228 -21.248126
v 8.046415 16.140228 -9.881459
v -2.267890 16.140228 -9.881459
v 6.744582 16.140228 -9.881459
v -12.582194 16.140228 1.485207
v -12.582194 16.140228 -9.881459
v -2.227094 16.140228 1.485207
v 8.046415 16.140228 1.485207
v -22.896498 5.690228 4.326874
v -22.896498 5.690228 -4.198126
v -22.896498 5.690228 -12.723126
v -22.896498 5.690228 -21.248126
v -12.582194 5.690228 -21.248126
v -2.267890 5.690228 -21.248126
v 8.046415 5.690228 -21.248126
v 18.610719 5.690228 -21.948126
v 8.171415 5.690228 -21.948126
v -2.267890 5.690228 -21.948126
v -12.707194 5.690228 -21.948126
v -23.146498 5.690228 -21.948126
v -23.146498 16.225393 -21.948126
v -22.975061 16.315804 -21.948126
v -22.789403 16.371446 -21.948126
v -22.596498 16.390228 -21.948126
v -12.432194 16.390228 -21.948126
v -2.267890 16.390228 -21.948126
v 7.896415 16.390228 -21.948126
v 18.060719 16.390228 -21.948126
v 18.253624 16.371446 -21.948126
v 18.439282 16.315804 -21.948126
v 18.610719 16.225393 -21.948126
v -23.146498 16.225393 -13.073126
v -23.146498 16.225393 -4.198126
v -23.146498 16.225393 4.676874
v -23.146498 16.225393 13.551874
v -22.975061 16.315804 13.551874
v -22.789403 16.371446 13.551874
v -22.596498 16.390228 13.551874
v -22.596498 16.390228 4.676874
v -22.596498 16.390228 -4.198126
v -22.596498 16.390228 -13.073126
v -22.789403 16.371446 -18.003681
v -22.789403 16.371446 -14.059237
v -22.789403 16.371446 -10.114793
v -22.789403 16.371446 -6.170348
v -22.789403 16.371446 -2.225904
v -22.789403 16.371446 1.718541
v -22.789403 16.371446 5.662985
v -22.789403 16.371446 9.607430
v -22.975061 16.315804 -18.003681
v -22.975061 16.315804 -14.059237
v -22.975061 16.315804 -10.114793
v -22.975061 16.315804 -6.170348
v -22.975061 16.315804 -2.225904
v -22.975061 16.315804 1.718541
v -22.975061 16.315804 5.662985
v -22.975061 16.315804 9.607430
v -23.146498 5.690228 -13.073126
v -23.146498 5.690228 -4.198126
v -23.146498 5.690228 4.676874
v -23.146498 5.690228 13.551874
v 18.610719 5.690228 13.551874
v 8.171415 5.690228 13.551874
v -2.267890 5.690228 13.551874
v -12.707194 5.690228 13.551874
v 18.610719 5.690228 -13.073126
v 18.610719 5.690228 -4.198126
v 18.610719 5.690228 4.676874
v 18.610719 16.225393 13.551874
v 18.439282 16.315804 13.551874
v 18.253624 16.371446 13.551874
v 18.060719 16.390228 13.551874
v 7.896415 16.390228 13.551874
v -2.267890 16.390228 13.551874
v -12.432194 16.390228 13.551874
v 18.060719 16.390228 4.676874
v 18.060719 16.390228 -4.198126
v 18.060719 16.390228 -13.073126
v 5.950465 16.390228 -4.974581
v 5.805421 16.390228 -3.939305
v 5.380174 16.390228 -2.974581
v 4.703703 16.390228 -2.146154
v 3.822110 16.390228 -1.510479
v 2.795472 16.390228 -1.110878
v 1.693754 16.390228 -0.974581
v 0.592036 16.390228 -1.110878
v -0.434601 16.390228 -1.510479
v -1.316195 16.390228 -2.146154
v -1.992666 16.390228 -2.974581
v -2.417913 16.390228 -3.939305
v -2.562957 16.390228 -4.974581
v -2.417913 16.390228 -6.009857
v -1.992666 16.390228 -6.974581
v -1.316195 16.390228 -7.803008
v -0.434601 16.390228 -8.438683
v 0.592036 16.390228 -8.838284
v 1.693754 16.390228 -8.974581
v 2.795472 16.390228 -8.838284
v 3.822110 16.390228 -8.438683
v 4.703703 16.390228 -7.803008
v 5.380174 16.390228 -6.974581
v 5.805421 16.390228 -6.009857
v -12.432194 16.390228 -13.073126
v -2.267890 16.390228 -13.073126
v 7.896415 16.390228 -13.073126
v -12.432194 16.390228 -4.198126
v 7.896415 16.390228 -4.198126
v -12.432194 16.390228 4.676874
v -2.267890 16.390228 4.676874
v 7.896415 16.390228 4.676874
v 7.896415 16.390228 1.167176
v 18.610719 16.225393 4.676874
v 18.610719 16.225393 -4.198126
v 18.610719 16.225393 -13.073126
v 18.439282 16.315804 -18.003681
v 18.439282 16.315804 -14.059237
v 18.439282 16.315804 -10.114793
v 18.439282 16.315804 -6.170348
v 18.439282 16.315804 -2.225904
v 18.439282 16.315804 1.718541
v 18.439282 16.315804 5.662985
v 18.439282 16.315804 9.607430
v 18.253624 16.371446 -18.003681
v 18.253624 16.371446 -14.059237
v 18.253624 16.371446 -10.114793
v 18.253624 16.371446 -6.170348
v 18.253624 16.371446 -2.225904
v 18.253624 16.371446 1.718541
v 18.253624 16.371446 5.662985
v 18.253624 16.371446 9.607430
v -9.258988 24.694424 8.328427
v -9.270642 24.726443 8.587246
v -9.304810 24.820319 8.828427
v -9.359163 24.969654 9.035534
v -9.429998 25.164271 9.194453
v -9.512487 25.390906 9.294353
v -9.601008 25.634117 9.328427
v -2.553313 28.199268 9.328427
v 4.494381 30.764419 9.328427
v 4.582903 30.521209 9.294353
v 4.665392 30.294573 9.194453
v 4.736226 30.099956 9.035534
v 4.790580 29.950621 8.828427
v 4.824748 29.856746 8.587246
v 4.836402 29.824726 8.328427
v -2.211293 27.259575 8.328427
v -4.572179 26.436544 8.587246
v 0.126284 28.146645 8.587246
v -4.606347 26.530420 8.828427
v 0.092117 28.240521 8.828427
v -4.660700 26.679755 9.035534
v 0.037763 28.389855 9.035534
v -4.731535 26.874371 9.194453
v -0.033072 28.584472 9.194453
v -4.814023 27.101007 9.294353
v -0.115560 28.811108 9.294353
v -9.258988 24.694424 -0.871573
v -9.258988 24.694424 -10.071573
v -9.258988 24.694424 -19.271573
v -10.883583 29.157964 -19.271573
v -10.883583 29.157964 -9.738240
v -10.883583 29.157964 -0.204906
v -10.883583 29.157964 9.328427
v 4.836402 29.824726 -0.871573
v 4.836402 29.824726 -10.071573
v 4.836402 29.824726 -19.271573
v -2.211293 27.259575 -19.271573
v -2.256390 27.243161 -8.724581
v -1.344352 27.575116 -8.596803
v -0.494467 27.884449 -8.222176
v 0.235346 28.150079 -7.626232
v 0.795351 28.353904 -6.849581
v 1.147385 28.482034 -5.945153
v 1.267457 28.525737 -4.974581
v 1.147385 28.482034 -4.004010
v 0.795351 28.353904 -3.099581
v 0.235346 28.150079 -2.322931
v -0.494467 27.884449 -1.726986
v -1.344352 27.575116 -1.352359
v -2.256390 27.243161 -1.224581
v -3.168429 26.911206 -1.352359
v -4.018314 26.601873 -1.726986
v -4.748127 26.336243 -2.322931
v -5.308132 26.132418 -3.099581
v -5.660166 26.004288 -4.004010
v -5.780238 25.960586 -4.974581
v -5.660166 26.004288 -5.945153
v -5.308132 26.132418 -6.849581
v -4.748127 26.336243 -7.626232
v -4.018314 26.601873 -8.222176
v -3.168429 26.911206 -8.596803
v -2.254724 27.243768 -0.871573
v -6.853178 25.570067 -0.871573
v -2.250631 27.245257 -10.071573
v 5.100453 29.830203 -19.521573
v 3.446729 34.373771 -19.521573
v 3.446729 34.373771 -9.821573
v 3.446729 34.373771 -0.121573
v 3.446729 34.373771 9.578427
v 5.100453 29.830203 9.578427
v 5.131375 29.745244 9.406990
v 5.150406 29.692958 9.221332
v 5.156830 29.675308 9.028427
v 5.156830 29.675308 -0.304906
v 5.156830 29.675308 -9.638240
v 5.156830 29.675308 -18.971573
v 5.150406 29.692958 -19.164477
v 5.131375 29.745244 -19.350135
v -11.118507 29.072459 -19.521573
v -9.464783 24.528891 -19.521573
v -9.433860 24.443932 -19.350135
v -9.414830 24.391646 -19.164477
v -9.408406 24.373996 -18.971573
v -9.408406 24.373996 -9.638240
v -9.408406 24.373996 -0.304906
v -9.408406 24.373996 9.028427
v -9.414830 24.391646 9.221332
v -9.433860 24.443932 9.406990
v -9.464783 24.528891 9.578427
v -11.118507 29.072459 9.578427
v -11.118507 29.072459 -0.121573
v -11.118507 29.072459 -9.821573
v -5.922293 25.642837 -5.224819
v -5.733607 25.711513 -6.249540
v -5.302127 25.868559 -7.187376
v -4.657258 26.103273 -7.974413
v -3.842947 26.399658 -8.557016
v -2.914687 26.737516 -8.895483
v -1.935739 27.093824 -8.966746
v -0.972815 27.444300 -8.765950
v -0.091539 27.765058 -8.306779
v 0.648034 28.034241 -7.620523
v 1.195502 28.233503 -6.753951
v 1.513557 28.349265 -5.766118
v 1.580523 28.373639 -4.724343
v 1.391836 28.304963 -3.699622
v 0.960356 28.147917 -2.761786
v 0.315487 27.913204 -1.974749
v -0.498824 27.616819 -1.392146
v -1.427084 27.278960 -1.053680
v -2.406032 26.922652 -0.982416
v -3.368955 26.572176 -1.183212
v -4.250232 26.251418 -1.642384
v -4.989805 25.982235 -2.328639
v -5.537273 25.782973 -3.195211
v -5.855328 25.667211 -4.183044
v 0.010405 21.015193 -8.974581
v 3.769175 22.383273 -4.974581
v 3.641098 22.336657 -6.009857
v 3.265595 22.199985 -6.974581
v 2.668257 21.982572 -7.803008
v 1.889790 21.699233 -8.438683
v 0.983246 21.369278 -8.838284
v -0.962437 20.661107 -8.838284
v -1.868981 20.331152 -8.438683
v -2.647447 20.047814 -7.803008
v -3.244786 19.830400 -6.974581
v -3.620289 19.693728 -6.009857
v -3.748366 19.647112 -4.974581
v -3.620289 19.693728 -3.939305
v -3.244786 19.830400 -2.974581
v -2.647447 20.047814 -2.146154
v -1.868981 20.331152 -1.510479
v -0.962437 20.661107 -1.110878
v 0.010405 21.015193 -0.974581
v 0.983246 21.369278 -1.110878
v 1.889790 21.699233 -1.510479
v 2.668257 21.982572 -2.146154
v 3.265595 22.199985 -2.974581
v 3.641098 22.336657 -3.939305
v 2.873912 13.147772 -8.974581
v 1.901070 12.793687 -8.838284
v 0.994527 12.463732 -8.438683
v 0.216060 12.180393 -7.803008
v -0.381279 11.962979 -6.974581
v -0.756782 11.826308 -6.009857
v -0.884859 11.779691 -4.974581
v -0.756782 11.826308 -3.939305
v -0.381279 11.962979 -2.974581
v 0.216060 12.180393 -2.146154
v 0.994527 12.463732 -1.510479
v 1.901070 12.793687 -1.110878
v 2.873912 13.147772 -0.974581
v 3.846753 13.501857 -1.110878
v 4.753297 13.831812 -1.510479
v 5.531764 14.115151 -2.146154
v 6.129102 14.332564 -2.974581
v 6.504605 14.469236 -3.939305
v 6.632682 14.515852 -4.974581
v 6.504605 14.469236 -6.009857
v 6.129102 14.332564 -6.974581
v 5.531764 14.115151 -7.803008
v 4.753297 13.831812 -8.438683
v 3.846753 13.501857 -8.838284
v 3.364530 13.326342 -8.940361
v 2.050168 15.885089 -8.971319
v 2.085816 15.824617 -8.970765
v 2.129154 15.770389 -8.969720
v 2.181158 15.725106 -8.967933
v 2.240362 15.690228 -8.965170
v 2.977694 13.664425 -8.965170
v 3.935903 14.013185 -8.759516
v 4.811880 14.332015 -8.297885
v 5.546382 14.599352 -7.611496
v 6.089734 14.797115 -6.746770
v 6.405188 14.911931 -5.762190
v 6.471411 14.936034 -4.724343
v 6.283923 14.867794 -3.703421
v 5.855404 14.711826 -2.768467
v 5.214836 14.478679 -1.982715
v 4.405540 14.184119 -1.399305
v 3.482250 13.848069 -1.057694
v 2.507409 13.493256 -0.980984
v 1.707777 15.690228 -0.980984
v 1.756298 15.727101 -0.978112
v 1.775859 15.749512 -0.977102
v 1.792171 15.774510 -0.976325
v 1.815278 15.830831 -0.975325
v 1.828047 15.892280 -0.974820
v 2.873912 13.147772 -8.724581
v 3.785951 13.479727 -8.596803
v 4.635835 13.789060 -8.222176
v 5.365648 14.054690 -7.626232
v 5.925653 14.258515 -6.849581
v 6.277687 14.386645 -5.945153
v 6.397759 14.430347 -4.974581
v 6.277687 14.386645 -4.004010
v 5.925653 14.258515 -3.099581
v 5.365648 14.054690 -2.322931
v 4.635835 13.789060 -1.726986
v 3.785951 13.479727 -1.352359
v 2.873912 13.147772 -1.224581
v 1.961873 12.815817 -1.352359
v 1.111988 12.506484 -1.726986
v 0.382175 12.240854 -2.322931
v -0.177830 12.037029 -3.099581
v -0.529863 11.908899 -4.004010
v -0.649936 11.865196 -4.974581
v -0.529863 11.908899 -5.945153
v -0.177830 12.037029 -6.849581
v 0.382175 12.240854 -7.626232
v 1.111988 12.506484 -8.222176
v 1.961873 12.815817 -8.596803
v 0.308761 20.195467 -8.724581
v 1.220799 20.527422 -8.596803
v 2.070684 20.836754 -8.222176
v 2.800497 21.102384 -7.626232
v 3.360502 21.306210 -6.849581
v 3.712536 21.434339 -5.945153
v 3.832608 21.478042 -4.974581
v 3.712536 21.434339 -4.004010
v 3.360502 21.306210 -3.099581
v 2.800497 21.102384 -2.322931
v 2.070684 20.836754 -1.726986
v 1.220799 20.527422 -1.352359
v 0.308761 20.195467 -1.224581
v -0.603278 19.863512 -1.352359
v -1.453163 19.554179 -1.726986
v -2.182976 19.288549 -2.322931
v -2.742981 19.084724 -3.099581
v -3.095014 18.956594 -4.004010
v -3.215087 18.912891 -4.974581
v -3.095014 18.956594 -5.945153
v -2.742981 19.084724 -6.849581
v -2.182976 19.288549 -7.626232
v -1.453163 19.554179 -8.222176
v -0.603278 19.863512 -8.596803
v -2.125788 27.024652 9.028427
v -2.125788 27.024652 -18.971573
v -2.125788 27.024652 -0.304906
v -2.125788 27.024652 -9.638240
v 2.729765 28.791929 -0.304906
v 3.211806 34.288266 -19.271573
v -3.835889 31.723115 -19.271573
v 3.211806 34.288266 9.328427
v 3.211806 34.288266 -0.204906
v 3.211806 34.288266 -9.738240
v -3.835889 31.723115 9.328427
v -3.835889 31.723115 9.578427
v -3.835889 31.723115 -19.521573
v -2.182165 27.179547 -19.521573
v -2.182165 27.179547 9.578427
v 1.490066 28.419916 -19.350135
v -2.151243 27.094588 -19.350135
v -5.792552 25.769260 -19.350135
v 1.509097 28.367630 -19.164477
v -2.132212 27.042302 -19.164477
v -5.773521 25.716974 -19.164477
v -5.792552 25.769260 9.406990
v -2.151243 27.094588 9.406990
v 1.490066 28.419916 9.406990
v -5.773521 25.716974 9.221332
v -2.132212 27.042302 9.221332
v 1.509097 28.367630 9.221332
v 3.313033 15.690228 -8.776399
v 4.299374 15.690228 -8.337542
v 5.134554 15.690228 -7.677444
v 5.763678 15.690228 -6.839493
v 6.145394 15.690228 -5.878765
v 6.254612 15.690228 -4.858409
v 6.084154 15.690228 -3.845491
v 5.645224 15.690228 -2.906589
v 4.966672 15.690228 -2.103415
v 4.093098 15.690228 -1.488762
v 3.081921 15.690228 -1.103030
v 1.999605 15.690228 -0.971573
v 1.902261 15.690228 -0.972619
v 1.804968 15.690228 -0.975757
v 3.415737 13.823860 -1.031955
v 4.285964 14.140597 -1.313629
v 5.067129 14.424918 -1.809511
v 5.713488 14.660173 -2.490563
v 6.187190 14.832586 -3.316902
v 6.460495 14.932061 -4.240139
v 6.517398 14.952773 -5.206208
v 6.354568 14.893507 -6.158537
v 5.981539 14.757736 -7.041358
v 5.420156 14.553409 -7.802973
v 4.703293 14.292492 -8.398781
v 3.872931 13.990265 -8.793892
vt -20.628609 -5.225000 0.000000
vt -10.314304 -5.225000 0.000000
vt -20.628609 5.225000 0.000000
vt -10.314304 5.225000 0.000000
vt 0.000000 -5.225000 0.000000
vt 0.000000 5.225000 0.000000
vt 10.314304 -5.225000 0.000000
vt 10.314304 5.225000 0.000000
vt 20.628609 -5.225000 0.000000
vt 20.628609 5.225000 0.000000
vt 17.050000 5.100000 0.000000
vt 8.525000 5.100000 0.000000
vt 17.050000 -5.350000 0.000000
vt 8.525000 -5.350000 0.000000
vt 0.000000 5.100000 0.000000
vt 0.000000 -5.350000 0.000000
vt -8.525000 5.100000 0.000000
vt -8.525000 -5.350000 0.000000
vt -17.050000 5.100000 0.000000
vt -17.050000 -5.350000 0.000000
vt -0.392371 -2.013039 0.000000
vt -12.750000 1.171391 0.000000
vt -0.473233 -3.052070 0.000000
vt -12.750000 -9.142913 0.000000
vt -0.363318 -4.088076 0.000000
vt -1.383333 -7.841081 0.000000
vt -0.020051 -5.064574 0.000000
vt 0.535977 -5.922984 0.000000
vt 1.271408 -6.611809 0.000000
vt -1.383333 -9.142913 0.000000
vt 2.142125 -7.089729 0.000000
vt 3.095894 -7.328071 0.000000
vt 4.300000 -19.457218 0.000000
vt 4.075498 -7.312539 0.000000
vt 9.983333 -9.142913 0.000000
vt 5.022171 -7.044064 0.000000
vt 5.879122 -6.538751 0.000000
vt 6.594942 -5.826914 0.000000
vt 7.126691 -4.951257 0.000000
vt 7.442468 -3.964310 0.000000
vt 21.350000 -9.142913 0.000000
vt 9.983333 1.130596 0.000000
vt 21.350000 1.171391 0.000000
vt 9.983333 11.485696 0.000000
vt 21.350000 11.485696 0.000000
vt 12.825000 21.800000 0.000000
vt 21.350000 21.800000 0.000000
vt -1.383333 1.171391 0.000000
vt -0.076593 -1.026091 0.000000
vt 0.455156 -0.150434 0.000000
vt 1.170976 0.561402 0.000000
vt 2.027927 1.066715 0.000000
vt -1.383333 11.485696 0.000000
vt 2.974600 1.335190 0.000000
vt 3.954204 1.350723 0.000000
vt 4.907973 1.112380 0.000000
vt 5.778690 0.634461 0.000000
vt 6.514121 -0.054365 0.000000
vt 7.070149 -0.912775 0.000000
vt 7.413416 -1.889273 0.000000
vt 7.523331 -2.925279 0.000000
vt 21.350000 -19.457218 0.000000
vt 12.825000 -19.457218 0.000000
vt 4.300000 21.800000 0.000000
vt -4.225000 21.800000 0.000000
vt -12.750000 11.485696 0.000000
vt -12.750000 21.800000 0.000000
vt -12.750000 -19.457218 0.000000
vt -4.225000 -19.457218 0.000000
vt -6.150000 10.000000 0.000000
vt -14.675000 10.000000 0.000000
vt -6.150000 -0.450000 0.000000
vt -14.675000 -0.450000 0.000000
vt -23.200000 10.000000 0.000000
vt -23.200000 -0.450000 0.000000
vt -31.725000 10.000000 0.000000
vt -31.725000 -0.450000 0.000000
vt -40.250000 10.000000 0.000000
vt -40.250000 -0.450000 0.000000
vt -20.628609 -5.225000 0.000000
vt -10.314304 -5.225000 0.000000
vt -20.628609 5.225000 0.000000
vt -10.314304 5.225000 0.000000
vt -0.000000 -5.225000 0.000000
vt -0.000000 5.225000 0.000000
vt 10.314304 -5.225000 0.000000
vt 10.314304 5.225000 0.000000
vt 20.628609 -5.225000 0.000000
vt 20.628609 5.225000 0.000000
vt 42.207218 0.164835 0.000000
vt 42.207218 10.700000 0.000000
vt 41.657218 -0.000000 0.000000
vt 31.767913 10.700000 0.000000
vt 31.492913 -0.000000 0.000000
vt 21.328609 10.700000 0.000000
vt 21.328609 -0.000000 0.000000
vt 11.164304 -0.000000 0.000000
vt 10.889304 10.700000 0.000000
vt 1.000000 -0.000000 0.000000
vt 0.450000 10.700000 0.000000
vt 0.450000 0.164835 0.000000
vt 0.621437 0.074424 0.000000
vt 0.807095 0.018782 0.000000
vt 41.850122 0.018782 0.000000
vt 42.035780 0.074424 0.000000
vt 18.325000 -0.785398 0.000000
vt 27.200000 -0.785398 0.000000
vt 23.255556 -0.591277 0.000000
vt 27.200000 -0.591277 0.000000
vt 23.255556 -0.397155 0.000000
vt 27.200000 -0.397155 0.000000
vt 27.200000 -0.203034 0.000000
vt 18.325000 -0.203034 0.000000
vt 19.311111 -0.397155 0.000000
vt 19.311111 -0.591277 0.000000
vt 15.366667 -0.591277 0.000000
vt 9.450000 -0.785398 0.000000
vt 11.422222 -0.591277 0.000000
vt 7.477778 -0.591277 0.000000
vt 7.477778 -0.397155 0.000000
vt 3.533333 -0.397155 0.000000
vt 9.450000 -0.203034 0.000000
vt 0.575000 -0.203034 0.000000
vt 15.366667 -0.397155 0.000000
vt 11.422222 -0.397155 0.000000
vt -8.300000 -0.203034 0.000000
vt -4.355556 -0.397155 0.000000
vt -0.411111 -0.397155 0.000000
vt 3.533333 -0.591277 0.000000
vt -8.300000 -0.397155 0.000000
vt -4.355556 -0.591277 0.000000
vt -0.411111 -0.591277 0.000000
vt 0.575000 -0.785398 0.000000
vt -8.300000 -0.591277 0.000000
vt -8.300000 -0.785398 0.000000
vt -40.950000 -10.700000 0.000000
vt -32.075000 -10.700000 0.000000
vt -40.950000 -0.164835 0.000000
vt -32.075000 -0.164835 0.000000
vt -23.200000 -10.700000 0.000000
vt -23.200000 -0.164835 0.000000
vt -14.325000 -10.700000 0.000000
vt -14.325000 -0.164835 0.000000
vt -5.450000 -10.700000 0.000000
vt -5.450000 -0.164835 0.000000
vt -12.825000 19.457218 0.000000
vt -13.175000 19.707218 0.000000
vt -21.350000 19.457218 0.000000
vt -22.050000 19.707218 0.000000
vt -22.050000 9.267913 0.000000
vt -4.300000 19.707218 0.000000
vt -4.300000 19.457218 0.000000
vt 4.225000 19.457218 0.000000
vt 4.575000 19.707218 0.000000
vt 12.750000 19.457218 0.000000
vt 13.450000 19.707218 0.000000
vt 13.450000 9.267913 0.000000
vt 12.750000 9.142913 0.000000
vt 13.450000 -1.171391 0.000000
vt 12.750000 -1.171391 0.000000
vt 12.750000 -11.485696 0.000000
vt 13.450000 -11.610696 0.000000
vt 12.750000 -21.800000 0.000000
vt 13.450000 -22.050000 0.000000
vt 4.575000 -22.050000 0.000000
vt 4.225000 -21.800000 0.000000
vt -4.300000 -22.050000 0.000000
vt -4.300000 -21.800000 0.000000
vt -12.825000 -21.800000 0.000000
vt -13.175000 -22.050000 0.000000
vt -21.350000 -21.800000 0.000000
vt -22.050000 -22.050000 0.000000
vt -22.050000 -11.610696 0.000000
vt -21.350000 -11.485696 0.000000
vt -22.050000 -1.171391 0.000000
vt -21.350000 -1.171391 0.000000
vt -21.350000 9.142913 0.000000
vt 44.550000 0.164835 0.000000
vt 44.550000 10.700000 0.000000
vt 44.000000 0.000000 0.000000
vt 34.110696 10.700000 0.000000
vt 33.835696 0.000000 0.000000
vt 23.671391 10.700000 0.000000
vt 23.671391 0.000000 0.000000
vt 13.507087 0.000000 0.000000
vt 13.232087 10.700000 0.000000
vt 3.342782 0.000000 0.000000
vt 2.792782 10.700000 0.000000
vt 2.792782 0.164835 0.000000
vt 2.964220 0.074424 0.000000
vt 3.149878 0.018782 0.000000
vt 44.192905 0.018782 0.000000
vt 44.378563 0.074424 0.000000
vt 19.157218 13.450000 0.000000
vt 8.992913 13.450000 0.000000
vt 19.157218 4.575000 0.000000
vt 8.992913 4.575000 0.000000
vt 19.157218 -4.300000 0.000000
vt 8.992913 -4.300000 0.000000
vt 8.992913 -9.665302 0.000000
vt 6.476673 -5.523545 0.000000
vt 5.800202 -6.351972 0.000000
vt -1.171391 13.450000 0.000000
vt -1.171391 4.575000 0.000000
vt 2.790253 0.476455 0.000000
vt 1.688535 0.340158 0.000000
vt 0.661897 -0.059443 0.000000
vt -0.219697 -0.695118 0.000000
vt -0.896167 -1.523545 0.000000
vt -11.335696 4.575000 0.000000
vt -11.335696 -4.300000 0.000000
vt -21.500000 4.575000 0.000000
vt -21.500000 -4.300000 0.000000
vt -11.335696 13.450000 0.000000
vt -21.500000 13.450000 0.000000
vt -11.335696 -13.175000 0.000000
vt -21.500000 -13.175000 0.000000
vt -11.335696 -22.050000 0.000000
vt -21.500000 -22.050000 0.000000
vt -1.171391 -22.050000 0.000000
vt -1.171391 -13.175000 0.000000
vt -0.896167 -5.523545 0.000000
vt -0.219697 -6.351972 0.000000
vt 0.661897 -6.987646 0.000000
vt 1.688535 -7.387248 0.000000
vt 2.790253 -7.523545 0.000000
vt 8.992913 -13.175000 0.000000
vt 3.891971 -7.387248 0.000000
vt 4.918608 -6.987646 0.000000
vt 8.992913 -22.050000 0.000000
vt 19.157218 -22.050000 0.000000
vt 19.157218 -13.175000 0.000000
vt 6.901920 -2.488269 0.000000
vt 7.046964 -3.523545 0.000000
vt 6.901920 -4.558821 0.000000
vt -1.321415 -4.558821 0.000000
vt -1.466458 -3.523545 0.000000
vt -1.321415 -2.488269 0.000000
vt 3.891971 0.340158 0.000000
vt 4.918608 -0.059443 0.000000
vt 5.800202 -0.695118 0.000000
vt 6.476673 -1.523545 0.000000
vt -18.325000 -0.203034 0.000000
vt -27.200000 -0.203034 0.000000
vt -23.255556 -0.397155 0.000000
vt -27.200000 -0.397155 0.000000
vt -23.255556 -0.591277 0.000000
vt -27.200000 -0.591277 0.000000
vt -27.200000 -0.785398 0.000000
vt -18.325000 -0.785398 0.000000
vt -19.311111 -0.591277 0.000000
vt -19.311111 -0.397155 0.000000
vt -15.366667 -0.397155 0.000000
vt -9.450000 -0.203034 0.000000
vt -11.422222 -0.397155 0.000000
vt -7.477778 -0.397155 0.000000
vt -7.477778 -0.591277 0.000000
vt -3.533333 -0.591277 0.000000
vt -9.450000 -0.785398 0.000000
vt -0.575000 -0.785398 0.000000
vt -15.366667 -0.591277 0.000000
vt -11.422222 -0.591277 0.000000
vt 8.300000 -0.785398 0.000000
vt 4.355556 -0.591277 0.000000
vt 0.411111 -0.591277 0.000000
vt -3.533333 -0.397155 0.000000
vt 8.300000 -0.591277 0.000000
vt 4.355556 -0.397155 0.000000
vt 0.411111 -0.397155 0.000000
vt -0.575000 -0.203034 0.000000
vt 8.300000 -0.397155 0.000000
vt 8.300000 -0.203034 0.000000
vt 40.950000 10.535165 0.000000
vt 32.075000 10.535165 0.000000
vt 40.950000 0.000000 0.000000
vt 32.075000 0.000000 0.000000
vt 23.200000 10.535165 0.000000
vt 23.200000 0.000000 0.000000
vt 14.325000 10.535165 0.000000
vt 14.325000 0.000000 0.000000
vt 5.450000 10.535165 0.000000
vt 5.450000 0.000000 0.000000
vt 3.750000 -0.785398 0.000000
vt 11.250000 -0.785398 0.000000
vt 6.250000 -0.523599 0.000000
vt 11.250000 -0.523599 0.000000
vt 6.250000 -0.261799 0.000000
vt 11.250000 -0.261799 0.000000
vt 6.250000 0.000000 0.000000
vt 11.250000 0.000000 0.000000
vt 6.250000 0.261799 0.000000
vt 11.250000 0.261799 0.000000
vt 6.250000 0.523599 0.000000
vt 11.250000 0.523599 0.000000
vt 11.250000 0.785398 0.000000
vt 3.750000 0.785398 0.000000
vt 1.250000 0.523599 0.000000
vt 1.250000 0.261799 0.000000
vt 1.250000 0.000000 0.000000
vt 1.250000 -0.261799 0.000000
vt 1.250000 -0.523599 0.000000
vt -3.750000 -0.785398 0.000000
vt -3.750000 -0.523599 0.000000
vt -3.750000 -0.261799 0.000000
vt -3.750000 0.000000 0.000000
vt -3.750000 0.261799 0.000000
vt -3.750000 0.523599 0.000000
vt -3.750000 0.785398 0.000000
vt 0.291181 31.065926 0.000000
vt -0.450000 30.100000 0.000000
vt 0.550000 31.100000 0.000000
vt -0.450000 20.900000 0.000000
vt 4.300000 21.566667 0.000000
vt 4.300000 12.033333 0.000000
vt -0.450000 11.700000 0.000000
vt 4.300000 2.500000 0.000000
vt -0.450000 2.500000 0.000000
vt 0.050000 30.966025 0.000000
vt -0.157107 30.807107 0.000000
vt -0.316025 30.600000 0.000000
vt -0.415926 30.358819 0.000000
vt 4.300000 31.100000 0.000000
vt 21.600000 -15.000000 0.000000
vt 30.800000 -15.000000 0.000000
vt 21.600000 -12.439791 0.000000
vt 30.800000 -7.500000 0.000000
vt 21.119214 -8.518563 0.000000
vt 21.600000 -7.546218 0.000000
vt 21.246992 -7.547992 0.000000
vt 21.119214 -6.577420 0.000000
vt 21.600000 0.000000 0.000000
vt 20.744587 -5.672992 0.000000
vt 20.148642 -4.896341 0.000000
vt 19.371992 -4.300396 0.000000
vt 18.467563 -3.925770 0.000000
vt 17.496992 -3.797992 0.000000
vt 12.400000 0.000000 0.000000
vt 16.526420 -3.925770 0.000000
vt 15.621992 -4.300396 0.000000
vt 14.845341 -4.896341 0.000000
vt 14.249397 -5.672992 0.000000
vt 12.400000 -7.541862 0.000000
vt 13.874770 -6.577420 0.000000
vt 13.746992 -7.547992 0.000000
vt 13.874770 -8.518563 0.000000
vt 14.249397 -9.422992 0.000000
vt 12.400000 -15.000000 0.000000
vt 14.845341 -10.199642 0.000000
vt 15.621992 -10.795587 0.000000
vt 16.526420 -11.170213 0.000000
vt 17.496992 -11.297992 0.000000
vt 18.467563 -11.170213 0.000000
vt 19.371992 -10.795587 0.000000
vt 20.148642 -10.199642 0.000000
vt 20.744587 -9.422992 0.000000
vt 30.800000 0.000000 0.000000
vt 3.200000 0.000000 0.000000
vt 3.200000 -7.500000 0.000000
vt 3.200000 -15.000000 0.000000
vt 14.378563 -2.425576 0.000000
vt 14.550000 -2.335165 0.000000
vt 14.000000 -2.500000 0.000000
vt 14.550000 2.500000 0.000000
vt 4.850000 2.500000 0.000000
vt 4.666667 -2.500000 0.000000
vt -4.850000 2.500000 0.000000
vt -4.666667 -2.500000 0.000000
vt -14.000000 -2.500000 0.000000
vt -14.550000 2.500000 0.000000
vt -14.550000 -2.335165 0.000000
vt -14.378563 -2.425576 0.000000
vt -14.192905 -2.481218 0.000000
vt 14.192905 -2.481218 0.000000
vt -4.850000 2.500000 0.000000
vt -14.550000 2.500000 0.000000
vt -14.000000 -2.500000 0.000000
vt -14.550000 -2.335165 0.000000
vt -14.378563 -2.425576 0.000000
vt -14.192905 -2.481218 0.000000
vt -4.666667 -2.500000 0.000000
vt 4.666667 -2.500000 0.000000
vt 4.850000 2.500000 0.000000
vt 14.000000 -2.500000 0.000000
vt 14.550000 2.500000 0.000000
vt 14.550000 -2.335165 0.000000
vt 14.378563 -2.425576 0.000000
vt 14.192905 -2.481218 0.000000
vt -12.955723 -5.235988 0.000000
vt -13.005331 -6.283185 0.000000
vt -6.627666 -6.283185 0.000000
vt -12.955723 -7.330383 0.000000
vt -6.627666 -7.330383 0.000000
vt -12.810280 -8.377580 0.000000
vt -6.627666 -8.377580 0.000000
vt -12.578913 -9.424778 0.000000
vt -6.627666 -9.424778 0.000000
vt -12.277391 -10.471976 0.000000
vt -6.627666 -10.471976 0.000000
vt -11.926260 -11.519173 0.000000
vt -6.627666 -11.519173 0.000000
vt -11.549450 -12.566371 0.000000
vt -6.627666 -12.566371 0.000000
vt -6.627666 12.566371 0.000000
vt -11.549450 12.566371 0.000000
vt -11.172640 11.519173 0.000000
vt -6.627666 11.519173 0.000000
vt -10.821510 10.471976 0.000000
vt -6.627666 10.471976 0.000000
vt -10.519987 9.424778 0.000000
vt -6.627666 9.424778 0.000000
vt -10.288620 8.377580 0.000000
vt -6.627666 8.377580 0.000000
vt -10.143177 7.330383 0.000000
vt -6.627666 7.330383 0.000000
vt -10.093569 6.283185 0.000000
vt -6.627666 6.283185 0.000000
vt -6.627666 5.235988 0.000000
vt -0.250000 5.486389 0.000000
vt -0.250000 4.439191 0.000000
vt -6.627666 4.188790 0.000000
vt -0.250000 3.391994 0.000000
vt -6.627666 3.141593 0.000000
vt -0.250000 2.344796 0.000000
vt -6.627666 2.094395 0.000000
vt -0.250000 1.297599 0.000000
vt -6.627666 1.047198 0.000000
vt -0.250000 0.250401 0.000000
vt -6.627666 0.000000 0.000000
vt -0.250000 -0.796796 0.000000
vt -6.627666 -1.047198 0.000000
vt -0.250000 -1.843994 0.000000
vt -6.627666 -2.094395 0.000000
vt -0.250000 -2.891191 0.000000
vt -6.627666 -3.141593 0.000000
vt -0.250000 -3.938389 0.000000
vt -6.627666 -4.188790 0.000000
vt -0.250000 -4.985587 0.000000
vt -6.627666 -5.235988 0.000000
vt -0.250000 -6.032784 0.000000
vt -0.250000 -7.079982 0.000000
vt -0.250000 -8.127179 0.000000
vt -0.250000 -9.174377 0.000000
vt -0.250000 -10.221574 0.000000
vt -0.250000 -11.268772 0.000000
vt -0.250000 -12.315969 0.000000
vt -0.250000 -13.363167 0.000000
vt -0.250000 11.769574 0.000000
vt -0.250000 10.722377 0.000000
vt -0.250000 9.675179 0.000000
vt -0.250000 8.627982 0.000000
vt -0.250000 7.580784 0.000000
vt -0.250000 6.533586 0.000000
vt -10.143177 5.235988 0.000000
vt -10.288620 4.188790 0.000000
vt -10.519987 3.141593 0.000000
vt -10.821510 2.094395 0.000000
vt -11.172640 1.047198 0.000000
vt -11.549450 0.000000 0.000000
vt -11.926260 -1.047198 0.000000
vt -12.277391 -2.094395 0.000000
vt -12.578913 -3.141593 0.000000
vt -12.810280 -4.188790 0.000000
vt -15.000000 11.519173 0.000000
vt -11.518551 11.744758 0.000000
vt -15.000000 12.566371 0.000000
vt -15.000000 -12.566371 0.000000
vt -11.518551 -13.387983 0.000000
vt -11.873920 -12.405805 0.000000
vt -12.146026 -12.404176 0.000000
vt -11.180995 10.762580 0.000000
vt -15.000000 10.471976 0.000000
vt -10.881502 9.780402 0.000000
vt -15.000000 9.424778 0.000000
vt -10.638040 8.798224 0.000000
vt -15.000000 8.377580 0.000000
vt -10.465213 7.816046 0.000000
vt -15.000000 7.330383 0.000000
vt -10.373389 6.833868 0.000000
vt -15.000000 6.283185 0.000000
vt -10.368076 5.851690 0.000000
vt -15.000000 5.235988 0.000000
vt -10.449594 4.869512 0.000000
vt -15.000000 4.188790 0.000000
vt -10.613052 3.887334 0.000000
vt -15.000000 3.141593 0.000000
vt -10.848645 2.905156 0.000000
vt -15.000000 2.094395 0.000000
vt -11.142238 1.922978 0.000000
vt -15.000000 1.047198 0.000000
vt -11.476220 0.940799 0.000000
vt -14.550000 0.226358 0.000000
vt -12.212031 0.226358 0.000000
vt -15.000000 0.000000 0.000000
vt -14.550000 -0.816832 0.000000
vt -15.000000 -1.047198 0.000000
vt -14.550000 -1.860023 0.000000
vt -15.000000 -2.094395 0.000000
vt -14.550000 -2.903213 0.000000
vt -15.000000 -3.141593 0.000000
vt -14.550000 -3.946403 0.000000
vt -15.000000 -4.188790 0.000000
vt -14.550000 -4.989594 0.000000
vt -15.000000 -5.235988 0.000000
vt -14.550000 -6.032784 0.000000
vt -15.000000 -6.283185 0.000000
vt -14.550000 -7.075974 0.000000
vt -15.000000 -7.330383 0.000000
vt -14.550000 -8.119165 0.000000
vt -15.000000 -8.377580 0.000000
vt -14.550000 -9.162355 0.000000
vt -15.000000 -9.424778 0.000000
vt -14.550000 -10.205546 0.000000
vt -15.000000 -10.471976 0.000000
vt -14.550000 -11.248736 0.000000
vt -15.000000 -11.519173 0.000000
vt -14.550000 -12.291926 0.000000
vt -15.000000 -12.042772 0.000000
vt -12.063299 0.044115 0.000000
vt -11.830555 -0.041379 0.000000
vt -12.215043 -12.391348 0.000000
vt -12.280824 -12.369146 0.000000
vt -12.341162 -12.335718 0.000000
vt -12.394186 -12.291926 0.000000
vt -12.193977 0.168080 0.000000
vt -12.179608 0.142014 0.000000
vt -12.161696 0.118123 0.000000
vt -12.116675 0.077135 0.000000
vt 15.000000 -10.799225 0.000000
vt 7.500000 -10.799225 0.000000
vt 15.000000 -11.780972 0.000000
vt 7.500000 -11.780972 0.000000
vt 15.000000 11.780972 0.000000
vt 7.500000 11.780972 0.000000
vt 15.000000 10.799225 0.000000
vt 7.500000 10.799225 0.000000
vt 15.000000 9.817477 0.000000
vt 7.500000 9.817477 0.000000
vt 15.000000 8.835729 0.000000
vt 7.500000 8.835729 0.000000
vt 15.000000 7.853982 0.000000
vt 7.500000 7.853982 0.000000
vt 15.000000 6.872234 0.000000
vt 7.500000 6.872234 0.000000
vt 15.000000 5.890486 0.000000
vt 7.500000 5.890486 0.000000
vt 15.000000 4.908739 0.000000
vt 7.500000 4.908739 0.000000
vt 15.000000 3.926991 0.000000
vt 7.500000 3.926991 0.000000
vt 15.000000 2.945243 0.000000
vt 7.500000 2.945243 0.000000
vt 15.000000 1.963495 0.000000
vt 7.500000 1.963495 0.000000
vt 15.000000 0.981748 0.000000
vt 7.500000 0.981748 0.000000
vt 15.000000 0.000000 0.000000
vt 7.500000 0.000000 0.000000
vt 15.000000 -0.981748 0.000000
vt 7.500000 -0.981748 0.000000
vt 15.000000 -1.963495 0.000000
vt 7.500000 -1.963495 0.000000
vt 15.000000 -2.945243 0.000000
vt 7.500000 -2.945243 0.000000
vt 15.000000 -3.926991 0.000000
vt 7.500000 -3.926991 0.000000
vt 15.000000 -4.908739 0.000000
vt 7.500000 -4.908739 0.000000
vt 15.000000 -5.890486 0.000000
vt 7.500000 -5.890486 0.000000
vt 15.000000 -6.872234 0.000000
vt 7.500000 -6.872234 0.000000
vt 15.000000 -7.853982 0.000000
vt 7.500000 -7.853982 0.000000
vt 15.000000 -8.835729 0.000000
vt 7.500000 -8.835729 0.000000
vt 15.000000 -9.817477 0.000000
vt 7.500000 -9.817477 0.000000
vt 0.000000 10.799225 0.000000
vt 0.000000 11.780972 0.000000
vt 0.000000 -11.780972 0.000000
vt 0.000000 -10.799225 0.000000
vt -0.000000 -9.817477 0.000000
vt 0.000000 -8.835729 0.000000
vt -0.000000 -7.853982 0.000000
vt -0.000000 -6.872234 0.000000
vt -0.000000 -5.890486 0.000000
vt -0.000000 -4.908739 0.000000
vt -0.000000 -3.926991 0.000000
vt 0.000000 -2.945243 0.000000
vt -0.000000 -1.963495 0.000000
vt 0.000000 -0.981748 0.000000
vt -0.000000 0.000000 0.000000
vt -0.000000 0.981748 0.000000
vt 0.000000 1.963495 0.000000
vt -0.000000 2.945243 0.000000
vt 0.000000 3.926991 0.000000
vt 0.000000 4.908739 0.000000
vt 0.000000 5.890486 0.000000
vt 0.000000 6.872234 0.000000
vt -0.000000 7.853982 0.000000
vt -0.000000 8.835729 0.000000
vt 0.000000 9.817477 0.000000
vt 3.622222 -0.970571 0.000000
vt 3.863703 -1.035276 0.000000
vt 3.750000 0.000000 0.000000
vt 4.000000 0.000000 0.000000
vt 3.965779 0.522105 0.000000
vt 3.247595 -1.875000 0.000000
vt 3.464102 -2.000000 0.000000
vt 2.651650 -2.651650 0.000000
vt 2.828427 -2.828427 0.000000
vt 1.875000 -3.247595 0.000000
vt 2.000000 -3.464102 0.000000
vt 0.970571 -3.622222 0.000000
vt 1.035276 -3.863703 0.000000
vt 0.000000 -3.750000 0.000000
vt 0.000000 -4.000000 0.000000
vt -1.035276 -3.863703 0.000000
vt -0.970571 -3.622222 0.000000
vt -2.000000 -3.464102 0.000000
vt -1.875000 -3.247595 0.000000
vt -2.828427 -2.828427 0.000000
vt -2.651650 -2.651650 0.000000
vt -3.464102 -2.000000 0.000000
vt -3.247595 -1.875000 0.000000
vt -3.863703 -1.035276 0.000000
vt -3.622222 -0.970571 0.000000
vt -4.000000 -0.000000 0.000000
vt -3.750000 -0.000000 0.000000
vt -3.622222 0.970571 0.000000
vt -3.863703 1.035276 0.000000
vt -3.247595 1.875000 0.000000
vt -3.464102 2.000000 0.000000
vt -2.651650 2.651650 0.000000
vt -2.828427 2.828427 0.000000
vt -1.875000 3.247595 0.000000
vt -2.000000 3.464102 0.000000
vt -0.970571 3.622222 0.000000
vt -1.035276 3.863703 0.000000
vt -0.000000 3.750000 0.000000
vt -0.000000 4.000000 0.000000
vt 1.035276 3.863703 0.000000
vt 0.970571 3.622222 0.000000
vt 2.000000 3.464102 0.000000
vt 1.875000 3.247595 0.000000
vt 2.828427 2.828427 0.000000
vt 2.651650 2.651650 0.000000
vt 3.464102 2.000000 0.000000
vt 3.247595 1.875000 0.000000
vt 3.863703 1.035276 0.000000
vt 3.622222 0.970571 0.000000
vt 18.288529 12.168893 0.000000
vt 22.166667 15.950000 0.000000
vt 17.246754 12.240157 0.000000
vt 12.833333 15.950000 0.000000
vt 16.222032 12.039361 0.000000
vt 15.284197 11.580189 0.000000
vt 14.497160 10.893934 0.000000
vt 13.914557 10.027362 0.000000
vt 12.833333 8.200000 0.000000
vt 13.576090 9.039529 0.000000
vt 13.504827 7.997754 0.000000
vt 13.705623 6.973032 0.000000
vt 12.833333 0.450000 0.000000
vt 14.164794 6.035197 0.000000
vt 14.851050 5.248160 0.000000
vt 15.717621 4.665557 0.000000
vt 16.705454 4.327090 0.000000
vt 17.747229 4.255827 0.000000
vt 22.166667 0.450000 0.000000
vt 18.771951 4.456623 0.000000
vt 22.166667 3.032829 0.000000
vt 19.709786 4.915794 0.000000
vt 20.496823 5.602049 0.000000
vt 21.079427 6.468621 0.000000
vt 22.166667 8.200000 0.000000
vt 21.417893 7.456454 0.000000
vt 21.489157 8.498229 0.000000
vt 21.288361 9.522951 0.000000
vt 20.829189 10.460786 0.000000
vt 20.142934 11.247823 0.000000
vt 19.276362 11.830427 0.000000
vt 3.500000 0.450000 0.000000
vt 3.500000 8.200000 0.000000
vt 3.500000 15.950000 0.000000
vt 31.500000 0.450000 0.000000
vt 31.500000 8.200000 0.000000
vt 31.500000 15.950000 0.000000
vt 7.936947 0.121950 0.000000
vt 6.312351 4.585490 0.000000
vt 0.889252 -2.443201 0.000000
vt -0.735343 2.020339 0.000000
vt -6.158442 -5.008352 0.000000
vt -7.783038 -0.544812 0.000000
vt 13.558819 -2.215926 0.000000
vt 13.800000 -2.116025 0.000000
vt 13.300000 -2.250000 0.000000
vt 14.007107 -1.957107 0.000000
vt 14.166025 -1.750000 0.000000
vt 14.265926 -1.508819 0.000000
vt 14.300000 -1.250000 0.000000
vt 4.100000 -2.250000 0.000000
vt 4.766667 2.500000 0.000000
vt -4.766667 2.500000 0.000000
vt 14.300000 2.500000 0.000000
vt -5.100000 -2.250000 0.000000
vt -14.300000 2.500000 0.000000
vt -14.300000 -2.250000 0.000000
vt -7.475220 1.390535 0.000000
vt -0.427525 -1.174616 0.000000
vt -6.192644 4.914383 0.000000
vt 0.855050 2.349232 0.000000
vt 6.620169 -3.739767 0.000000
vt 7.902745 -0.215920 0.000000
vt 3.200000 8.200000 0.000000
vt 2.950000 8.200000 0.000000
vt 3.200000 0.700000 0.000000
vt 2.950000 0.450000 0.000000
vt 12.650000 0.450000 0.000000
vt 3.200000 15.700000 0.000000
vt 2.950000 15.950000 0.000000
vt 12.650000 15.950000 0.000000
vt 12.733333 15.700000 0.000000
vt 22.266667 15.700000 0.000000
vt 22.350000 15.950000 0.000000
vt 31.800000 15.700000 0.000000
vt 32.050000 15.950000 0.000000
vt 32.050000 8.200000 0.000000
vt 31.800000 8.200000 0.000000
vt 31.800000 0.700000 0.000000
vt 22.266667 0.700000 0.000000
vt 22.350000 0.450000 0.000000
vt 32.050000 0.450000 0.000000
vt 12.733333 0.700000 0.000000
vt -1.230862 -4.697478 0.000000
vt 6.051756 -7.348134 0.000000
vt 0.422862 -0.153909 0.000000
vt 7.705479 -2.804565 0.000000
vt 13.334374 -9.998790 0.000000
vt 14.988097 -5.455221 0.000000
vt -0.479239 0.000985 0.000000
vt -2.132962 4.544554 0.000000
vt -7.761856 -2.649671 0.000000
vt -9.415580 1.893898 0.000000
vt -15.044474 -5.300327 0.000000
vt -16.698198 -0.756758 0.000000
vt 15.950000 -0.397155 0.000000
vt 15.950000 -0.203034 0.000000
vt 12.075000 -0.397155 0.000000
vt 8.200000 -0.203034 0.000000
vt 8.200000 -0.397155 0.000000
vt 4.325000 -0.397155 0.000000
vt 8.200000 -0.591277 0.000000
vt 4.325000 -0.591277 0.000000
vt 8.200000 -0.785398 0.000000
vt 0.450000 -0.785398 0.000000
vt 0.450000 -0.591277 0.000000
vt 0.450000 -0.397155 0.000000
vt 0.450000 -0.203034 0.000000
vt 12.075000 -0.591277 0.000000
vt 15.950000 -0.785398 0.000000
vt 15.950000 -0.591277 0.000000
vt -0.450000 -0.397155 0.000000
vt -0.450000 -0.203034 0.000000
vt -4.325000 -0.397155 0.000000
vt -8.200000 -0.203034 0.000000
vt -8.200000 -0.397155 0.000000
vt -12.075000 -0.397155 0.000000
vt -8.200000 -0.591277 0.000000
vt -12.075000 -0.591277 0.000000
vt -8.200000 -0.785398 0.000000
vt -15.950000 -0.785398 0.000000
vt -15.950000 -0.591277 0.000000
vt -15.950000 -0.397155 0.000000
vt -15.950000 -0.203034 0.000000
vt -4.325000 -0.591277 0.000000
vt -0.450000 -0.785398 0.000000
vt -0.450000 -0.591277 0.000000
vt -15.000000 -12.340012 0.000000
vt -12.844186 -12.340012 0.000000
vt -15.000000 -11.369670 0.000000
vt -13.211061 -11.311678 0.000000
vt -15.000000 -10.399327 0.000000
vt -13.548409 -10.283344 0.000000
vt -15.000000 -9.428984 0.000000
vt -13.834058 -9.255009 0.000000
vt -15.000000 -8.458641 0.000000
vt -14.049231 -8.226675 0.000000
vt -15.000000 -7.488298 0.000000
vt -14.179785 -7.198341 0.000000
vt -15.000000 -6.517956 0.000000
vt -14.217140 -6.170006 0.000000
vt -15.000000 -5.547613 0.000000
vt -14.158840 -5.141672 0.000000
vt -15.000000 -4.577270 0.000000
vt -14.008717 -4.113337 0.000000
vt -15.000000 -3.606927 0.000000
vt -13.776639 -3.085003 0.000000
vt -15.000000 -2.636584 0.000000
vt -13.477859 -2.056669 0.000000
vt -15.000000 -1.666241 0.000000
vt -13.132016 -1.028334 0.000000
vt -15.000000 -0.695899 0.000000
vt -12.761842 0.000000 0.000000
vt -15.000000 0.274444 0.000000
vt -12.728549 0.091481 0.000000
vt -12.695272 0.182963 0.000000
vt -12.662031 0.274444 0.000000
vt -0.000000 -7.538300 0.000000
vt -0.000000 -6.509908 0.000000
vt -0.450000 -7.224389 0.000000
vt -0.034878 -6.454202 0.000000
vt -0.080161 -6.405300 0.000000
vt -0.134389 -6.364559 0.000000
vt -0.194861 -6.331054 0.000000
vt -0.450000 -6.242156 0.000000
vt -0.450000 -8.206622 0.000000
vt -0.000000 -8.566692 0.000000
vt -0.450000 -9.188856 0.000000
vt -0.000000 -9.595084 0.000000
vt -0.450000 -10.171089 0.000000
vt -0.000000 -10.623476 0.000000
vt -0.450000 -11.153322 0.000000
vt -0.000000 -11.651868 0.000000
vt -0.450000 -12.135555 0.000000
vt -0.000000 -12.680260 0.000000
vt -0.450000 -13.117788 0.000000
vt -0.000000 -13.708652 0.000000
vt -0.450000 -14.100021 0.000000
vt -0.000000 -14.737044 0.000000
vt -0.450000 -15.082254 0.000000
vt -0.000000 -15.765436 0.000000
vt -0.450000 -16.064487 0.000000
vt -0.000000 -16.793828 0.000000
vt -0.450000 -17.046720 0.000000
vt -0.000000 -17.822220 0.000000
vt -0.450000 -18.028953 0.000000
vt 0.000000 -18.850612 0.000000
vt -0.450000 -19.011187 0.000000
vt 0.000000 -18.942098 0.000000
vt -0.202052 -19.011876 0.000000
vt 0.000000 -19.033585 0.000000
vt -0.140603 -19.023886 0.000000
vt -0.084282 -19.045624 0.000000
vt -0.059284 -19.060973 0.000000
vt -0.036873 -19.079383 0.000000
vt 0.000000 -19.125071 0.000000
vt -3.990589 -0.274229 0.000000
vt -3.913879 0.763175 0.000000
vt -3.939618 0.692393 0.000000
vt -3.657944 1.618469 0.000000
vt -3.572268 1.745720 0.000000
vt -3.162062 2.449768 0.000000
vt -2.988858 2.606954 0.000000
vt -2.481010 3.137609 0.000000
vt -2.203106 3.288633 0.000000
vt -1.654670 3.641712 0.000000
vt -1.268152 3.744653 0.000000
vt -0.731434 3.932557 0.000000
vt -0.247229 3.944173 0.000000
vt 0.234635 3.993112 0.000000
vt 0.790617 3.873701 0.000000
vt 1.186965 3.819832 0.000000
vt 1.775197 3.538001 0.000000
vt 2.069785 3.422863 0.000000
vt 2.639923 2.959779 0.000000
vt 2.831400 2.825451 0.000000
vt 3.326312 2.178138 0.000000
vt 3.427208 2.062582 0.000000
vt 3.787943 1.245943 0.000000
vt 3.822320 1.178929 0.000000
vt 3.993597 0.226237 0.000000
vn -0.000000 0.000000 -1.000000
vn -0.000000 0.000000 -1.000000
vn -0.000000 0.000000 -1.000000
vn -0.000000 0.000000 -1.000000
vn -0.000000 0.000000 -1.000000
vn -0.000000 0.000000 -1.000000
vn -0.000000 0.000000 -1.000000
vn -0.000000 0.000000 -1.000000
vn -0.000000 0.000000 -1.000000
vn -0.000000 0.000000 -1.000000
vn -1.000000 0.000000 0.000000
vn -1.000000 0.000000 0.000000
vn -1.000000 0.000000 0.000000
vn -1.000000 0.000000 0.000000
vn -1.000000 0.000000 0.000000
vn -1.000000 0.000000 0.000000
vn -1.000000 0.000000 0.000000
vn -1.000000 0.000000 0.000000
vn -1.000000 0.000000 0.000000
vn -1.000000 0.000000 0.000000
vn -0.000000 -1.000000 0.000000
vn -0.000000 -1.000000 0.000000
vn -0.000000 -1.000000 0.000000
vn -0.000000 -1.000000 0.000000
vn -0.000000 -1.000000 0.000000
vn -0.000000 -1.000000 0.000000
vn -0.000000 -1.000000 0.000000
vn -0.000000 -1.000000 0.000000
vn -0.000000 -1.000000 0.000000
vn -0.000000 -1.000000 0.000000
vn -0.000000 -1.000000 0.000000
vn -0.000000 -1.000000 0.000000
vn -0.000000 -1.000000 0.000000
vn -0.000000 -1.000000 0.000000
vn -0.000000 -1.000000 0.000000
vn -0.000000 -1.000000 0.000000
vn -0.000000 -1.000000 0.000000
vn -0.000000 -1.000000 0.000000
vn -0.000000 -1.000000 0.000000
vn -0.000000 -1.000000 0.000000
vn -0.000000 -1.000000 0.000000
vn -0.000000 -1.000000 0.000000
vn -0.000000 -1.000000 0.000000
vn -0.000000 -1.000000 0.000000
vn -0.000000 -1.000000 0.000000
vn -0.000000 -1.000000 0.000000
vn -0.000000 -1.000000 0.000000
vn -0.000000 -1.000000 0.000000
vn -0.000000 -1.000000 0.000000
vn -0.000000 -1.000000 0.000000
vn -0.000000 -1.000000 0.000000
vn -0.000000 -1.000000 0.000000
vn -0.000000 -1.000000 0.000000
vn -0.000000 -1.000000 0.000000
vn -0.000000 -1.000000 0.000000
vn -0.000000 -1.000000 0.000000
vn -0.000000 -1.000000 0.000000
vn -0.000000 -1.000000 0.000000
vn -0.000000 -1.000000 0.000000
vn -0.000000 -1.000000 0.000000
vn -0.000000 -1.000000 0.000000
vn -0.000000 -1.000000 0.000000
vn -0.000000 -1.000000 0.000000
vn -0.000000 -1.000000 0.000000
vn -0.000000 -1.000000 0.000000
vn -0.000000 -1.000000 0.000000
vn -0.000000 -1.000000 0.000000
vn -0.000000 -1.000000 0.000000
vn -0.000000 -1.000000 0.000000
vn 1.000000 -0.000000 -0.000000
vn 1.000000 -0.000000 -0.000000
vn 1.000000 -0.000000 -0.000000
vn 1.000000 -0.000000 -0.000000
vn 1.000000 -0.000000 -0.000000
vn 1.000000 -0.000000 -0.000000
vn 1.000000 -0.000000 -0.000000
vn 1.000000 -0.000000 -0.000000
vn 1.000000 -0.000000 -0.000000
vn 1.000000 -0.000000 -0.000000
vn 0.000000 -0.000000 1.000000
vn 0.000000 -0.000000 1.000000
vn 0.000000 -0.000000 1.000000
vn 0.000000 -0.000000 1.000000
vn 0.000000 -0.000000 1.000000
vn 0.000000 -0.000000 1.000000
vn 0.000000 -0.000000 1.000000
vn 0.000000 -0.000000 1.000000
vn 0.000000 -0.000000 1.000000
vn 0.000000 -0.000000 1.000000
vn -0.000000 0.000000 -1.000000
vn -0.000000 0.000000 -1.000000
vn -0.000000 0.000000 -1.000000
vn -0.000000 0.000000 -1.000000
vn -0.000000 0.000000 -1.000000
vn -0.000000 0.000000 -1.000000
vn -0.000000 0.000000 -1.000000
vn -0.000000 0.000000 -1.000000
vn -0.000000 0.000000 -1.000000
vn -0.000000 0.000000 -1.000000
vn -0.000000 0.000000 -1.000000
vn -0.000000 0.000000 -1.000000
vn -0.000000 0.000000 -1.000000
vn -0.000000 0.000000 -1.000000
vn -0.000000 0.000000 -1.000000
vn -0.000000 0.000000 -1.000000
vn 0.000000 1.000000 0.000000
vn 0.000000 1.000000 0.000000
vn -0.192905 0.981218 0.000000
vn -0.192905 0.981218 0.000000
vn -0.378563 0.925576 0.000000
vn -0.378563 0.925576 0.000000
vn -0.550000 0.835165 0.000000
vn -0.550000 0.835165 0.000000
vn -0.378563 0.925576 0.000000
vn -0.192905 0.981218 0.000000
vn -0.192905 0.981218 0.000000
vn 0.000000 1.000000 0.000000
vn -0.192905 0.981218 0.000000
vn -0.192905 0.981218 0.000000
vn -0.378563 0.925576 0.000000
vn -0.378563 0.925576 0.000000
vn -0.550000 0.835165 0.000000
vn -0.550000 0.835165 0.000000
vn -0.378563 0.925576 0.000000
vn -0.378563 0.925576 0.000000
vn -0.550000 0.835165 0.000000
vn -0.378563 0.925576 0.000000
vn -0.378563 0.925576 0.000000
vn -0.192905 0.981218 0.000000
vn -0.378563 0.925576 0.000000
vn -0.192905 0.981218 0.000000
vn -0.192905 0.981218 0.000000
vn 0.000000 1.000000 0.000000
vn -0.192905 0.981218 0.000000
vn 0.000000 1.000000 0.000000
vn -1.000000 0.000000 0.000000
vn -1.000000 0.000000 0.000000
vn -1.000000 0.000000 0.000000
vn -1.000000 0.000000 0.000000
vn -1.000000 0.000000 0.000000
vn -1.000000 0.000000 0.000000
vn -1.000000 0.000000 0.000000
vn -1.000000 0.000000 0.000000
vn -1.000000 0.000000 0.000000
vn -1.000000 0.000000 0.000000
vn -0.000000 -1.000000 0.000000
vn -0.000000 -1.000000 0.000000
vn -0.000000 -1.000000 0.000000
vn -0.000000 -1.000000 0.000000
vn -0.000000 -1.000000 0.000000
vn -0.000000 -1.000000 0.000000
vn -0.000000 -1.000000 0.000000
vn -0.000000 -1.000000 0.000000
vn -0.000000 -1.000000 0.000000
vn -0.000000 -1.000000 0.000000
vn -0.000000 -1.000000 0.000000
vn -0.000000 -1.000000 0.000000
vn -0.000000 -1.000000 0.000000
vn -0.000000 -1.000000 0.000000
vn -0.000000 -1.000000 0.000000
vn -0.000000 -1.000000 0.000000
vn -0.000000 -1.000000 0.000000
vn -0.000000 -1.000000 0.000000
vn -0.000000 -1.000000 0.000000
vn -0.000000 -1.000000 0.000000
vn -0.000000 -1.000000 0.000000
vn -0.000000 -1.000000 0.000000
vn -0.000000 -1.000000 0.000000
vn -0.000000 -1.000000 0.000000
vn -0.000000 -1.000000 0.000000
vn -0.000000 -1.000000 0.000000
vn -0.000000 -1.000000 0.000000
vn -0.000000 -1.000000 0.000000
vn -0.000000 -1.000000 0.000000
vn -0.000000 -1.000000 0.000000
vn -0.000000 -1.000000 0.000000
vn -0.000000 -1.000000 0.000000
vn 0.000000 -0.000000 1.000000
vn 0.000000 -0.000000 1.000000
vn 0.000000 -0.000000 1.000000
vn 0.000000 -0.000000 1.000000
vn 0.000000 -0.000000 1.000000
vn 0.000000 -0.000000 1.000000
vn 0.000000 -0.000000 1.000000
vn 0.000000 -0.000000 1.000000
vn 0.000000 -0.000000 1.000000
vn 0.000000 -0.000000 1.000000
vn 0.000000 -0.000000 1.000000
vn 0.000000 -0.000000 1.000000
vn 0.000000 -0.000000 1.000000
vn 0.000000 -0.000000 1.000000
vn 0.000000 -0.000000 1.000000
vn 0.000000 -0.000000 1.000000
vn 0.000000 1.000000 -0.000000
vn 0.000000 1.000000 -0.000000
vn 0.000000 1.000000 -0.000000
vn 0.000000 1.000000 -0.000000
vn 0.000000 1.000000 -0.000000
vn 0.000000 1.000000 -0.000000
vn 0.000000 1.000000 -0.000000
vn 0.000000 1.000000 -0.000000
vn 0.000000 1.000000 -0.000000
vn 0.000000 1.000000 -0.000000
vn 0.000000 1.000000 -0.000000
vn 0.000000 1.000000 -0.000000
vn 0.000000 1.000000 -0.000000
vn 0.000000 1.000000 -0.000000
vn 0.000000 1.000000 -0.000000
vn 0.000000 1.000000 -0.000000
vn 0.000000 1.000000 -0.000000
vn 0.000000 1.000000 -0.000000
vn 0.000000 1.000000 -0.000000
vn 0.000000 1.000000 -0.000000
vn 0.000000 1.000000 -0.000000
vn 0.000000 1.000000 -0.000000
vn 0.000000 1.000000 -0.000000
vn 0.000000 1.000000 -0.000000
vn 0.000000 1.000000 -0.000000
vn 0.000000 1.000000 -0.000000
vn 0.000000 1.000000 -0.000000
vn 0.000000 1.000000 -0.000000
vn 0.000000 1.000000 -0.000000
vn 0.000000 1.000000 -0.000000
vn 0.000000 1.000000 -0.000000
vn 0.000000 1.000000 -0.000000
vn 0.000000 1.000000 -0.000000
vn 0.000000 1.000000 -0.000000
vn 0.000000 1.000000 -0.000000
vn 0.000000 1.000000 -0.000000
vn 0.000000 1.000000 -0.000000
vn 0.000000 1.000000 -0.000000
vn 0.000000 1.000000 -0.000000
vn 0.000000 1.000000 -0.000000
vn 0.000000 1.000000 -0.000000
vn 0.000000 1.000000 -0.000000
vn 0.000000 1.000000 -0.000000
vn 0.000000 1.000000 -0.000000
vn 0.550000 0.835165 -0.000000
vn 0.550000 0.835165 -0.000000
vn 0.378563 0.925576 -0.000000
vn 0.378563 0.925576 -0.000000
vn 0.192905 0.981218 -0.000000
vn 0.192905 0.981218 -0.000000
vn 0.192905 0.981218 -0.000000
vn 0.378563 0.925576 -0.000000
vn 0.378563 0.925576 -0.000000
vn 0.550000 0.835165 -0.000000
vn 0.378563 0.925576 -0.000000
vn 0.378563 0.925576 -0.000000
vn 0.192905 0.981218 -0.000000
vn 0.192905 0.981218 -0.000000
vn 0.192905 0.981218 -0.000000
vn 0.192905 0.981218 -0.000000
vn 0.192905 0.981218 -0.000000
vn 0.192905 0.981218 -0.000000
vn 0.378563 0.925576 -0.000000
vn 0.192905 0.981218 -0.000000
vn 0.378563 0.925576 -0.000000
vn 0.378563 0.925576 -0.000000
vn 0.550000 0.835165 -0.000000
vn 0.378563 0.925576 -0.000000
vn 0.550000 0.835165 -0.000000
vn 1.000000 -0.000000 -0.000000
vn 1.000000 -0.000000 -0.000000
vn 1.000000 -0.000000 -0.000000
vn 1.000000 -0.000000 -0.000000
vn 1.000000 -0.000000 -0.000000
vn 1.000000 -0.000000 -0.000000
vn 1.000000 -0.000000 -0.000000
vn 1.000000 -0.000000 -0.000000
vn 1.000000 -0.000000 -0.000000
vn 1.000000 -0.000000 -0.000000
vn -0.342020 0.939693 -0.000000
vn -0.342020 0.939693 -0.000000
vn -0.330366 0.907673 -0.258819
vn -0.330366 0.907673 -0.258819
vn -0.296198 0.813798 -0.500000
vn -0.296198 0.813798 -0.500000
vn -0.241845 0.664463 -0.707107
vn -0.241845 0.664463 -0.707107
vn -0.171010 0.469846 -0.866025
vn -0.171010 0.469846 -0.866025
vn -0.088521 0.243210 -0.965926
vn -0.088521 0.243210 -0.965926
vn -0.000000 0.000000 -1.000000
vn -0.000000 0.000000 -1.000000
vn -0.088521 0.243210 -0.965926
vn -0.171010 0.469846 -0.866025
vn -0.241845 0.664463 -0.707107
vn -0.296198 0.813798 -0.500000
vn -0.330366 0.907673 -0.258819
vn -0.342020 0.939693 0.000000
vn -0.330366 0.907673 -0.258819
vn -0.296198 0.813798 -0.500000
vn -0.241845 0.664463 -0.707107
vn -0.171010 0.469846 -0.866025
vn -0.088521 0.243210 -0.965926
vn 0.000000 -0.000000 -1.000000
vn 0.939693 0.342020 -0.000000
vn 0.939693 0.342020 -0.000000
vn 0.939693 0.342020 -0.000000
vn 0.939693 0.342020 -0.000000
vn 0.939693 0.342020 -0.000000
vn 0.939693 0.342020 -0.000000
vn 0.939693 0.342020 -0.000000
vn 0.939693 0.342020 -0.000000
vn 0.939693 0.342020 -0.000000
vn 0.939693 0.342020 -0.000000
vn 0.939693 0.342020 -0.000000
vn 0.939693 0.342020 -0.000000
vn 0.939693 0.342020 -0.000000
vn 0.939693 0.342020 -0.000000
vn -0.342020 0.939693 0.000000
vn -0.342020 0.939693 0.000000
vn -0.342020 0.939693 0.000000
vn -0.342020 0.939693 0.000000
vn -0.342020 0.939693 0.000000
vn -0.342020 0.939693 0.000000
vn -0.342020 0.939693 0.000000
vn -0.342020 0.939693 0.000000
vn -0.342020 0.939693 0.000000
vn -0.342020 0.939693 0.000000
vn -0.342020 0.939693 0.000000
vn -0.342020 0.939693 0.000000
vn -0.342020 0.939693 0.000000
vn -0.342020 0.939693 0.000000
vn -0.342020 0.939693 0.000000
vn -0.342020 0.939693 0.000000
vn -0.342020 0.939693 0.000000
vn -0.342020 0.939693 0.000000
vn -0.342020 0.939693 0.000000
vn -0.342020 0.939693 0.000000
vn -0.342020 0.939693 0.000000
vn -0.342020 0.939693 0.000000
vn -0.342020 0.939693 0.000000
vn -0.342020 0.939693 0.000000
vn -0.342020 0.939693 0.000000
vn -0.342020 0.939693 0.000000
vn -0.342020 0.939693 0.000000
vn -0.342020 0.939693 0.000000
vn -0.342020 0.939693 0.000000
vn -0.342020 0.939693 0.000000
vn -0.342020 0.939693 0.000000
vn -0.342020 0.939693 0.000000
vn -0.342020 0.939693 0.000000
vn -0.342020 0.939693 0.000000
vn 0.939693 0.342020 -0.000000
vn 0.939693 0.342020 -0.000000
vn 0.939693 0.342020 -0.000000
vn 0.939693 0.342020 -0.000000
vn 0.939693 0.342020 -0.000000
vn 0.939693 0.342020 -0.000000
vn 0.939693 0.342020 -0.000000
vn 0.939693 0.342020 -0.000000
vn 0.939693 0.342020 -0.000000
vn 0.939693 0.342020 -0.000000
vn 0.939693 0.342020 -0.000000
vn 0.939693 0.342020 -0.000000
vn 0.939693 0.342020 -0.000000
vn 0.939693 0.342020 -0.000000
vn -0.939693 -0.342020 0.000000
vn -0.939693 -0.342020 0.000000
vn -0.939693 -0.342020 0.000000
vn -0.939693 -0.342020 0.000000
vn -0.939693 -0.342020 0.000000
vn -0.939693 -0.342020 0.000000
vn -0.939693 -0.342020 0.000000
vn -0.939693 -0.342020 0.000000
vn -0.939693 -0.342020 0.000000
vn -0.939693 -0.342020 0.000000
vn -0.939693 -0.342020 0.000000
vn -0.939693 -0.342020 0.000000
vn -0.939693 -0.342020 0.000000
vn -0.939693 -0.342020 0.000000
vn 0.907673 0.330366 0.258819
vn 0.939693 0.342020 0.000000
vn 0.939693 0.342020 0.000000
vn 0.907673 0.330366 -0.258819
vn 0.907673 0.330366 -0.258819
vn 0.813798 0.296198 -0.500000
vn 0.813798 0.296198 -0.500000
vn 0.664463 0.241845 -0.707107
vn 0.664463 0.241845 -0.707107
vn 0.469846 0.171010 -0.866025
vn 0.469846 0.171010 -0.866025
vn 0.243210 0.088521 -0.965926
vn 0.243210 0.088521 -0.965926
vn 0.000000 0.000000 -1.000000
vn 0.000000 0.000000 -1.000000
vn -0.243210 -0.088521 -0.965926
vn -0.243210 -0.088521 -0.965926
vn -0.469846 -0.171010 -0.866025
vn -0.469846 -0.171010 -0.866025
vn -0.664463 -0.241845 -0.707107
vn -0.664463 -0.241845 -0.707107
vn -0.813798 -0.296198 -0.500000
vn -0.813798 -0.296198 -0.500000
vn -0.907673 -0.330366 -0.258819
vn -0.907673 -0.330366 -0.258819
vn -0.939693 -0.342020 0.000000
vn -0.939693 -0.342020 0.000000
vn -0.907673 -0.330366 0.258819
vn -0.921111 -0.335257 0.197884
vn -0.841597 -0.306316 0.444843
vn -0.813798 -0.296198 0.500000
vn -0.704730 -0.256501 0.661486
vn -0.664463 -0.241845 0.707107
vn -0.519837 -0.189205 0.833049
vn -0.469846 -0.171010 0.866025
vn -0.299517 -0.109015 0.947842
vn -0.243210 -0.088521 0.965926
vn -0.058787 -0.021397 0.998041
vn -0.000000 -0.000000 1.000000
vn 0.185950 0.067680 0.980225
vn 0.243210 0.088521 0.965926
vn 0.418015 0.152145 0.895609
vn 0.469846 0.171010 0.866025
vn 0.621593 0.226241 0.749958
vn 0.664463 0.241845 0.707107
vn 0.782810 0.284920 0.553199
vn 0.813798 0.296198 0.500000
vn 0.890680 0.324181 0.318740
vn 0.907673 0.330366 0.258819
vn 0.937852 0.341350 0.062559
vn 0.921111 0.335257 -0.197884
vn 0.841597 0.306316 -0.444843
vn 0.704730 0.256501 -0.661486
vn 0.519837 0.189205 -0.833049
vn 0.299517 0.109015 -0.947842
vn 0.058787 0.021397 -0.998041
vn -0.185950 -0.067680 -0.980225
vn -0.418015 -0.152145 -0.895609
vn -0.621593 -0.226241 -0.749958
vn -0.782810 -0.284920 -0.553199
vn -0.890680 -0.324181 -0.318740
vn -0.937852 -0.341350 -0.062559
vn -0.907673 -0.330366 0.258819
vn -0.813798 -0.296198 0.500000
vn -0.664463 -0.241845 0.707107
vn -0.469846 -0.171010 0.866025
vn -0.243210 -0.088521 0.965926
vn -0.000000 -0.000000 1.000000
vn 0.243210 0.088521 0.965926
vn 0.469846 0.171010 0.866025
vn 0.664463 0.241845 0.707107
vn 0.813798 0.296198 0.500000
vn -0.243210 -0.088521 -0.965926
vn -0.191661 -0.069759 -0.978979
vn -0.000000 -0.000000 -1.000000
vn 0.037711 0.013726 -0.999194
vn 0.038093 0.013865 -0.999178
vn -0.409536 -0.149059 -0.900035
vn -0.469846 -0.171010 -0.866025
vn -0.602842 -0.219416 -0.767097
vn -0.664463 -0.241845 -0.707107
vn -0.759984 -0.276611 -0.588142
vn -0.813798 -0.296198 -0.500000
vn -0.871534 -0.317212 -0.373904
vn -0.907673 -0.330366 -0.258819
vn -0.930802 -0.338784 -0.137236
vn -0.939693 -0.342020 0.000000
vn -0.934230 -0.340032 0.107665
vn -0.907673 -0.330366 0.258819
vn -0.881615 -0.320882 0.346107
vn -0.813798 -0.296198 0.500000
vn -0.776112 -0.282482 0.563786
vn -0.664463 -0.241845 0.707107
vn -0.624050 -0.227135 0.747644
vn -0.469846 -0.171010 0.866025
vn -0.434551 -0.158164 0.886651
vn -0.243210 -0.088521 0.965926
vn -0.218983 -0.079703 0.972468
vn -0.053148 -0.019344 0.998399
vn -0.053148 -0.019344 0.998399
vn -0.000000 -0.000000 1.000000
vn 0.190562 0.069359 0.979222
vn 0.243210 0.088521 0.965926
vn 0.421384 0.153371 0.893819
vn 0.469846 0.171010 0.866025
vn 0.623708 0.227011 0.747967
vn 0.664463 0.241845 0.707107
vn 0.783850 0.285298 0.551528
vn 0.813798 0.296198 0.500000
vn 0.890980 0.324290 0.317790
vn 0.907673 0.330366 0.258819
vn 0.937852 0.341350 0.062559
vn 0.939693 0.342020 0.000000
vn 0.921296 0.335324 -0.196902
vn 0.907673 0.330366 -0.258819
vn 0.842433 0.306620 -0.443047
vn 0.813798 0.296198 -0.500000
vn 0.706595 0.257179 -0.659229
vn 0.664463 0.241845 -0.707107
vn 0.522969 0.190345 -0.830826
vn 0.469846 0.171010 -0.866025
vn 0.303975 0.110638 -0.946234
vn 0.243210 0.088521 -0.965926
vn 0.064423 0.023448 -0.997647
vn 0.122654 0.044643 -0.991445
vn -0.010363 -0.003772 0.999939
vn 0.009721 0.003538 0.999946
vn 0.041104 0.014961 -0.999043
vn 0.046314 0.016857 -0.998785
vn 0.054156 0.019711 -0.998338
vn 0.064423 0.023448 -0.997647
vn -0.039474 -0.014367 0.999117
vn -0.033355 -0.012140 0.999370
vn -0.027746 -0.010099 0.999564
vn -0.018120 -0.006595 0.999814
vn -0.243210 -0.088521 0.965926
vn -0.243210 -0.088521 0.965926
vn -0.000000 -0.000000 1.000000
vn -0.000000 -0.000000 1.000000
vn 0.243210 0.088521 0.965926
vn 0.243210 0.088521 0.965926
vn 0.469846 0.171010 0.866025
vn 0.469846 0.171010 0.866025
vn 0.664463 0.241845 0.707107
vn 0.664463 0.241845 0.707107
vn 0.813798 0.296198 0.500000
vn 0.813798 0.296198 0.500000
vn 0.907673 0.330366 0.258819
vn 0.907673 0.330366 0.258819
vn 0.939693 0.342020 -0.000000
vn 0.939693 0.342020 -0.000000
vn 0.907673 0.330366 -0.258819
vn 0.907673 0.330366 -0.258819
vn 0.813798 0.296198 -0.500000
vn 0.813798 0.296198 -0.500000
vn 0.664463 0.241845 -0.707107
vn 0.664463 0.241845 -0.707107
vn 0.469846 0.171010 -0.866025
vn 0.469846 0.171010 -0.866025
vn 0.243210 0.088521 -0.965926
vn 0.243210 0.088521 -0.965926
vn 0.000000 0.000000 -1.000000
vn 0.000000 0.000000 -1.000000
vn -0.243210 -0.088521 -0.965926
vn -0.243210 -0.088521 -0.965926
vn -0.469846 -0.171010 -0.866025
vn -0.469846 -0.171010 -0.866025
vn -0.664463 -0.241845 -0.707107
vn -0.664463 -0.241845 -0.707107
vn -0.813798 -0.296198 -0.500000
vn -0.813798 -0.296198 -0.500000
vn -0.907673 -0.330366 -0.258819
vn -0.907673 -0.330366 -0.258819
vn -0.939693 -0.342020 -0.000000
vn -0.939693 -0.342020 -0.000000
vn -0.907673 -0.330366 0.258819
vn -0.907673 -0.330366 0.258819
vn -0.813798 -0.296198 0.500000
vn -0.813798 -0.296198 0.500000
vn -0.664463 -0.241845 0.707107
vn -0.664463 -0.241845 0.707107
vn -0.469846 -0.171010 0.866025
vn -0.469846 -0.171010 0.866025
vn 0.243210 0.088521 0.965926
vn 0.000000 0.000000 1.000000
vn -0.243210 -0.088521 0.965926
vn -0.469846 -0.171010 0.866025
vn -0.664463 -0.241845 0.707107
vn -0.813798 -0.296198 0.500000
vn -0.907673 -0.330366 0.258819
vn -0.939693 -0.342020 -0.000000
vn -0.907673 -0.330366 -0.258819
vn -0.813798 -0.296198 -0.500000
vn -0.664463 -0.241845 -0.707107
vn -0.469846 -0.171010 -0.866025
vn -0.243210 -0.088521 -0.965926
vn -0.000000 0.000000 -1.000000
vn 0.243210 0.088521 -0.965926
vn 0.469846 0.171010 -0.866025
vn 0.664463 0.241845 -0.707107
vn 0.813798 0.296198 -0.500000
vn 0.907673 0.330366 -0.258819
vn 0.939693 0.342020 -0.000000
vn 0.907673 0.330366 0.258819
vn 0.813798 0.296198 0.500000
vn 0.664463 0.241845 0.707107
vn 0.469846 0.171010 0.866025
vn 0.342020 -0.939693 -0.000000
vn 0.342020 -0.939693 -0.000000
vn 0.342020 -0.939693 -0.000000
vn 0.342020 -0.939693 -0.000000
vn 0.342020 -0.939693 -0.000000
vn 0.342020 -0.939693 -0.000000
vn 0.342020 -0.939693 -0.000000
vn 0.342020 -0.939693 -0.000000
vn 0.342020 -0.939693 -0.000000
vn 0.342020 -0.939693 -0.000000
vn 0.342020 -0.939693 -0.000000
vn 0.342020 -0.939693 -0.000000
vn 0.342020 -0.939693 -0.000000
vn 0.342020 -0.939693 -0.000000
vn 0.342020 -0.939693 -0.000000
vn 0.342020 -0.939693 -0.000000
vn 0.342020 -0.939693 -0.000000
vn 0.342020 -0.939693 -0.000000
vn 0.342020 -0.939693 -0.000000
vn 0.342020 -0.939693 -0.000000
vn 0.342020 -0.939693 -0.000000
vn 0.342020 -0.939693 -0.000000
vn 0.342020 -0.939693 -0.000000
vn 0.342020 -0.939693 -0.000000
vn 0.342020 -0.939693 -0.000000
vn 0.342020 -0.939693 -0.000000
vn 0.342020 -0.939693 -0.000000
vn 0.342020 -0.939693 -0.000000
vn 0.342020 -0.939693 -0.000000
vn 0.342020 -0.939693 -0.000000
vn 0.342020 -0.939693 -0.000000
vn 0.342020 -0.939693 -0.000000
vn 0.342020 -0.939693 -0.000000
vn 0.342020 -0.939693 -0.000000
vn 0.342020 -0.939693 -0.000000
vn 0.342020 -0.939693 -0.000000
vn 0.342020 -0.939693 -0.000000
vn 0.342020 -0.939693 -0.000000
vn 0.342020 -0.939693 -0.000000
vn 0.342020 -0.939693 -0.000000
vn 0.342020 -0.939693 -0.000000
vn 0.342020 -0.939693 -0.000000
vn 0.342020 -0.939693 -0.000000
vn 0.342020 -0.939693 -0.000000
vn 0.342020 -0.939693 -0.000000
vn 0.342020 -0.939693 -0.000000
vn 0.342020 -0.939693 -0.000000
vn 0.342020 -0.939693 -0.000000
vn 0.342020 -0.939693 -0.000000
vn 0.342020 -0.939693 -0.000000
vn 0.342020 -0.939693 -0.000000
vn 0.342020 -0.939693 -0.000000
vn 0.342020 -0.939693 -0.000000
vn 0.342020 -0.939693 -0.000000
vn 0.342020 -0.939693 -0.000000
vn 0.342020 -0.939693 -0.000000
vn 0.342020 -0.939693 -0.000000
vn 0.342020 -0.939693 -0.000000
vn 0.342020 -0.939693 -0.000000
vn 0.342020 -0.939693 -0.000000
vn 0.342020 -0.939693 -0.000000
vn 0.342020 -0.939693 -0.000000
vn 0.342020 -0.939693 -0.000000
vn 0.342020 -0.939693 -0.000000
vn 0.342020 -0.939693 -0.000000
vn 0.342020 -0.939693 -0.000000
vn 0.342020 -0.939693 -0.000000
vn 0.342020 -0.939693 -0.000000
vn 0.342020 -0.939693 -0.000000
vn 0.342020 -0.939693 -0.000000
vn 0.342020 -0.939693 -0.000000
vn 0.342020 -0.939693 -0.000000
vn 0.342020 -0.939693 -0.000000
vn 0.342020 -0.939693 -0.000000
vn 0.342020 -0.939693 -0.000000
vn 0.342020 -0.939693 -0.000000
vn 0.342020 -0.939693 -0.000000
vn 0.342020 -0.939693 -0.000000
vn 0.342020 -0.939693 -0.000000
vn 0.342020 -0.939693 -0.000000
vn 0.342020 -0.939693 -0.000000
vn 0.342020 -0.939693 -0.000000
vn 0.342020 -0.939693 -0.000000
vn 0.342020 -0.939693 -0.000000
vn 0.342020 -0.939693 -0.000000
vn 0.342020 -0.939693 -0.000000
vn 0.000000 -0.000000 1.000000
vn 0.000000 -0.000000 1.000000
vn 0.000000 -0.000000 1.000000
vn 0.000000 -0.000000 1.000000
vn 0.000000 -0.000000 1.000000
vn 0.000000 -0.000000 1.000000
vn -0.939693 -0.342020 0.000000
vn -0.939693 -0.342020 0.000000
vn -0.939693 -0.342020 0.000000
vn -0.939693 -0.342020 0.000000
vn -0.939693 -0.342020 0.000000
vn -0.939693 -0.342020 0.000000
vn -0.939693 -0.342020 0.000000
vn -0.939693 -0.342020 0.000000
vn -0.939693 -0.342020 0.000000
vn -0.939693 -0.342020 0.000000
vn -0.939693 -0.342020 0.000000
vn -0.939693 -0.342020 0.000000
vn -0.939693 -0.342020 0.000000
vn -0.939693 -0.342020 0.000000
vn -0.000000 0.000000 -1.000000
vn -0.000000 0.000000 -1.000000
vn -0.000000 0.000000 -1.000000
vn -0.342020 0.939693 0.000000
vn -0.342020 0.939693 0.000000
vn -0.342020 0.939693 0.000000
vn -0.342020 0.939693 0.000000
vn -0.342020 0.939693 0.000000
vn -0.342020 0.939693 0.000000
vn -0.342020 0.939693 0.000000
vn -0.342020 0.939693 0.000000
vn -0.342020 0.939693 0.000000
vn -0.342020 0.939693 0.000000
vn -0.342020 0.939693 0.000000
vn -0.342020 0.939693 0.000000
vn -0.342020 0.939693 0.000000
vn -0.342020 0.939693 0.000000
vn -0.342020 0.939693 0.000000
vn -0.342020 0.939693 0.000000
vn -0.342020 0.939693 0.000000
vn -0.342020 0.939693 0.000000
vn -0.342020 0.939693 0.000000
vn -0.342020 0.939693 0.000000
vn -0.000000 0.000000 -1.000000
vn -0.000000 0.000000 -1.000000
vn -0.000000 0.000000 -1.000000
vn -0.000000 0.000000 -1.000000
vn -0.000000 0.000000 -1.000000
vn -0.000000 0.000000 -1.000000
vn 0.000000 -0.000000 1.000000
vn 0.000000 -0.000000 1.000000
vn 0.000000 -0.000000 1.000000
vn 0.000000 -0.000000 1.000000
vn 0.000000 -0.000000 1.000000
vn 0.000000 -0.000000 1.000000
vn 0.316566 -0.869757 -0.378563
vn 0.285643 -0.784798 -0.550000
vn 0.316566 -0.869757 -0.378563
vn 0.285643 -0.784798 -0.550000
vn 0.316566 -0.869757 -0.378563
vn 0.316566 -0.869757 -0.378563
vn 0.335596 -0.922043 -0.192905
vn 0.335596 -0.922043 -0.192905
vn 0.335596 -0.922043 -0.192905
vn 0.316566 -0.869757 -0.378563
vn 0.285643 -0.784798 -0.550000
vn 0.335596 -0.922043 -0.192905
vn 0.335596 -0.922043 -0.192905
vn 0.316566 -0.869757 0.378563
vn 0.285643 -0.784798 0.550000
vn 0.316566 -0.869757 0.378563
vn 0.285643 -0.784798 0.550000
vn 0.316566 -0.869757 0.378563
vn 0.316566 -0.869757 0.378563
vn 0.335596 -0.922043 0.192905
vn 0.335596 -0.922043 0.192905
vn 0.335596 -0.922043 0.192905
vn 0.316566 -0.869757 0.378563
vn 0.285643 -0.784798 0.550000
vn 0.335596 -0.922043 0.192905
vn 0.335596 -0.922043 0.192905
vn 0.053148 0.019344 -0.998399
vn 0.053148 0.019344 -0.998399
vn 0.276958 0.100804 -0.955580
vn 0.289946 0.105532 -0.951207
vn 0.484548 0.176361 -0.856802
vn 0.507687 0.184783 -0.841492
vn 0.663764 0.241590 -0.707850
vn 0.692057 0.251888 -0.676468
vn 0.804110 0.292672 -0.517446
vn 0.830940 0.302437 -0.466980
vn 0.897367 0.326615 -0.296741
vn 0.915206 0.333108 -0.226798
vn 0.938075 0.341431 -0.058659
vn 0.939316 0.341883 0.028291
vn 0.923849 0.336253 0.182858
vn 0.901687 0.328187 0.281521
vn 0.855522 0.311385 0.413668
vn 0.804791 0.292920 0.516246
vn 0.737097 0.268281 0.620252
vn 0.654996 0.238399 0.717039
vn 0.575507 0.209468 0.790516
vn 0.462150 0.168209 0.870703
vn 0.380216 0.138387 0.914486
vn 0.238927 0.086962 0.967136
vn 0.162659 0.059203 0.984905
vn -0.000000 -0.000000 1.000000
vn -0.064423 -0.023448 0.997647
vn -0.021489 -0.007821 0.999738
vn -0.042967 -0.015639 0.998954
vn -0.064423 -0.023448 0.997647
vn 0.291575 -0.000000 -0.956548
vn 0.053158 -0.000000 -0.998586
vn 0.219682 -0.000000 -0.975571
vn 0.040083 -0.000000 -0.999196
vn 0.028600 -0.000000 -0.999591
vn 0.019032 -0.000000 -0.999819
vn 0.011162 -0.000000 -0.999938
vn -0.009721 0.000000 -0.999953
vn 0.440090 -0.000000 -0.897954
vn 0.516583 -0.000000 -0.856237
vn 0.640798 -0.000000 -0.767710
vn 0.715115 -0.000000 -0.699006
vn 0.809063 -0.000000 -0.587723
vn 0.871765 -0.000000 -0.489923
vn 0.930838 -0.000000 -0.365431
vn 0.970640 -0.000000 -0.240535
vn 0.993425 -0.000000 -0.114487
vn 0.999547 -0.000000 0.030105
vn 0.989305 -0.000000 0.145862
vn 0.954557 -0.000000 0.298027
vn 0.918996 -0.000000 0.394266
vn 0.841711 -0.000000 0.539929
vn 0.790841 -0.000000 0.612022
vn 0.674442 -0.000000 0.738327
vn 0.617899 -0.000000 0.786257
vn 0.468830 -0.000000 0.883288
vn 0.414162 -0.000000 0.910203
vn 0.239836 -0.000000 0.970813
vn 0.192129 -0.000000 0.981370
vn -0.037714 0.000000 0.999289
vn -0.021490 0.000000 0.999769
vn -0.037876 0.000000 0.999282
vn -0.042972 0.000000 0.999076
vn -0.040696 0.000000 0.999172
vn -0.045798 0.000000 0.998951
vn -0.049401 0.000000 0.998779
vn -0.053722 0.000000 0.998556
vn -0.064440 0.000000 0.997922
vn 0.342020 -0.939693 -0.000000
vn 0.342020 -0.939693 -0.000000
vn 0.342020 -0.939693 -0.000000
vn 0.342020 -0.939693 -0.000000
vn 0.342020 -0.939693 -0.000000
vn 0.342020 -0.939693 -0.000000
vn 0.342020 -0.939693 -0.000000
vn 0.342020 -0.939693 -0.000000
vn 0.342020 -0.939693 -0.000000
vn 0.342020 -0.939693 -0.000000
vn 0.342020 -0.939693 -0.000000
vn 0.342020 -0.939693 -0.000000
vn 0.342020 -0.939693 -0.000000
vn 0.342020 -0.939693 -0.000000
vn 0.342020 -0.939693 -0.000000
vn 0.342020 -0.939693 -0.000000
vn 0.342020 -0.939693 -0.000000
vn 0.342020 -0.939693 -0.000000
vn 0.342020 -0.939693 -0.000000
vn 0.342020 -0.939693 -0.000000
vn 0.342020 -0.939693 -0.000000
vn 0.342020 -0.939693 -0.000000
vn 0.342020 -0.939693 -0.000000
vn 0.342020 -0.939693 -0.000000
vn 0.342020 -0.939693 -0.000000
f 187/357/345 188/358/346 196/359/347
f 196/359/347 188/358/346 195/360/348
f 195/360/348 188/358/346 189/361/349
f 195/360/348 189/361/349 194/362/350
f 194/362/350 189/361/349 190/363/351
f 194/362/350 190/363/351 193/364/352
f 193/364/352 190/363/351 191/365/353
f 193/364/352 191/365/353 192/366/354
f 196/367/355 197/368/356 187/369/357
f 187/369/357 197/368/356 204/370/358
f 204/370/358 197/368/356 198/371/359
f 204/370/358 198/371/359 203/372/360
f 203/372/360 198/371/359 199/373/361
f 203/372/360 199/373/361 202/374/362
f 202/374/362 199/373/361 200/375/363
f 202/374/362 200/375/363 201/376/364
f 206/377/365 236/378/366 205/379/367
f 205/379/367 236/378/366 237/380/368
f 205/379/367 237/380/368 230/381/369
f 230/381/369 237/380/368 240/382/370
f 230/381/369 240/382/370 229/383/371
f 229/383/371 240/382/370 228/384/372
f 228/384/372 240/382/370 227/385/373
f 227/385/373 240/382/370 238/386/374
f 227/385/373 238/386/374 226/387/375
f 226/387/375 238/386/374 225/388/376
f 225/388/376 238/386/374 198/389/377
f 225/388/376 198/389/377 224/390/378
f 224/390/378 198/389/377 244/391/379
f 224/390/378 244/391/379 223/392/380
f 223/392/380 244/391/379 222/393/381
f 222/393/381 244/391/379 221/394/382
f 221/394/382 244/391/379 220/395/383
f 220/395/383 244/391/379 219/396/384
f 219/396/384 244/391/379 195/397/385
f 219/396/384 195/397/385 243/398/386
f 243/398/386 195/397/385 194/399/387
f 243/398/386 194/399/387 241/400/388
f 241/400/388 194/399/387 193/401/389
f 241/400/388 193/401/389 231/402/390
f 231/402/390 193/401/389 192/403/391
f 236/378/366 206/377/365 239/404/392
f 239/404/392 206/377/365 207/405/393
f 239/404/392 207/405/393 208/406/394
f 208/406/394 209/407/395 239/404/392
f 239/404/392 209/407/395 210/408/396
f 239/404/392 210/408/396 242/409/397
f 242/409/397 210/408/396 211/410/398
f 242/409/397 211/410/398 212/411/399
f 242/409/397 212/411/399 241/400/388
f 241/400/388 212/411/399 213/412/400
f 241/400/388 213/412/400 243/398/386
f 243/398/386 213/412/400 214/413/401
f 243/398/386 214/413/401 215/414/402
f 215/414/402 216/415/403 243/398/386
f 243/398/386 216/415/403 217/416/404
f 243/398/386 217/416/404 218/417/405
f 218/417/405 219/396/384 243/398/386
f 196/418/406 195/397/385 197/419/407
f 197/419/407 195/397/385 244/391/379
f 197/419/407 244/391/379 198/389/377
f 231/402/390 232/420/408 241/400/388
f 241/400/388 232/420/408 242/409/397
f 232/420/408 233/421/409 242/409/397
f 242/409/397 233/421/409 235/422/410
f 242/409/397 235/422/410 239/404/392
f 239/404/392 235/422/410 236/378/366
f 233/421/409 234/423/411 235/422/410
f 200/424/412 199/425/413 237/380/368
f 237/380/368 199/425/413 238/386/374
f 237/380/368 238/386/374 240/382/370
f 199/425/413 198/389/377 238/386/374
f 191/426/414 245/427/415 192/428/416
f 192/428/416 245/427/415 231/429/417
f 231/429/417 245/427/415 246/430/418
f 231/429/417 246/430/418 232/431/419
f 232/431/419 246/430/418 247/432/420
f 232/431/419 247/432/420 233/433/421
f 233/433/421 247/432/420 248/434/422
f 233/433/421 248/434/422 234/435/423
f 248/436/424 249/437/425 234/438/426
f 234/438/426 249/437/425 235/439/427
f 235/439/427 249/437/425 250/440/428
f 235/439/427 250/440/428 236/441/429
f 236/441/429 250/440/428 251/442/430
f 236/441/429 251/442/430 237/443/431
f 237/443/431 251/442/430 201/444/432
f 237/443/431 201/444/432 200/445/433
f 267/446/434 252/447/435 264/448/436
f 264/448/436 252/447/435 253/449/437
f 264/448/436 253/449/437 263/450/438
f 263/450/438 253/449/437 254/451/439
f 263/450/438 254/451/439 262/452/440
f 262/452/440 254/451/439 261/453/441
f 261/453/441 254/451/439 255/454/442
f 261/453/441 255/454/442 260/455/443
f 260/455/443 255/454/442 256/456/444
f 260/455/443 256/456/444 257/457/445
f 258/458/446 259/459/447 257/457/445
f 257/457/445 259/459/447 260/455/443
f 264/448/436 265/460/448 267/446/434
f 267/446/434 265/460/448 266/461/449
f 277/462/450 260/463/451 278/464/452
f 278/464/452 260/463/451 259/465/453
f 278/464/452 259/465/453 286/466/454
f 286/466/454 259/465/453 258/467/455
f 286/466/454 258/467/455 257/468/456
f 257/468/456 268/469/457 286/466/454
f 286/466/454 268/469/457 287/470/458
f 286/466/454 287/470/458 278/464/452
f 278/464/452 287/470/458 279/471/459
f 278/464/452 279/471/459 277/462/450
f 277/462/450 279/471/459 280/472/460
f 277/462/450 280/472/460 276/473/461
f 276/473/461 280/472/460 281/474/462
f 276/473/461 281/474/462 282/475/463
f 282/475/463 281/474/462 290/476/464
f 282/475/463 290/476/464 291/477/465
f 291/477/465 290/476/464 269/478/466
f 291/477/465 269/478/466 270/479/467
f 287/470/458 268/469/457 288/480/468
f 288/480/468 268/469/457 269/478/466
f 288/480/468 269/478/466 289/481/469
f 289/481/469 269/478/466 290/476/464
f 289/481/469 290/476/464 281/474/462
f 271/482/470 293/483/471 270/479/467
f 270/479/467 293/483/471 292/484/472
f 270/479/467 292/484/472 291/477/465
f 291/477/465 292/484/472 283/485/473
f 291/477/465 283/485/473 282/475/463
f 282/475/463 283/485/473 276/473/461
f 271/482/470 272/486/474 293/483/471
f 293/483/471 272/486/474 285/487/475
f 293/483/471 285/487/475 284/488/476
f 284/488/476 285/487/475 275/489/477
f 284/488/476 275/489/477 283/485/473
f 283/485/473 275/489/477 276/473/461
f 272/486/474 273/490/478 285/487/475
f 285/487/475 273/490/478 274/491/479
f 285/487/475 274/491/479 275/489/477
f 289/481/469 281/474/462 280/472/460
f 287/470/458 288/480/468 279/471/459
f 279/471/459 288/480/468 280/472/460
f 288/480/468 289/481/469 280/472/460
f 293/483/471 284/488/476 292/484/472
f 292/484/472 284/488/476 283/485/473
f 256/492/480 294/493/481 257/494/482
f 257/494/482 294/493/481 268/495/483
f 268/495/483 294/493/481 295/496/484
f 268/495/483 295/496/484 269/497/485
f 269/497/485 295/496/484 296/498/486
f 269/497/485 296/498/486 270/499/487
f 270/499/487 296/498/486 297/500/488
f 270/499/487 297/500/488 271/501/489
f 204/502/490 304/503/491 187/504/492
f 187/504/492 304/503/491 298/505/493
f 187/504/492 298/505/493 299/506/494
f 304/503/491 204/502/490 303/507/495
f 303/507/495 204/502/490 203/508/496
f 303/507/495 203/508/496 202/509/497
f 303/507/495 202/509/497 302/510/498
f 302/510/498 202/509/497 201/511/499
f 302/510/498 201/511/499 252/512/500
f 252/512/500 201/511/499 253/513/501
f 253/513/501 201/511/499 251/514/502
f 253/513/501 251/514/502 254/515/503
f 254/515/503 251/514/502 250/516/504
f 254/515/503 250/516/504 249/517/505
f 254/515/503 249/517/505 255/518/506
f 255/518/506 249/517/505 248/519/507
f 255/518/506 248/519/507 256/520/508
f 256/520/508 248/519/507 294/521/509
f 294/521/509 248/519/507 247/522/510
f 294/521/509 247/522/510 295/523/511
f 295/523/511 247/522/510 246/524/512
f 295/523/511 246/524/512 245/525/513
f 295/523/511 245/525/513 296/526/514
f 296/526/514 245/525/513 191/527/515
f 296/526/514 191/527/515 297/528/516
f 297/528/516 191/527/515 301/529/517
f 301/529/517 191/527/515 190/530/518
f 301/529/517 190/530/518 300/531/519
f 300/531/519 190/530/518 189/532/520
f 300/531/519 189/532/520 188/533/521
f 300/531/519 188/533/521 299/506/494
f 299/506/494 188/533/521 187/504/492
f 271/534/522 297/535/523 274/536/524
f 274/536/524 297/535/523 301/537/525
f 274/536/524 301/537/525 311/538/526
f 311/538/526 301/537/525 300/539/527
f 311/538/526 300/539/527 310/540/528
f 310/540/528 300/539/527 309/541/529
f 309/541/529 300/539/527 299/542/530
f 309/541/529 299/542/530 308/543/531
f 308/543/531 299/542/530 298/544/532
f 308/543/531 298/544/532 305/545/533
f 306/546/534 307/547/535 305/545/533
f 305/545/533 307/547/535 308/543/531
f 274/536/524 273/548/536 271/534/522
f 271/534/522 273/548/536 272/549/537
f 264/550/538 263/551/539 314/552/540
f 314/552/540 263/551/539 341/553/541
f 314/552/540 341/553/541 313/554/542
f 313/554/542 341/553/541 343/555/543
f 313/554/542 343/555/543 347/556/544
f 347/556/544 343/555/543 317/557/545
f 347/556/544 317/557/545 318/558/546
f 263/551/539 262/559/547 341/553/541
f 341/553/541 262/559/547 340/560/548
f 341/553/541 340/560/548 333/561/549
f 333/561/549 340/560/548 332/562/550
f 332/562/550 340/560/548 331/563/551
f 331/563/551 340/560/548 330/564/552
f 330/564/552 340/560/548 329/565/553
f 329/565/553 340/560/548 339/566/554
f 329/565/553 339/566/554 342/567/555
f 342/567/555 339/566/554 277/568/450
f 342/567/555 277/568/450 276/569/461
f 262/559/547 261/570/556 340/560/548
f 340/560/548 261/570/556 339/566/554
f 261/570/556 260/571/451 339/566/554
f 339/566/554 260/571/451 277/568/450
f 342/567/555 276/569/461 344/572/557
f 344/572/557 276/569/461 275/573/477
f 344/572/557 275/573/477 311/574/558
f 311/574/558 275/573/477 274/575/479
f 311/574/558 310/576/559 344/572/557
f 344/572/557 310/576/559 345/577/560
f 344/572/557 345/577/560 325/578/561
f 325/578/561 345/577/560 324/579/562
f 324/579/562 345/577/560 323/580/563
f 323/580/563 345/577/560 322/581/564
f 322/581/564 345/577/560 321/582/565
f 321/582/565 345/577/560 346/583/566
f 321/582/565 346/583/566 320/584/567
f 320/584/567 346/583/566 347/556/544
f 320/584/567 347/556/544 319/585/568
f 319/585/568 347/556/544 318/558/546
f 310/576/559 309/586/569 345/577/560
f 345/577/560 309/586/569 346/583/566
f 309/586/569 308/587/570 346/583/566
f 346/583/566 308/587/570 312/588/571
f 346/583/566 312/588/571 347/556/544
f 347/556/544 312/588/571 313/554/542
f 338/589/572 315/590/573 343/555/543
f 343/555/543 315/590/573 316/591/574
f 343/555/543 316/591/574 317/557/545
f 344/572/557 325/578/561 342/567/555
f 342/567/555 325/578/561 326/592/575
f 342/567/555 326/592/575 327/593/576
f 327/593/576 328/594/577 342/567/555
f 342/567/555 328/594/577 329/565/553
f 333/561/549 334/595/578 341/553/541
f 341/553/541 334/595/578 335/596/579
f 341/553/541 335/596/579 336/597/580
f 336/597/580 337/598/581 341/553/541
f 341/553/541 337/598/581 343/555/543
f 337/598/581 338/589/572 343/555/543
f 350/599/582 267/600/583 351/601/584
f 351/601/584 267/600/583 266/602/585
f 351/601/584 266/602/585 359/603/586
f 359/603/586 266/602/585 265/604/587
f 359/603/586 265/604/587 264/605/538
f 264/605/538 314/606/540 359/603/586
f 359/603/586 314/606/540 360/607/588
f 359/603/586 360/607/588 351/601/584
f 351/601/584 360/607/588 352/608/589
f 351/601/584 352/608/589 350/599/582
f 350/599/582 352/608/589 353/609/590
f 350/599/582 353/609/590 349/610/591
f 349/610/591 353/609/590 354/611/592
f 349/610/591 354/611/592 355/612/593
f 355/612/593 354/611/592 363/613/594
f 355/612/593 363/613/594 364/614/595
f 364/614/595 363/613/594 313/615/542
f 364/614/595 313/615/542 312/616/571
f 360/607/588 314/606/540 361/617/596
f 361/617/596 314/606/540 313/615/542
f 361/617/596 313/615/542 362/618/597
f 362/618/597 313/615/542 363/613/594
f 362/618/597 363/613/594 354/611/592
f 308/619/570 366/620/598 312/616/571
f 312/616/571 366/620/598 365/621/599
f 312/616/571 365/621/599 364/614/595
f 364/614/595 365/621/599 356/622/600
f 364/614/595 356/622/600 355/612/593
f 355/612/593 356/622/600 349/610/591
f 308/619/570 307/623/601 366/620/598
f 366/620/598 307/623/601 358/624/602
f 366/620/598 358/624/602 357/625/603
f 357/625/603 358/624/602 348/626/604
f 357/625/603 348/626/604 356/622/600
f 356/622/600 348/626/604 349/610/591
f 307/623/601 306/627/605 358/624/602
f 358/624/602 306/627/605 305/628/606
f 358/624/602 305/628/606 348/626/604
f 362/618/597 354/611/592 353/609/590
f 360/607/588 361/617/596 352/608/589
f 352/608/589 361/617/596 353/609/590
f 361/617/596 362/618/597 353/609/590
f 366/620/598 357/625/603 365/621/599
f 365/621/599 357/625/603 356/622/600
f 267/629/607 350/630/608 252/631/609
f 252/631/609 350/630/608 302/632/610
f 302/632/610 350/630/608 349/633/611
f 302/632/610 349/633/611 303/634/612
f 303/634/612 349/633/611 348/635/613
f 303/634/612 348/635/613 304/636/614
f 304/636/614 348/635/613 305/637/615
f 304/636/614 305/637/615 298/638/616
f 382/639/617 367/640/618 383/641/619
f 383/641/619 367/640/618 368/642/620
f 383/641/619 368/642/620 385/643/621
f 385/643/621 368/642/620 369/644/622
f 385/643/621 369/644/622 387/645/623
f 387/645/623 369/644/622 370/646/624
f 387/645/623 370/646/624 389/647/625
f 389/647/625 370/646/624 371/648/626
f 389/647/625 371/648/626 391/649/627
f 391/649/627 371/648/626 372/650/628
f 391/649/627 372/650/628 373/651/629
f 373/651/629 374/652/630 391/649/627
f 391/649/627 374/652/630 392/653/631
f 391/649/627 392/653/631 389/647/625
f 389/647/625 392/653/631 390/654/632
f 389/647/625 390/654/632 387/645/623
f 387/645/623 390/654/632 388/655/633
f 387/645/623 388/655/633 385/643/621
f 385/643/621 388/655/633 386/656/634
f 385/643/621 386/656/634 383/641/619
f 383/641/619 386/656/634 384/657/635
f 383/641/619 384/657/635 382/639/617
f 382/639/617 384/657/635 381/658/636
f 381/658/636 384/657/635 380/659/637
f 380/659/637 384/657/635 379/660/638
f 379/660/638 384/657/635 386/656/634
f 379/660/638 386/656/634 378/661/639
f 378/661/639 386/656/634 388/655/633
f 378/661/639 388/655/633 377/662/640
f 377/662/640 388/655/633 390/654/632
f 377/662/640 390/654/632 376/663/641
f 376/663/641 390/654/632 392/653/631
f 376/663/641 392/653/631 375/664/642
f 375/664/642 392/653/631 374/652/630
f 372/665/643 367/666/644 373/667/645
f 373/667/645 367/666/644 393/668/646
f 373/667/645 393/668/646 398/669/647
f 398/669/647 393/668/646 397/670/648
f 397/670/648 393/668/646 394/671/649
f 397/670/648 394/671/649 396/672/650
f 396/672/650 394/671/649 395/673/651
f 372/665/643 371/674/652 367/666/644
f 367/666/644 371/674/652 370/675/653
f 367/666/644 370/675/653 369/676/654
f 369/676/654 368/677/655 367/666/644
f 398/669/647 399/678/656 373/667/645
f 393/679/657 367/680/618 429/681/658
f 429/681/658 367/680/618 382/682/617
f 429/681/658 382/682/617 417/683/659
f 417/683/659 382/682/617 428/684/660
f 417/683/659 428/684/660 416/685/661
f 416/685/661 428/684/660 415/686/662
f 415/686/662 428/684/660 400/687/663
f 415/686/662 400/687/663 414/688/664
f 414/688/664 400/687/663 413/689/665
f 413/689/665 400/687/663 412/690/666
f 412/690/666 400/687/663 411/691/667
f 411/691/667 400/687/663 410/692/668
f 410/692/668 400/687/663 401/693/669
f 410/692/668 401/693/669 409/694/670
f 409/694/670 401/693/669 408/695/671
f 408/695/671 401/693/669 407/696/672
f 407/696/672 401/693/669 406/697/673
f 406/697/673 401/693/669 430/698/674
f 406/697/673 430/698/674 405/699/675
f 405/699/675 430/698/674 404/700/676
f 404/700/676 430/698/674 427/701/677
f 427/701/677 430/698/674 426/702/678
f 426/702/678 430/698/674 394/703/679
f 426/702/678 394/703/679 425/704/680
f 425/704/680 394/703/679 424/705/681
f 424/705/681 394/703/679 423/706/682
f 423/706/682 394/703/679 422/707/683
f 422/707/683 394/703/679 393/679/657
f 422/707/683 393/679/657 421/708/684
f 421/708/684 393/679/657 429/681/658
f 421/708/684 429/681/658 420/709/685
f 420/709/685 429/681/658 419/710/686
f 419/710/686 429/681/658 418/711/687
f 418/711/687 429/681/658 417/683/659
f 381/712/636 400/687/663 382/682/617
f 382/682/617 400/687/663 428/684/660
f 402/713/688 403/714/689 401/693/669
f 401/693/669 403/714/689 430/698/674
f 403/714/689 395/715/690 430/698/674
f 430/698/674 395/715/690 394/703/679
f 444/716/691 431/717/692 442/718/693
f 442/718/693 431/717/692 432/719/694
f 442/718/693 432/719/694 433/720/695
f 442/718/693 433/720/695 441/721/696
f 441/721/696 433/720/695 434/722/697
f 441/721/696 434/722/697 440/723/698
f 440/723/698 434/722/697 439/724/699
f 439/724/699 434/722/697 435/725/700
f 439/724/699 435/725/700 436/726/701
f 436/726/701 437/727/702 439/724/699
f 439/724/699 437/727/702 438/728/703
f 442/718/693 443/729/704 444/716/691
f 458/730/705 445/731/706 449/732/707
f 449/732/707 445/731/706 446/733/708
f 449/732/707 446/733/708 447/734/709
f 447/734/709 448/735/710 449/732/707
f 449/732/707 450/736/711 458/730/705
f 458/730/705 450/736/711 451/737/712
f 458/730/705 451/737/712 457/738/713
f 457/738/713 451/737/712 452/739/714
f 457/738/713 452/739/714 456/740/715
f 456/740/715 452/739/714 455/741/716
f 455/741/716 452/739/714 454/742/717
f 454/742/717 452/739/714 453/743/718
f 316/744/719 315/745/720 484/746/721
f 484/746/721 315/745/720 338/747/722
f 484/746/721 338/747/722 485/748/723
f 485/748/723 338/747/722 337/749/724
f 485/748/723 337/749/724 486/750/725
f 486/750/725 337/749/724 336/751/726
f 486/750/725 336/751/726 487/752/727
f 487/752/727 336/751/726 335/753/728
f 487/752/727 335/753/728 488/754/729
f 488/754/729 335/753/728 334/755/730
f 488/754/729 334/755/730 489/756/731
f 489/756/731 334/755/730 333/757/732
f 489/756/731 333/757/732 483/758/733
f 483/759/733 333/760/732 332/761/734
f 483/759/733 332/761/734 490/762/735
f 490/762/735 332/761/734 331/763/736
f 490/762/735 331/763/736 491/764/737
f 491/764/737 331/763/736 330/765/738
f 491/764/737 330/765/738 492/766/739
f 492/766/739 330/765/738 329/767/740
f 492/766/739 329/767/740 493/768/741
f 493/768/741 329/767/740 328/769/742
f 493/768/741 328/769/742 494/770/743
f 494/770/743 328/769/742 327/771/744
f 494/770/743 327/771/744 495/772/745
f 495/772/745 327/771/744 496/773/746
f 495/772/745 496/773/746 482/774/747
f 482/774/747 496/773/746 481/775/748
f 481/775/748 496/773/746 497/776/749
f 481/775/748 497/776/749 480/777/750
f 480/777/750 497/776/749 498/778/751
f 480/777/750 498/778/751 479/779/752
f 479/779/752 498/778/751 499/780/753
f 479/779/752 499/780/753 478/781/754
f 478/781/754 499/780/753 500/782/755
f 478/781/754 500/782/755 477/783/756
f 477/783/756 500/782/755 501/784/757
f 477/783/756 501/784/757 476/785/758
f 476/785/758 501/784/757 502/786/759
f 476/785/758 502/786/759 475/787/760
f 475/787/760 502/786/759 503/788/761
f 475/787/760 503/788/761 474/789/762
f 474/789/762 503/788/761 504/790/763
f 474/789/762 504/790/763 473/791/764
f 473/791/764 504/790/763 505/792/765
f 473/791/764 505/792/765 472/793/766
f 472/793/766 505/792/765 506/794/767
f 472/793/766 506/794/767 471/795/768
f 471/795/768 506/794/767 484/746/721
f 471/795/768 484/746/721 470/796/769
f 470/796/769 484/746/721 485/748/723
f 470/796/769 485/748/723 469/797/770
f 469/797/770 485/748/723 486/750/725
f 469/797/770 486/750/725 468/798/771
f 468/798/771 486/750/725 487/752/727
f 468/798/771 487/752/727 467/799/772
f 467/799/772 487/752/727 488/754/729
f 467/799/772 488/754/729 466/800/773
f 466/800/773 488/754/729 489/756/731
f 466/800/773 489/756/731 465/801/774
f 465/801/774 489/756/731 483/758/733
f 465/801/774 483/758/733 464/802/775
f 464/803/775 483/759/733 490/762/735
f 464/803/775 490/762/735 463/804/776
f 463/804/776 490/762/735 491/764/737
f 463/804/776 491/764/737 462/805/777
f 462/805/777 491/764/737 492/766/739
f 462/805/777 492/766/739 461/806/778
f 461/806/778 492/766/739 493/768/741
f 461/806/778 493/768/741 460/807/779
f 460/807/779 493/768/741 494/770/743
f 460/807/779 494/770/743 459/808/780
f 459/808/780 494/770/743 495/772/745
f 459/808/780 495/772/745 482/774/747
f 327/771/744 326/809/781 496/773/746
f 496/773/746 326/809/781 497/776/749
f 326/809/781 325/810/782 497/776/749
f 497/776/749 325/810/782 498/778/751
f 325/810/782 324/811/783 498/778/751
f 498/778/751 324/811/783 499/780/753
f 324/811/783 323/812/784 499/780/753
f 499/780/753 323/812/784 500/782/755
f 323/812/784 322/813/785 500/782/755
f 500/782/755 322/813/785 501/784/757
f 322/813/785 321/814/786 501/784/757
f 501/784/757 321/814/786 502/786/759
f 321/814/786 320/815/787 502/786/759
f 502/786/759 320/815/787 503/788/761
f 320/815/787 319/816/788 503/788/761
f 503/788/761 319/816/788 504/790/763
f 319/816/788 318/817/789 504/790/763
f 504/790/763 318/817/789 505/792/765
f 318/817/789 317/818/790 505/792/765
f 505/792/765 317/818/790 506/794/767
f 317/818/790 316/744/719 506/794/767
f 506/794/767 316/744/719 484/746/721
f 508/819/791 206/820/792 507/821/793
f 507/822/793 206/823/792 205/824/794
f 507/822/793 205/824/794 532/825/795
f 206/820/792 508/819/791 207/826/796
f 207/826/796 508/819/791 509/827/797
f 207/826/796 509/827/797 208/828/798
f 208/828/798 509/827/797 510/829/799
f 208/828/798 510/829/799 209/830/800
f 209/830/800 510/829/799 511/831/801
f 209/830/800 511/831/801 210/832/802
f 210/832/802 511/831/801 512/833/803
f 210/832/802 512/833/803 211/834/804
f 211/834/804 512/833/803 513/835/805
f 211/834/804 513/835/805 212/836/806
f 212/836/806 513/835/805 514/837/807
f 212/836/806 514/837/807 213/838/808
f 213/838/808 514/837/807 515/839/809
f 213/838/808 515/839/809 214/840/810
f 214/840/810 515/839/809 516/841/811
f 214/840/810 516/841/811 215/842/812
f 215/842/812 516/841/811 517/843/813
f 215/842/812 517/843/813 216/844/814
f 216/844/814 517/843/813 518/845/815
f 216/844/814 518/845/815 217/846/816
f 217/846/816 518/845/815 549/847/817
f 217/846/816 549/847/817 550/848/818
f 518/845/815 519/849/819 549/847/817
f 549/847/817 519/849/819 548/850/820
f 548/850/820 519/849/819 520/851/821
f 548/850/820 520/851/821 547/852/822
f 547/852/822 520/851/821 521/853/823
f 547/852/822 521/853/823 546/854/824
f 546/854/824 521/853/823 522/855/825
f 546/854/824 522/855/825 545/856/826
f 545/856/826 522/855/825 523/857/827
f 545/856/826 523/857/827 544/858/828
f 544/858/828 523/857/827 524/859/829
f 544/858/828 524/859/829 543/860/830
f 543/860/830 524/859/829 525/861/831
f 543/860/830 525/861/831 542/862/832
f 542/862/832 525/861/831 526/863/833
f 542/862/832 526/863/833 541/864/834
f 541/864/834 526/863/833 527/865/835
f 541/864/834 527/865/835 540/866/836
f 540/866/836 527/865/835 528/867/837
f 540/866/836 528/867/837 539/868/838
f 539/868/838 528/867/837 529/869/839
f 539/868/838 529/869/839 538/870/840
f 538/870/840 529/869/839 530/871/841
f 538/870/840 530/871/841 537/872/842
f 537/872/842 530/871/841 531/873/843
f 537/872/842 531/873/843 507/822/793
f 555/874/844 218/875/845 550/848/818
f 550/848/818 218/875/845 217/846/816
f 532/825/795 533/876/846 507/822/793
f 507/822/793 533/876/846 534/877/847
f 507/822/793 534/877/847 537/872/842
f 537/872/842 534/877/847 535/878/848
f 537/872/842 535/878/848 536/879/849
f 551/880/850 552/881/851 550/848/818
f 550/848/818 552/881/851 555/874/844
f 553/882/852 554/883/853 552/881/851
f 552/881/851 554/883/853 555/874/844
f 557/884/854 581/885/855 556/886/856
f 556/886/856 581/885/855 580/887/857
f 556/888/856 580/889/857 579/890/858
f 579/890/858 580/889/857 603/891/859
f 579/890/858 603/891/859 578/892/860
f 578/892/860 603/891/859 602/893/861
f 578/892/860 602/893/861 577/894/862
f 577/894/862 602/893/861 601/895/863
f 577/894/862 601/895/863 576/896/864
f 576/896/864 601/895/863 600/897/865
f 576/896/864 600/897/865 575/898/866
f 575/898/866 600/897/865 599/899/867
f 575/898/866 599/899/867 574/900/868
f 574/900/868 599/899/867 598/901/869
f 574/900/868 598/901/869 573/902/870
f 573/902/870 598/901/869 597/903/871
f 573/902/870 597/903/871 572/904/872
f 572/904/872 597/903/871 596/905/873
f 572/904/872 596/905/873 571/906/874
f 571/906/874 596/905/873 595/907/875
f 571/906/874 595/907/875 570/908/876
f 570/908/876 595/907/875 594/909/877
f 570/908/876 594/909/877 569/910/878
f 569/910/878 594/909/877 593/911/879
f 569/910/878 593/911/879 568/912/880
f 568/912/880 593/911/879 592/913/881
f 568/912/880 592/913/881 567/914/882
f 567/914/882 592/913/881 591/915/883
f 567/914/882 591/915/883 566/916/884
f 566/916/884 591/915/883 590/917/885
f 566/916/884 590/917/885 565/918/886
f 565/918/886 590/917/885 589/919/887
f 565/918/886 589/919/887 564/920/888
f 564/920/888 589/919/887 588/921/889
f 564/920/888 588/921/889 563/922/890
f 563/922/890 588/921/889 587/923/891
f 563/922/890 587/923/891 562/924/892
f 562/924/892 587/923/891 586/925/893
f 562/924/892 586/925/893 561/926/894
f 561/926/894 586/925/893 585/927/895
f 561/926/894 585/927/895 560/928/896
f 560/928/896 585/927/895 584/929/897
f 560/928/896 584/929/897 559/930/898
f 559/930/898 584/929/897 583/931/899
f 559/930/898 583/931/899 558/932/900
f 558/932/900 583/931/899 582/933/901
f 558/932/900 582/933/901 557/884/854
f 557/884/854 582/933/901 581/885/855
f 427/934/902 603/891/859 404/935/903
f 404/935/903 603/891/859 580/889/857
f 404/936/903 580/887/857 405/937/904
f 405/937/904 580/887/857 581/885/855
f 405/937/904 581/885/855 406/938/905
f 406/938/905 581/885/855 582/933/901
f 406/938/905 582/933/901 407/939/906
f 407/939/906 582/933/901 583/931/899
f 407/939/906 583/931/899 408/940/907
f 408/940/907 583/931/899 584/929/897
f 408/940/907 584/929/897 409/941/908
f 409/941/908 584/929/897 585/927/895
f 409/941/908 585/927/895 410/942/909
f 410/942/909 585/927/895 586/925/893
f 410/942/909 586/925/893 411/943/910
f 411/943/910 586/925/893 587/923/891
f 411/943/910 587/923/891 412/944/911
f 412/944/911 587/923/891 588/921/889
f 412/944/911 588/921/889 413/945/912
f 413/945/912 588/921/889 589/919/887
f 413/945/912 589/919/887 414/946/913
f 414/946/913 589/919/887 590/917/885
f 414/946/913 590/917/885 415/947/914
f 415/947/914 590/917/885 591/915/883
f 415/947/914 591/915/883 416/948/915
f 416/948/915 591/915/883 592/913/881
f 416/948/915 592/913/881 417/949/916
f 417/949/916 592/913/881 593/911/879
f 417/949/916 593/911/879 418/950/917
f 418/950/917 593/911/879 594/909/877
f 418/950/917 594/909/877 419/951/918
f 419/951/918 594/909/877 595/907/875
f 419/951/918 595/907/875 420/952/919
f 420/952/919 595/907/875 596/905/873
f 420/952/919 596/905/873 421/953/920
f 421/953/920 596/905/873 597/903/871
f 421/953/920 597/903/871 422/954/921
f 422/954/921 597/903/871 598/901/869
f 422/954/921 598/901/869 423/955/922
f 423/955/922 598/901/869 599/899/867
f 423/955/922 599/899/867 424/956/923
f 424/956/923 599/899/867 600/897/865
f 424/956/923 600/897/865 425/957/924
f 425/957/924 600/897/865 601/895/863
f 425/957/924 601/895/863 426/958/925
f 426/958/925 601/895/863 602/893/861
f 426/958/925 602/893/861 427/934/902
f 427/934/902 602/893/861 603/891/859
f 579/959/926 508/960/927 556/961/928
f 556/961/928 508/960/927 507/962/929
f 556/961/928 507/962/929 531/963/930
f 579/959/926 578/964/931 508/960/927
f 508/960/927 578/964/931 509/965/932
f 509/965/932 578/964/931 577/966/933
f 509/965/932 577/966/933 510/967/934
f 510/967/934 577/966/933 576/968/935
f 510/967/934 576/968/935 511/969/936
f 511/969/936 576/968/935 575/970/937
f 511/969/936 575/970/937 512/971/938
f 512/971/938 575/970/937 574/972/939
f 512/971/938 574/972/939 513/973/940
f 513/973/940 574/972/939 514/974/941
f 514/974/941 574/972/939 573/975/942
f 514/974/941 573/975/942 515/976/943
f 515/976/943 573/975/942 572/977/944
f 515/976/943 572/977/944 516/978/945
f 516/978/945 572/977/944 571/979/946
f 516/978/945 571/979/946 517/980/947
f 517/980/947 571/979/946 570/981/948
f 517/980/947 570/981/948 518/982/949
f 518/982/949 570/981/948 569/983/950
f 518/982/949 569/983/950 519/984/951
f 519/984/951 569/983/950 568/985/952
f 519/984/951 568/985/952 567/986/953
f 519/984/951 567/986/953 520/987/954
f 520/987/954 567/986/953 566/988/955
f 520/987/954 566/988/955 521/989/956
f 521/989/956 566/988/955 565/990/957
f 521/989/956 565/990/957 522/991/958
f 522/991/958 565/990/957 564/992/959
f 522/991/958 564/992/959 523/993/960
f 523/993/960 564/992/959 563/994/961
f 523/993/960 563/994/961 524/995/962
f 524/995/962 563/994/961 562/996/963
f 524/995/962 562/996/963 525/997/964
f 525/997/964 562/996/963 526/998/965
f 526/998/965 562/996/963 561/999/966
f 526/998/965 561/999/966 527/1000/967
f 527/1000/967 561/999/966 560/1001/968
f 527/1000/967 560/1001/968 528/1002/969
f 528/1002/969 560/1001/968 559/1003/970
f 528/1002/969 559/1003/970 529/1004/971
f 529/1004/971 559/1003/970 558/1005/972
f 529/1004/971 558/1005/972 530/1006/973
f 530/1006/973 558/1005/972 557/1007/974
f 530/1006/973 557/1007/974 531/963/930
f 531/963/930 557/1007/974 556/961/928
f 482/1008/975 451/1009/976 459/1010/977
f 459/1010/977 451/1009/976 450/1011/978
f 459/1010/977 450/1011/978 460/1012/979
f 460/1012/979 450/1011/978 461/1013/980
f 461/1013/980 450/1011/978 462/1014/981
f 462/1014/981 450/1011/978 463/1015/982
f 463/1015/982 450/1011/978 607/1016/983
f 463/1015/982 607/1016/983 464/1017/984
f 464/1017/984 607/1016/983 465/1018/985
f 465/1018/985 607/1016/983 466/1019/986
f 466/1019/986 607/1016/983 441/1020/987
f 466/1019/986 441/1020/987 467/1021/988
f 467/1021/988 441/1020/987 468/1022/989
f 468/1022/989 441/1020/987 469/1023/990
f 469/1023/990 441/1020/987 470/1024/991
f 470/1024/991 441/1020/987 471/1025/992
f 471/1025/992 441/1020/987 440/1026/993
f 471/1025/992 440/1026/993 472/1027/994
f 472/1027/994 440/1026/993 608/1028/995
f 472/1027/994 608/1028/995 473/1029/996
f 473/1029/996 608/1028/995 474/1030/997
f 474/1030/997 608/1028/995 475/1031/998
f 475/1031/998 608/1028/995 606/1032/999
f 475/1031/998 606/1032/999 476/1033/1000
f 476/1033/1000 606/1032/999 477/1034/1001
f 477/1034/1001 606/1032/999 478/1035/1002
f 478/1035/1002 606/1032/999 451/1009/976
f 478/1035/1002 451/1009/976 479/1036/1003
f 479/1036/1003 451/1009/976 480/1037/1004
f 480/1037/1004 451/1009/976 481/1038/1005
f 481/1038/1005 451/1009/976 482/1008/975
f 442/1039/1006 441/1020/987 605/1040/1007
f 605/1040/1007 441/1020/987 607/1016/983
f 605/1040/1007 607/1016/983 449/1041/1008
f 449/1041/1008 607/1016/983 450/1011/978
f 440/1026/993 439/1042/1009 608/1028/995
f 608/1028/995 439/1042/1009 604/1043/1010
f 608/1028/995 604/1043/1010 606/1032/999
f 606/1032/999 604/1043/1010 451/1009/976
f 604/1043/1010 452/1044/1011 451/1009/976
f 402/1045/1012 609/1046/1013 403/1047/1014
f 403/1047/1014 609/1046/1013 610/1048/1015
f 403/1047/1014 610/1048/1015 395/1049/1016
f 395/1049/1016 610/1048/1015 396/1050/1017
f 380/1051/1018 379/1052/1019 381/1053/1020
f 381/1053/1020 379/1052/1019 378/1054/1021
f 381/1053/1020 378/1054/1021 377/1055/1022
f 377/1055/1022 376/1056/1023 381/1053/1020
f 381/1053/1020 376/1056/1023 375/1057/1024
f 381/1053/1020 375/1057/1024 400/1058/1025
f 400/1058/1025 375/1057/1024 612/1059/1026
f 400/1058/1025 612/1059/1026 613/1060/1027
f 375/1057/1024 611/1061/1028 612/1059/1026
f 400/1058/1025 613/1060/1027 401/1062/1029
f 401/1062/1029 613/1060/1027 609/1063/1030
f 401/1062/1029 609/1063/1030 402/1064/1031
f 375/1065/642 374/1066/630 611/1067/1032
f 611/1067/1032 374/1066/630 614/1068/1033
f 614/1068/1033 374/1066/630 373/1069/629
f 614/1068/1033 373/1069/629 399/1070/1034
f 614/1071/1035 615/1072/1036 611/1073/1037
f 611/1073/1037 615/1072/1036 435/1074/1038
f 611/1073/1037 435/1074/1038 434/1075/1039
f 614/1071/1035 399/1076/1040 615/1072/1036
f 615/1072/1036 399/1076/1040 456/1077/1041
f 456/1077/1041 399/1076/1040 457/1078/1042
f 457/1078/1042 399/1076/1040 398/1079/1043
f 457/1078/1042 398/1079/1043 397/1080/1044
f 457/1078/1042 397/1080/1044 458/1081/1045
f 458/1081/1045 397/1080/1044 396/1082/1046
f 458/1081/1045 396/1082/1046 445/1083/1047
f 445/1083/1047 396/1082/1046 616/1084/1048
f 616/1084/1048 396/1082/1046 610/1085/1049
f 616/1084/1048 610/1085/1049 609/1086/1050
f 613/1087/1051 433/1088/1052 609/1086/1050
f 609/1086/1050 433/1088/1052 432/1089/1053
f 609/1086/1050 432/1089/1053 616/1084/1048
f 613/1087/1051 612/1090/1054 433/1088/1052
f 433/1088/1052 612/1090/1054 434/1075/1039
f 434/1075/1039 612/1090/1054 611/1073/1037
f 431/1091/1055 617/1092/1056 432/1093/1057
f 432/1093/1057 617/1092/1056 616/1094/1058
f 616/1094/1058 617/1092/1056 446/1095/1059
f 616/1094/1058 446/1095/1059 445/1096/1060
f 436/1097/1061 435/1098/1062 618/1099/1063
f 618/1099/1063 435/1098/1062 615/1100/1064
f 618/1099/1063 615/1100/1064 455/1101/1065
f 455/1101/1065 615/1100/1064 456/1102/1066
f 447/1103/1067 446/1104/1068 621/1105/1069
f 621/1105/1069 446/1104/1068 617/1106/1070
f 621/1105/1069 617/1106/1070 620/1107/1071
f 620/1107/1071 617/1106/1070 619/1108/1072
f 620/1107/1071 619/1108/1072 623/1109/1073
f 623/1109/1073 619/1108/1072 622/1110/1074
f 623/1109/1073 622/1110/1074 605/1111/1007
f 605/1111/1007 622/1110/1074 442/1112/1006
f 442/1112/1006 622/1110/1074 443/1113/1075
f 443/1113/1075 622/1110/1074 444/1114/1076
f 444/1114/1076 622/1110/1074 619/1108/1072
f 444/1114/1076 619/1108/1072 431/1115/1077
f 431/1115/1077 619/1108/1072 617/1106/1070
f 623/1109/1073 605/1111/1007 624/1116/1078
f 624/1116/1078 605/1111/1007 449/1117/1008
f 624/1116/1078 449/1117/1008 448/1118/1079
f 624/1116/1078 448/1118/1079 621/1105/1069
f 621/1105/1069 448/1118/1079 447/1103/1067
f 624/1116/1078 621/1105/1069 620/1107/1071
f 624/1116/1078 620/1107/1071 623/1109/1073
f 437/1119/1080 436/1120/1081 627/1121/1082
f 627/1121/1082 436/1120/1081 618/1122/1083
f 627/1121/1082 618/1122/1083 626/1123/1084
f 626/1123/1084 618/1122/1083 625/1124/1085
f 626/1123/1084 625/1124/1085 629/1125/1086
f 629/1125/1086 625/1124/1085 628/1126/1087
f 629/1125/1086 628/1126/1087 604/1127/1010
f 604/1127/1010 628/1126/1087 452/1128/1011
f 452/1128/1011 628/1126/1087 453/1129/1088
f 453/1129/1088 628/1126/1087 454/1130/1089
f 454/1130/1089 628/1126/1087 625/1124/1085
f 454/1130/1089 625/1124/1085 455/1131/1090
f 455/1131/1090 625/1124/1085 618/1122/1083
f 629/1125/1086 604/1127/1010 630/1132/1091
f 630/1132/1091 604/1127/1010 439/1133/1009
f 630/1132/1091 439/1133/1009 438/1134/1092
f 630/1132/1091 438/1134/1092 627/1121/1082
f 627/1121/1082 438/1134/1092 437/1119/1080
f 630/1132/1091 627/1121/1082 626/1123/1084
f 630/1132/1091 626/1123/1084 629/1125/1086
f 537/1135/1093 536/1136/1094 656/1137/1095
f 656/1137/1095 536/1136/1094 631/1138/1096
f 656/1137/1095 631/1138/1096 655/1139/1097
f 655/1139/1097 631/1138/1096 632/1140/1098
f 655/1139/1097 632/1140/1098 654/1141/1099
f 654/1141/1099 632/1140/1098 633/1142/1100
f 654/1141/1099 633/1142/1100 653/1143/1101
f 653/1143/1101 633/1142/1100 634/1144/1102
f 653/1143/1101 634/1144/1102 652/1145/1103
f 652/1145/1103 634/1144/1102 635/1146/1104
f 652/1145/1103 635/1146/1104 651/1147/1105
f 651/1147/1105 635/1146/1104 636/1148/1106
f 651/1147/1105 636/1148/1106 650/1149/1107
f 650/1149/1107 636/1148/1106 637/1150/1108
f 650/1149/1107 637/1150/1108 649/1151/1109
f 649/1151/1109 637/1150/1108 638/1152/1110
f 649/1151/1109 638/1152/1110 648/1153/1111
f 648/1153/1111 638/1152/1110 639/1154/1112
f 648/1153/1111 639/1154/1112 647/1155/1113
f 647/1155/1113 639/1154/1112 640/1156/1114
f 647/1155/1113 640/1156/1114 646/1157/1115
f 646/1157/1115 640/1156/1114 641/1158/1116
f 646/1157/1115 641/1158/1116 645/1159/1117
f 645/1159/1117 641/1158/1116 642/1160/1118
f 645/1159/1117 642/1160/1118 549/1161/1119
f 549/1161/1119 642/1160/1118 643/1162/1120
f 549/1161/1119 643/1162/1120 644/1163/1121
f 644/1163/1121 550/1164/1122 549/1161/1119
f 631/1165/1123 536/1166/1124 230/1167/1125
f 230/1167/1125 536/1166/1124 535/1168/1126
f 230/1167/1125 535/1168/1126 534/1169/1127
f 534/1169/1127 533/1170/1128 230/1167/1125
f 230/1167/1125 533/1170/1128 532/1171/1129
f 230/1167/1125 532/1171/1129 205/1172/1130
f 230/1167/1125 229/1173/1131 631/1165/1123
f 631/1165/1123 229/1173/1131 632/1174/1132
f 632/1174/1132 229/1173/1131 228/1175/1133
f 632/1174/1132 228/1175/1133 633/1176/1134
f 633/1176/1134 228/1175/1133 227/1177/1135
f 633/1176/1134 227/1177/1135 634/1178/1136
f 634/1178/1136 227/1177/1135 226/1179/1137
f 634/1178/1136 226/1179/1137 635/1180/1138
f 635/1180/1138 226/1179/1137 225/1181/1139
f 635/1180/1138 225/1181/1139 636/1182/1140
f 636/1182/1140 225/1181/1139 224/1183/1141
f 636/1182/1140 224/1183/1141 637/1184/1142
f 637/1184/1142 224/1183/1141 223/1185/1143
f 637/1184/1142 223/1185/1143 638/1186/1144
f 638/1186/1144 223/1185/1143 222/1187/1145
f 638/1186/1144 222/1187/1145 639/1188/1146
f 639/1188/1146 222/1187/1145 221/1189/1147
f 639/1188/1146 221/1189/1147 640/1190/1148
f 640/1190/1148 221/1189/1147 220/1191/1149
f 640/1190/1148 220/1191/1149 641/1192/1150
f 641/1192/1150 220/1191/1149 219/1193/1151
f 641/1192/1150 219/1193/1151 642/1194/1118
f 642/1194/1118 219/1193/1151 218/1195/1152
f 642/1194/1118 218/1195/1152 643/1196/1153
f 643/1196/1153 218/1195/1152 555/1197/1154
f 643/1196/1153 555/1197/1154 644/1198/1155
f 644/1198/1155 555/1197/1154 554/1199/1156
f 644/1198/1155 554/1199/1156 553/1200/1157
f 553/1200/1157 552/1201/1158 644/1198/1155
f 644/1198/1155 552/1201/1158 551/1202/1159
f 644/1198/1155 551/1202/1159 550/1203/1160
f 549/1204/1161 548/1205/1162 645/1206/1163
f 645/1206/1163 548/1205/1162 646/1207/1164
f 646/1207/1164 548/1205/1162 547/1208/1165
f 646/1207/1164 547/1208/1165 647/1209/1166
f 647/1209/1166 547/1208/1165 546/1210/1167
f 647/1209/1166 546/1210/1167 648/1211/1168
f 648/1211/1168 546/1210/1167 545/1212/1169
f 648/1211/1168 545/1212/1169 649/1213/1170
f 649/1213/1170 545/1212/1169 544/1214/1171
f 649/1213/1170 544/1214/1171 650/1215/1172
f 650/1215/1172 544/1214/1171 543/1216/1173
f 650/1215/1172 543/1216/1173 651/1217/1174
f 651/1217/1174 543/1216/1173 542/1218/1175
f 651/1217/1174 542/1218/1175 652/1219/1176
f 652/1219/1176 542/1218/1175 541/1220/1177
f 652/1219/1176 541/1220/1177 653/1221/1178
f 653/1221/1178 541/1220/1177 540/1222/1179
f 653/1221/1178 540/1222/1179 654/1223/1180
f 654/1223/1180 540/1222/1179 539/1224/1181
f 654/1223/1180 539/1224/1181 655/1225/1182
f 655/1225/1182 539/1224/1181 538/1226/1183
f 655/1225/1182 538/1226/1183 656/1227/1184
f 656/1227/1184 538/1226/1183 537/1228/1185
g Body1:2

v 17.975844 5.696641 12.901874
v 18.425844 5.698800 12.901874
v 17.975844 5.698800 12.901874
v 18.425844 5.698800 13.601874
v 17.975844 5.698800 13.601874
v 17.975844 5.700000 -21.248126
v 17.975844 0.700000 -21.248126
v 17.975844 0.700000 -12.710626
v 17.975844 0.700000 -4.173126
v 17.975844 0.700000 4.364374
v 17.975844 0.700000 12.901874
v 17.975844 5.700000 13.601874
v 17.975844 5.700000 4.889374
v 17.975844 5.700000 -3.823126
v 17.975844 5.700000 -12.535626
v 14.135068 2.062530 12.901874
v 14.111216 2.243704 12.901874
v 14.041286 2.412530 12.901874
v 13.930043 2.557505 12.901874
v 13.785068 2.668748 12.901874
v 13.616241 2.738678 12.901874
v 13.435068 2.762530 12.901874
v 13.253895 2.738678 12.901874
v 13.085068 2.668748 12.901874
v 12.940093 2.557505 12.901874
v 12.828850 2.412530 12.901874
v 12.758920 2.243704 12.901874
v 12.735068 2.062530 12.901874
v 12.758920 1.881357 12.901874
v 12.828850 1.712530 12.901874
v 12.940093 1.567556 12.901874
v 13.085068 1.456313 12.901874
v 13.253895 1.386382 12.901874
v 13.435068 1.362530 12.901874
v 13.616241 1.386382 12.901874
v 13.785068 1.456313 12.901874
v 13.930043 1.567556 12.901874
v 14.041286 1.712530 12.901874
v 14.111216 1.881357 12.901874
v -16.906232 2.061202 12.901874
v -16.930084 2.242376 12.901874
v -17.000014 2.411202 12.901874
v -17.111257 2.556177 12.901874
v -17.256232 2.667420 12.901874
v -17.425059 2.737350 12.901874
v -17.606232 2.761202 12.901874
v -17.787405 2.737350 12.901874
v -17.956232 2.667420 12.901874
v -18.101207 2.556177 12.901874
v -18.212450 2.411202 12.901874
v -18.282380 2.242376 12.901874
v -18.306232 2.061202 12.901874
v -18.282380 1.880029 12.901874
v -18.212450 1.711202 12.901874
v -18.101207 1.566228 12.901874
v -17.956232 1.454985 12.901874
v -17.787405 1.385054 12.901874
v -17.606232 1.361202 12.901874
v -17.425059 1.385054 12.901874
v -17.256232 1.454985 12.901874
v -17.111257 1.566228 12.901874
v -17.000014 1.711202 12.901874
v -16.930084 1.880029 12.901874
v 7.774047 0.700000 12.901874
v -2.427750 0.700000 12.901874
v -12.629546 0.700000 12.901874
v -22.831343 0.700000 12.901874
v -22.831343 5.500809 12.901874
v -22.381343 5.500809 12.901874
v -22.381343 5.502969 12.901874
v -12.292046 5.551387 12.901874
v -2.202750 5.599805 12.901874
v 7.886547 5.648223 12.901874
v -12.629546 1.361415 12.901874
v -2.427750 1.361852 12.901874
v 7.774047 1.362288 12.901874
v 7.774047 3.195333 12.901874
v -2.427750 3.975293 12.901874
v -12.629546 4.755253 12.901874
v 7.774047 0.700000 -21.248126
v -2.427750 0.700000 -21.248126
v -12.629546 0.700000 -21.248126
v -22.831343 0.700000 -21.248126
v -22.831343 0.700000 -12.710626
v -22.831343 0.700000 -4.173126
v -22.831343 0.700000 4.364374
v 7.774047 0.700000 -9.864793
v 7.774047 0.700000 1.518541
v -2.427750 0.700000 -9.864793
v -2.427750 0.700000 1.518541
v -12.629546 0.700000 -9.864793
v -12.629546 0.700000 1.518541
v -22.381343 5.500809 13.601874
v -22.381343 5.502969 13.601874
v -22.831343 5.500809 13.601874
v -12.179546 5.551927 13.601874
v -1.977750 5.600885 13.601874
v 8.224047 5.649842 13.601874
v -22.831343 5.700000 13.601874
v -23.081343 5.700000 13.601874
v -23.081343 0.450000 13.601874
v -16.477602 0.450000 13.601874
v -16.477602 0.700000 13.601874
v -9.277602 0.700000 13.601874
v -9.277602 0.450000 13.601874
v -2.026128 0.450000 13.601874
v 5.225347 0.450000 13.601874
v 5.225347 0.700000 13.601874
v 12.425347 0.700000 13.601874
v 12.425347 0.450000 13.601874
v 18.125844 0.450000 13.601874
v 18.675844 0.450727 13.601874
v 18.675844 5.700000 13.601874
v 14.135068 2.062530 13.601874
v 14.111216 1.881357 13.601874
v 14.041286 1.712530 13.601874
v 13.930043 1.567556 13.601874
v 13.785068 1.456313 13.601874
v 13.616241 1.386382 13.601874
v 13.435068 1.362530 13.601874
v 13.253895 1.386382 13.601874
v 13.085068 1.456313 13.601874
v 12.940093 1.567556 13.601874
v 12.828850 1.712530 13.601874
v 12.758920 1.881357 13.601874
v 12.735068 2.062530 13.601874
v 12.758920 2.243704 13.601874
v 12.828850 2.412530 13.601874
v 12.940093 2.557505 13.601874
v 13.085068 2.668748 13.601874
v 13.253895 2.738678 13.601874
v 13.435068 2.762530 13.601874
v 13.616241 2.738678 13.601874
v 13.785068 2.668748 13.601874
v 13.930043 2.557505 13.601874
v 14.041286 2.412530 13.601874
v 14.111216 2.243704 13.601874
v -16.906232 2.061202 13.601874
v -16.930084 1.880029 13.601874
v -17.000014 1.711202 13.601874
v -17.111257 1.566228 13.601874
v -17.256232 1.454985 13.601874
v -17.425059 1.385054 13.601874
v -17.606232 1.361202 13.601874
v -17.787405 1.385054 13.601874
v -17.956232 1.454985 13.601874
v -18.101207 1.566228 13.601874
v -18.212450 1.711202 13.601874
v -18.282380 1.880029 13.601874
v -18.306232 2.061202 13.601874
v -18.282380 2.242376 13.601874
v -18.212450 2.411202 13.601874
v -18.101207 2.556177 13.601874
v -17.956232 2.667420 13.601874
v -17.787405 2.737350 13.601874
v -17.606232 2.761202 13.601874
v -17.425059 2.737350 13.601874
v -17.256232 2.667420 13.601874
v -17.111257 2.556177 13.601874
v -17.000014 2.411202 13.601874
v -16.930084 2.242376 13.601874
v -12.642046 4.731471 13.601874
v -2.202750 3.943257 13.601874
v 8.236547 3.155042 13.601874
v -12.642046 0.967100 13.601874
v -12.642046 1.361415 13.601874
v -2.202750 1.361861 13.601874
v 8.236547 1.362308 13.601874
v -16.906232 2.061202 -21.248126
v -16.930084 2.242376 -21.248126
v -17.000014 2.411202 -21.248126
v -17.111257 2.556177 -21.248126
v -17.256232 2.667420 -21.248126
v -17.425059 2.737350 -21.248126
v -17.606232 2.761202 -21.248126
v -17.787405 2.737350 -21.248126
v -17.956232 2.667420 -21.248126
v -18.101207 2.556177 -21.248126
v -18.212450 2.411202 -21.248126
v -18.282380 2.242376 -21.248126
v -18.306232 2.061202 -21.248126
v -18.282380 1.880029 -21.248126
v -18.212450 1.711202 -21.248126
v -18.101207 1.566228 -21.248126
v -17.956232 1.454985 -21.248126
v -17.787405 1.385054 -21.248126
v -17.606232 1.361202 -21.248126
v -17.425059 1.385054 -21.248126
v -17.256232 1.454985 -21.248126
v -17.111257 1.566228 -21.248126
v -17.000014 1.711202 -21.248126
v -16.930084 1.880029 -21.248126
v -16.906232 2.061202 -21.948126
v -16.930084 1.880029 -21.948126
v -17.000014 1.711202 -21.948126
v -17.111257 1.566228 -21.948126
v -17.256232 1.454985 -21.948126
v -17.425059 1.385054 -21.948126
v -17.606232 1.361202 -21.948126
v -17.787405 1.385054 -21.948126
v -17.956232 1.454985 -21.948126
v -18.101207 1.566228 -21.948126
v -18.212450 1.711202 -21.948126
v -18.282380 1.880029 -21.948126
v -18.306232 2.061202 -21.948126
v -18.282380 2.242376 -21.948126
v -18.212450 2.411202 -21.948126
v -18.101207 2.556177 -21.948126
v -17.956232 2.667420 -21.948126
v -17.787405 2.737350 -21.948126
v -17.606232 2.761202 -21.948126
v -17.425059 2.737350 -21.948126
v -17.256232 2.667420 -21.948126
v -17.111257 2.556177 -21.948126
v -17.000014 2.411202 -21.948126
v -16.930084 2.242376 -21.948126
v 14.135068 2.062530 -21.248126
v 14.111216 2.243704 -21.248126
v 14.041286 2.412530 -21.248126
v 13.930043 2.557505 -21.248126
v 13.785068 2.668748 -21.248126
v 13.616241 2.738678 -21.248126
v 13.435068 2.762530 -21.248126
v 13.253895 2.738678 -21.248126
v 13.085068 2.668748 -21.248126
v 12.940093 2.557505 -21.248126
v 12.828850 2.412530 -21.248126
v 12.758920 2.243704 -21.248126
v 12.735068 2.062530 -21.248126
v 12.758920 1.881357 -21.248126
v 12.828850 1.712530 -21.248126
v 12.940093 1.567556 -21.248126
v 13.085068 1.456313 -21.248126
v 13.253895 1.386382 -21.248126
v 13.435068 1.362530 -21.248126
v 13.616241 1.386382 -21.248126
v 13.785068 1.456313 -21.248126
v 13.930043 1.567556 -21.248126
v 14.041286 1.712530 -21.248126
v 14.111216 1.881357 -21.248126
v 14.135068 2.062530 -21.948126
v 14.111216 1.881357 -21.948126
v 14.041286 1.712530 -21.948126
v 13.930043 1.567556 -21.948126
v 13.785068 1.456313 -21.948126
v 13.616241 1.386382 -21.948126
v 13.435068 1.362530 -21.948126
v 13.253895 1.386382 -21.948126
v 13.085068 1.456313 -21.948126
v 12.940093 1.567556 -21.948126
v 12.828850 1.712530 -21.948126
v 12.758920 1.881357 -21.948126
v 12.735068 2.062530 -21.948126
v 12.758920 2.243704 -21.948126
v 12.828850 2.412530 -21.948126
v 12.940093 2.557505 -21.948126
v 13.085068 2.668748 -21.948126
v 13.253895 2.738678 -21.948126
v 13.435068 2.762530 -21.948126
v 13.616241 2.738678 -21.948126
v 13.785068 2.668748 -21.948126
v 13.930043 2.557505 -21.948126
v 14.041286 2.412530 -21.948126
v 14.111216 2.243704 -21.948126
v 7.774047 5.700000 -21.248126
v -2.427750 5.700000 -21.248126
v -12.629546 5.700000 -21.248126
v -22.831343 5.700000 -21.248126
v -12.629546 1.361415 -21.248126
v -2.427750 1.361852 -21.248126
v 7.774047 1.362288 -21.248126
v -22.831343 5.700000 -12.535626
v -22.831343 5.700000 -3.823126
v -22.831343 5.700000 4.889374
v -16.477602 0.700000 -21.948126
v -9.277602 0.700000 -21.948126
v -9.277602 0.700000 -21.948464
v -16.477602 0.700000 -21.948464
v 5.203851 0.700000 -21.948126
v 12.403851 0.700000 -21.948126
v 12.403851 0.700000 -21.949000
v 5.203851 0.700000 -21.949000
v 5.225347 0.700000 13.603001
v 12.425347 0.700000 13.603001
v 5.225347 0.450000 13.603001
v 12.425347 0.450000 13.603001
v -16.477602 0.450000 13.603001
v -16.477602 0.700000 13.603001
v -9.277602 0.700000 13.603001
v -9.277602 0.450000 13.603001
v -16.477602 0.450000 -21.948126
v -16.477602 0.450000 -21.948464
v -9.277602 0.450000 -21.948126
v -9.277602 0.450000 -21.948464
v 5.203851 0.450000 -21.948126
v 5.203851 0.450000 -21.949000
v 12.403851 0.450000 -21.948126
v 12.403851 0.450000 -21.949000
v -23.081343 5.700000 -21.948126
v -12.642046 5.700000 -21.948126
v -2.202750 5.700000 -21.948126
v 8.236547 5.700000 -21.948126
v 18.675844 5.700000 -21.948126
v 18.675844 0.450727 -21.948126
v 18.125844 0.450000 -21.948126
v -2.036876 0.450000 -21.948126
v -23.081343 0.450000 -21.948126
v 8.236547 1.362308 -21.948126
v -2.202750 1.361861 -21.948126
v -12.642046 1.361415 -21.948126
v -23.081343 0.450000 -13.060626
v -23.081343 0.450000 -4.173126
v -23.081343 0.450000 4.714374
v -23.081343 5.700000 4.714374
v -23.081343 5.700000 -4.173126
v -23.081343 5.700000 -13.060626
v 18.675844 5.700000 4.714374
v 18.675844 5.700000 -4.173126
v 18.675844 5.700000 -13.060626
v 18.125844 0.450000 -13.060626
v 18.125844 0.450000 -4.173126
v 18.125844 0.450000 4.714374
v -12.779546 0.450000 -13.061000
v -12.779546 0.450000 -4.173000
v -12.779546 0.450000 4.715000
v -2.477750 0.450000 -13.061000
v -2.477750 0.450000 -4.173000
v -2.477750 0.450000 4.715000
v 7.824047 0.450000 -13.061000
v 7.824047 0.450000 -4.173000
v 7.824047 0.450000 4.715000
v 18.675844 0.450727 -13.060626
v 18.675844 0.450727 -4.173126
v 18.675844 0.450727 4.714374
vt 4.996641 0.450000 0.000000
vt 4.998800 0.000000 0.000000
vt 4.998800 0.450000 0.000000
vt 0.000000 0.000000 0.000000
vt 0.700000 0.000000 0.000000
vt 0.000000 0.450000 0.000000
vt 0.700000 0.450000 0.000000
vt -44.550000 0.000000 0.000000
vt -36.012500 0.000000 0.000000
vt -44.550000 5.000000 0.000000
vt -35.837500 5.000000 0.000000
vt -27.475000 0.000000 0.000000
vt -27.125000 5.000000 0.000000
vt -18.937500 0.000000 0.000000
vt -18.412500 5.000000 0.000000
vt -10.400000 0.000000 0.000000
vt -10.400000 4.996641 0.000000
vt -10.400000 4.998800 0.000000
vt -9.700000 5.000000 0.000000
vt -9.700000 4.998800 0.000000
vt -16.398294 -1.197102 0.000000
vt -16.422146 -1.015928 0.000000
vt -20.262922 -2.378459 0.000000
vt -16.398294 -0.834755 0.000000
vt -16.328364 -0.665928 0.000000
vt -20.262922 2.618182 0.000000
vt -16.217121 -0.520953 0.000000
vt -16.072146 -0.409710 0.000000
vt -15.903319 -0.339780 0.000000
vt -15.722146 -0.315928 0.000000
vt -10.173625 2.569764 0.000000
vt -15.540973 -0.339780 0.000000
vt -10.061125 0.116875 0.000000
vt -15.372146 -0.409710 0.000000
vt -15.227171 -0.520953 0.000000
vt -15.115928 -0.665928 0.000000
vt -15.045998 -0.834755 0.000000
vt -10.061125 -1.716170 0.000000
vt -15.022146 -1.015928 0.000000
vt -15.045998 -1.197102 0.000000
vt -15.115928 -1.365928 0.000000
vt -15.227171 -1.510903 0.000000
vt -10.061125 -2.378459 0.000000
vt -15.372146 -1.622146 0.000000
vt -15.540973 -1.692076 0.000000
vt -15.722146 -1.715928 0.000000
vt -15.903319 -1.692076 0.000000
vt -16.072146 -1.622146 0.000000
vt -16.217121 -1.510903 0.000000
vt -16.328364 -1.365928 0.000000
vt 14.643006 -1.198430 0.000000
vt 14.619154 -1.017256 0.000000
vt 10.342468 -1.717043 0.000000
vt 14.643006 -0.836083 0.000000
vt 14.712936 -0.667256 0.000000
vt 10.342468 1.676795 0.000000
vt 14.824179 -0.522281 0.000000
vt 14.969154 -0.411038 0.000000
vt 15.137981 -0.341108 0.000000
vt 15.319154 -0.317256 0.000000
vt 20.094265 2.422351 0.000000
vt 15.500327 -0.341108 0.000000
vt 15.669154 -0.411038 0.000000
vt 15.814129 -0.522281 0.000000
vt 15.925372 -0.667256 0.000000
vt 20.544265 2.422351 0.000000
vt 20.544265 -2.378459 0.000000
vt 15.995302 -0.836083 0.000000
vt 16.019154 -1.017256 0.000000
vt 15.995302 -1.198430 0.000000
vt 15.925372 -1.367256 0.000000
vt 15.814129 -1.512231 0.000000
vt 15.669154 -1.623474 0.000000
vt 15.500327 -1.693404 0.000000
vt 15.319154 -1.717256 0.000000
vt 10.342468 -2.378459 0.000000
vt 15.137981 -1.693404 0.000000
vt 14.969154 -1.623474 0.000000
vt 14.824179 -1.512231 0.000000
vt 0.140672 -2.378459 0.000000
vt 0.140672 -1.716607 0.000000
vt 14.712936 -1.367256 0.000000
vt 20.094265 2.424510 0.000000
vt 10.004968 2.472928 0.000000
vt 0.140672 0.896835 0.000000
vt -0.084328 2.521346 0.000000
vt 17.100000 21.350000 0.000000
vt 8.562500 21.350000 0.000000
vt 17.100000 11.148203 0.000000
vt 5.716667 11.148203 0.000000
vt 17.100000 0.946407 0.000000
vt 5.716667 0.946407 0.000000
vt 17.100000 -9.255390 0.000000
vt 5.716667 -9.255390 0.000000
vt 8.562500 -19.457187 0.000000
vt 0.025000 -19.457187 0.000000
vt -5.666667 -9.255390 0.000000
vt -8.512500 -19.457187 0.000000
vt -17.050000 -9.255390 0.000000
vt -17.050000 -19.457187 0.000000
vt 0.025000 21.350000 0.000000
vt -5.666667 11.148203 0.000000
vt -5.666667 0.946407 0.000000
vt -8.512500 21.350000 0.000000
vt -17.050000 11.148203 0.000000
vt -17.050000 0.946407 0.000000
vt -17.050000 21.350000 0.000000
vt 17.100000 -19.457187 0.000000
vt -5.400000 4.800809 0.000000
vt -4.700000 4.800809 0.000000
vt -5.400000 4.802969 0.000000
vt -4.700000 4.802969 0.000000
vt -0.700000 0.000000 0.000000
vt -0.000000 0.000000 0.000000
vt -0.700000 0.450000 0.000000
vt -0.000000 0.450000 0.000000
vt 0.618664 0.700000 0.000000
vt 0.618664 0.000000 0.000000
vt 10.708077 0.700000 0.000000
vt 10.820578 0.000000 0.000000
vt 20.797490 0.700000 0.000000
vt 21.022492 0.000000 0.000000
vt 30.886903 0.700000 0.000000
vt 31.224407 0.000000 0.000000
vt 40.976316 0.700000 0.000000
vt 41.426321 0.000000 0.000000
vt 41.426321 0.700000 0.000000
vt -9.976797 2.701927 0.000000
vt -20.178593 2.652969 0.000000
vt -10.439297 1.881471 0.000000
vt -20.178593 2.650809 0.000000
vt -15.403482 -0.088798 0.000000
vt -15.584656 -0.112650 0.000000
vt -15.753482 -0.182580 0.000000
vt -15.898457 -0.293823 0.000000
vt -16.009700 -0.438798 0.000000
vt -20.628593 2.650809 0.000000
vt -20.878593 -2.400000 0.000000
vt -20.878593 2.850000 0.000000
vt -20.628593 2.850000 0.000000
vt -14.274853 -2.400000 0.000000
vt -15.584656 -1.464946 0.000000
vt -15.753482 -1.395015 0.000000
vt -15.898457 -1.283772 0.000000
vt -15.403482 -1.488798 0.000000
vt -14.274853 -2.150000 0.000000
vt -15.222309 -1.464946 0.000000
vt -15.053482 -1.395015 0.000000
vt -14.908508 -1.283772 0.000000
vt -14.797265 -1.138798 0.000000
vt -10.439297 -1.488585 0.000000
vt -14.727334 -0.969971 0.000000
vt -14.703482 -0.788798 0.000000
vt -14.727334 -0.607624 0.000000
vt -14.797265 -0.438798 0.000000
vt -14.908508 -0.293823 0.000000
vt -15.053482 -0.182580 0.000000
vt -15.222309 -0.112650 0.000000
vt -10.439297 -1.882900 0.000000
vt -7.074853 -2.150000 0.000000
vt -7.074853 -2.400000 0.000000
vt 0.176622 -2.400000 0.000000
vt 0.000000 -1.488139 0.000000
vt 0.000000 1.093257 0.000000
vt 7.428097 -2.150000 0.000000
vt 10.439297 0.305042 0.000000
vt 10.439297 -1.487692 0.000000
vt 14.961670 -0.606296 0.000000
vt 14.937818 -0.787470 0.000000
vt 14.961670 -0.968643 0.000000
vt 15.031600 -1.137470 0.000000
vt 14.628097 -2.150000 0.000000
vt 15.142843 -1.282444 0.000000
vt 15.287818 -1.393687 0.000000
vt 15.456644 -1.463618 0.000000
vt 15.637818 -1.487470 0.000000
vt 15.818991 -1.463618 0.000000
vt 14.628097 -2.400000 0.000000
vt 20.328593 -2.400000 0.000000
vt 7.428097 -2.400000 0.000000
vt 20.878593 -2.399273 0.000000
vt 16.313966 -0.606296 0.000000
vt 16.337818 -0.787470 0.000000
vt 16.313966 -0.968643 0.000000
vt 16.244035 -0.437470 0.000000
vt 20.878593 2.850000 0.000000
vt 20.628593 2.848800 0.000000
vt 20.178593 2.850000 0.000000
vt 20.178593 2.848800 0.000000
vt 10.426797 2.799842 0.000000
vt 15.637818 -0.087470 0.000000
vt 15.818991 -0.111322 0.000000
vt 15.987818 -0.181252 0.000000
vt 0.225000 2.750885 0.000000
vt 15.456644 -0.111322 0.000000
vt 15.287818 -0.181252 0.000000
vt 15.142843 -0.292495 0.000000
vt 15.031600 -0.437470 0.000000
vt 16.244035 -1.137470 0.000000
vt 16.132792 -1.282444 0.000000
vt 15.987818 -1.393687 0.000000
vt 16.132792 -0.292495 0.000000
vt -16.009700 -1.138798 0.000000
vt -16.079630 -0.969971 0.000000
vt -16.103482 -0.788798 0.000000
vt -16.079630 -0.607624 0.000000
vt 44.550000 -2.015855 0.000000
vt 43.850000 -2.015855 0.000000
vt 44.550000 -2.199115 0.000000
vt 43.850000 -2.199115 0.000000
vt 44.550000 2.199115 0.000000
vt 43.850000 2.199115 0.000000
vt 44.550000 2.015855 0.000000
vt 43.850000 2.015855 0.000000
vt 44.550000 1.832596 0.000000
vt 43.850000 1.832596 0.000000
vt 44.550000 1.649336 0.000000
vt 43.850000 1.649336 0.000000
vt 44.550000 1.466077 0.000000
vt 43.850000 1.466077 0.000000
vt 44.550000 1.282817 0.000000
vt 43.850000 1.282817 0.000000
vt 44.550000 1.099557 0.000000
vt 43.850000 1.099557 0.000000
vt 44.550000 0.916298 0.000000
vt 43.850000 0.916298 0.000000
vt 44.550000 0.733038 0.000000
vt 43.850000 0.733038 0.000000
vt 44.550000 0.549779 0.000000
vt 43.850000 0.549779 0.000000
vt 44.550000 0.366519 0.000000
vt 43.850000 0.366519 0.000000
vt 44.550000 0.183260 0.000000
vt 43.850000 0.183260 0.000000
vt 44.550000 0.000000 0.000000
vt 43.850000 0.000000 0.000000
vt 44.550000 -0.183260 0.000000
vt 43.850000 -0.183260 0.000000
vt 44.550000 -0.366519 0.000000
vt 43.850000 -0.366519 0.000000
vt 44.550000 -0.549779 0.000000
vt 43.850000 -0.549779 0.000000
vt 44.550000 -0.733038 0.000000
vt 43.850000 -0.733038 0.000000
vt 44.550000 -0.916298 0.000000
vt 43.850000 -0.916298 0.000000
vt 44.550000 -1.099557 0.000000
vt 43.850000 -1.099557 0.000000
vt 44.550000 -1.282817 0.000000
vt 43.850000 -1.282817 0.000000
vt 44.550000 -1.466077 0.000000
vt 43.850000 -1.466077 0.000000
vt 44.550000 -1.649336 0.000000
vt 43.850000 -1.649336 0.000000
vt 44.550000 -1.832596 0.000000
vt 43.850000 -1.832596 0.000000
vt 9.700000 -2.015855 0.000000
vt 9.000000 -2.015855 0.000000
vt 9.700000 -2.199115 0.000000
vt 9.000000 -2.199115 0.000000
vt 9.700000 2.199115 0.000000
vt 9.000000 2.199115 0.000000
vt 9.700000 2.015855 0.000000
vt 9.000000 2.015855 0.000000
vt 9.700000 1.832596 0.000000
vt 9.000000 1.832596 0.000000
vt 9.700000 1.649336 0.000000
vt 9.000000 1.649336 0.000000
vt 9.700000 1.466077 0.000000
vt 9.000000 1.466077 0.000000
vt 9.700000 1.282817 0.000000
vt 9.000000 1.282817 0.000000
vt 9.700000 1.099557 0.000000
vt 9.000000 1.099557 0.000000
vt 9.700000 0.916298 0.000000
vt 9.000000 0.916298 0.000000
vt 9.700000 0.733038 0.000000
vt 9.000000 0.733038 0.000000
vt 9.700000 0.549779 0.000000
vt 9.000000 0.549779 0.000000
vt 9.700000 0.366519 0.000000
vt 9.000000 0.366519 0.000000
vt 9.700000 0.183260 0.000000
vt 9.000000 0.183260 0.000000
vt 9.700000 0.000000 0.000000
vt 9.000000 0.000000 0.000000
vt 9.700000 -0.183260 0.000000
vt 9.000000 -0.183260 0.000000
vt 9.700000 -0.366519 0.000000
vt 9.000000 -0.366519 0.000000
vt 9.700000 -0.549779 0.000000
vt 9.000000 -0.549779 0.000000
vt 9.700000 -0.733038 0.000000
vt 9.000000 -0.733038 0.000000
vt 9.700000 -0.916298 0.000000
vt 9.000000 -0.916298 0.000000
vt 9.700000 -1.099557 0.000000
vt 9.000000 -1.099557 0.000000
vt 9.700000 -1.282817 0.000000
vt 9.000000 -1.282817 0.000000
vt 9.700000 -1.466077 0.000000
vt 9.000000 -1.466077 0.000000
vt 9.700000 -1.649336 0.000000
vt 9.000000 -1.649336 0.000000
vt 9.700000 -1.832596 0.000000
vt 9.000000 -1.832596 0.000000
vt 38.550000 -2.015855 0.000000
vt 37.850000 -2.015855 0.000000
vt 38.550000 -2.199115 0.000000
vt 37.850000 -2.199115 0.000000
vt 38.550000 2.199115 0.000000
vt 37.850000 2.199115 0.000000
vt 38.550000 2.015855 0.000000
vt 37.850000 2.015855 0.000000
vt 38.550000 1.832596 0.000000
vt 37.850000 1.832596 0.000000
vt 38.550000 1.649336 0.000000
vt 37.850000 1.649336 0.000000
vt 38.550000 1.466077 0.000000
vt 37.850000 1.466077 0.000000
vt 38.550000 1.282817 0.000000
vt 37.850000 1.282817 0.000000
vt 38.550000 1.099557 0.000000
vt 37.850000 1.099557 0.000000
vt 38.550000 0.916298 0.000000
vt 37.850000 0.916298 0.000000
vt 38.550000 0.733038 0.000000
vt 37.850000 0.733038 0.000000
vt 38.550000 0.549779 0.000000
vt 37.850000 0.549779 0.000000
vt 38.550000 0.366519 0.000000
vt 37.850000 0.366519 0.000000
vt 38.550000 0.183260 0.000000
vt 37.850000 0.183260 0.000000
vt 38.550000 0.000000 0.000000
vt 37.850000 0.000000 0.000000
vt 38.550000 -0.183260 0.000000
vt 37.850000 -0.183260 0.000000
vt 38.550000 -0.366519 0.000000
vt 37.850000 -0.366519 0.000000
vt 38.550000 -0.549779 0.000000
vt 37.850000 -0.549779 0.000000
vt 38.550000 -0.733038 0.000000
vt 37.850000 -0.733038 0.000000
vt 38.550000 -0.916298 0.000000
vt 37.850000 -0.916298 0.000000
vt 38.550000 -1.099557 0.000000
vt 37.850000 -1.099557 0.000000
vt 38.550000 -1.282817 0.000000
vt 37.850000 -1.282817 0.000000
vt 38.550000 -1.466077 0.000000
vt 37.850000 -1.466077 0.000000
vt 38.550000 -1.649336 0.000000
vt 37.850000 -1.649336 0.000000
vt 38.550000 -1.832596 0.000000
vt 37.850000 -1.832596 0.000000
vt 3.700000 -2.015855 0.000000
vt 3.000000 -2.015855 0.000000
vt 3.700000 -2.199115 0.000000
vt 3.000000 -2.199115 0.000000
vt 3.700000 2.199115 0.000000
vt 3.000000 2.199115 0.000000
vt 3.700000 2.015855 0.000000
vt 3.000000 2.015855 0.000000
vt 3.700000 1.832596 0.000000
vt 3.000000 1.832596 0.000000
vt 3.700000 1.649336 0.000000
vt 3.000000 1.649336 0.000000
vt 3.700000 1.466077 0.000000
vt 3.000000 1.466077 0.000000
vt 3.700000 1.282817 0.000000
vt 3.000000 1.282817 0.000000
vt 3.700000 1.099557 0.000000
vt 3.000000 1.099557 0.000000
vt 3.700000 0.916298 0.000000
vt 3.000000 0.916298 0.000000
vt 3.700000 0.733038 0.000000
vt 3.000000 0.733038 0.000000
vt 3.700000 0.549779 0.000000
vt 3.000000 0.549779 0.000000
vt 3.700000 0.366519 0.000000
vt 3.000000 0.366519 0.000000
vt 3.700000 0.183260 0.000000
vt 3.000000 0.183260 0.000000
vt 3.700000 0.000000 0.000000
vt 3.000000 0.000000 0.000000
vt 3.700000 -0.183260 0.000000
vt 3.000000 -0.183260 0.000000
vt 3.700000 -0.366519 0.000000
vt 3.000000 -0.366519 0.000000
vt 3.700000 -0.549779 0.000000
vt 3.000000 -0.549779 0.000000
vt 3.700000 -0.733038 0.000000
vt 3.000000 -0.733038 0.000000
vt 3.700000 -0.916298 0.000000
vt 3.000000 -0.916298 0.000000
vt 3.700000 -1.099557 0.000000
vt 3.000000 -1.099557 0.000000
vt 3.700000 -1.282817 0.000000
vt 3.000000 -1.282817 0.000000
vt 3.700000 -1.466077 0.000000
vt 3.000000 -1.466077 0.000000
vt 3.700000 -1.649336 0.000000
vt 3.000000 -1.649336 0.000000
vt 3.700000 -1.832596 0.000000
vt 3.000000 -1.832596 0.000000
vt 20.262922 2.600000 0.000000
vt 16.328364 -0.687470 0.000000
vt 20.262922 -2.400000 0.000000
vt 16.398294 -0.856296 0.000000
vt 16.422146 -1.037470 0.000000
vt 10.061125 2.600000 0.000000
vt 15.722146 -0.337470 0.000000
vt 15.903319 -0.361322 0.000000
vt 16.072146 -0.431252 0.000000
vt -0.140672 2.600000 0.000000
vt 10.061125 -1.737712 0.000000
vt 15.227171 -0.542495 0.000000
vt 15.372146 -0.431252 0.000000
vt -0.140672 -1.738148 0.000000
vt -10.342468 2.600000 0.000000
vt -10.342468 -1.738585 0.000000
vt -14.824179 -0.543823 0.000000
vt -14.712936 -0.688798 0.000000
vt -20.544265 2.600000 0.000000
vt -15.319154 -0.338798 0.000000
vt -15.137981 -0.362650 0.000000
vt -14.969154 -0.432580 0.000000
vt -20.544265 -2.400000 0.000000
vt -15.925372 -0.688798 0.000000
vt -15.814129 -0.543823 0.000000
vt -15.669154 -0.432580 0.000000
vt -10.342468 -2.400000 0.000000
vt -15.319154 -1.738798 0.000000
vt -15.500327 -1.714946 0.000000
vt -15.669154 -1.645015 0.000000
vt -0.140672 -2.400000 0.000000
vt -14.824179 -1.533772 0.000000
vt -14.969154 -1.645015 0.000000
vt 10.061125 -2.400000 0.000000
vt 15.227171 -1.532444 0.000000
vt 15.115928 -1.387470 0.000000
vt 15.722146 -1.737470 0.000000
vt 15.540973 -1.713618 0.000000
vt 15.372146 -1.643687 0.000000
vt -14.643006 -0.857624 0.000000
vt -14.619154 -1.038798 0.000000
vt -14.643006 -1.219971 0.000000
vt -14.712936 -1.388798 0.000000
vt -15.137981 -1.714946 0.000000
vt -15.814129 -1.533772 0.000000
vt -15.925372 -1.388798 0.000000
vt -15.995302 -1.219971 0.000000
vt -16.019154 -1.038798 0.000000
vt -15.995302 -0.857624 0.000000
vt -15.500327 -0.362650 0.000000
vt 16.398294 -1.218643 0.000000
vt 16.328364 -1.387470 0.000000
vt 16.217121 -1.532444 0.000000
vt 16.072146 -1.643687 0.000000
vt 15.903319 -1.713618 0.000000
vt 15.045998 -1.218643 0.000000
vt 15.022146 -1.037470 0.000000
vt 15.045998 -0.856296 0.000000
vt 15.115928 -0.687470 0.000000
vt 15.540973 -0.361322 0.000000
vt 16.217121 -0.542495 0.000000
vt 39.550000 0.000000 0.000000
vt 39.550000 5.000000 0.000000
vt 31.012500 0.000000 0.000000
vt 30.837500 5.000000 0.000000
vt 22.475000 0.000000 0.000000
vt 22.125000 5.000000 0.000000
vt 13.937500 0.000000 0.000000
vt 13.412500 5.000000 0.000000
vt 5.400000 4.800809 0.000000
vt 4.700000 5.000000 0.000000
vt 4.700000 4.800809 0.000000
vt 5.400000 0.000000 0.000000
vt -17.750000 -5.903446 0.000000
vt -17.750338 -5.903446 0.000000
vt -17.750000 -13.103446 0.000000
vt -17.750338 -13.103446 0.000000
vt -17.750000 15.778007 0.000000
vt -17.750874 15.778007 0.000000
vt -17.750000 8.578007 0.000000
vt -17.750874 8.578007 0.000000
vt 17.800000 8.599503 0.000000
vt 17.801126 8.599503 0.000000
vt 17.800000 15.799503 0.000000
vt 17.801126 15.799503 0.000000
vt -0.000000 3.568874 0.000000
vt 0.250000 3.568874 0.000000
vt -0.000000 3.570000 0.000000
vt 0.250000 3.570000 0.000000
vt 0.000000 3.568874 0.000000
vt 0.250000 3.568874 0.000000
vt 0.000000 3.570000 0.000000
vt 0.250000 3.570000 0.000000
vt 0.380000 -0.250000 0.000000
vt 7.580000 -0.250000 0.000000
vt 0.380000 0.000000 0.000000
vt 7.580000 0.000000 0.000000
vt -0.000000 3.568874 0.000000
vt 0.250000 3.568874 0.000000
vt -0.000000 3.570000 0.000000
vt 0.250000 3.570000 0.000000
vt 0.000000 3.568874 0.000000
vt 0.250000 3.568874 0.000000
vt 0.000000 3.570000 0.000000
vt 0.250000 3.570000 0.000000
vt 0.000000 -0.250000 0.000000
vt 7.200000 -0.250000 0.000000
vt 0.000000 0.000000 0.000000
vt 7.200000 0.000000 0.000000
vt 0.000000 3.169662 0.000000
vt 0.250000 3.169662 0.000000
vt 0.000000 3.170000 0.000000
vt 0.250000 3.170000 0.000000
vt 0.000000 3.169662 0.000000
vt 0.250000 3.169662 0.000000
vt 0.000000 3.170000 0.000000
vt 0.250000 3.170000 0.000000
vt 0.000000 -0.250000 0.000000
vt 7.200000 -0.250000 0.000000
vt 0.000000 0.000000 0.000000
vt 7.200000 0.000000 0.000000
vt 0.000000 2.948126 0.000000
vt 0.250000 2.948126 0.000000
vt 0.000000 2.949000 0.000000
vt 0.250000 2.949000 0.000000
vt 0.000000 2.948126 0.000000
vt 0.250000 2.948126 0.000000
vt 0.000000 2.949000 0.000000
vt 0.250000 2.949000 0.000000
vt 0.000000 -0.250000 0.000000
vt 7.200000 -0.250000 0.000000
vt 0.000000 0.000000 0.000000
vt 7.200000 0.000000 0.000000
vt 14.727334 -0.969971 0.000000
vt 14.703482 -0.788798 0.000000
vt 10.439297 -1.488585 0.000000
vt 14.727334 -0.607624 0.000000
vt 14.797265 -0.438798 0.000000
vt 14.908508 -0.293823 0.000000
vt 10.439297 2.850000 0.000000
vt 7.074853 -2.150000 0.000000
vt 0.000000 2.850000 0.000000
vt 0.000000 -1.488139 0.000000
vt -7.406601 -2.150000 0.000000
vt -0.165874 -2.400000 0.000000
vt -7.406601 -2.400000 0.000000
vt 15.053482 -0.182580 0.000000
vt 15.222309 -0.112650 0.000000
vt 15.403482 -0.088798 0.000000
vt 20.878593 2.850000 0.000000
vt 15.584656 -0.112650 0.000000
vt 15.753482 -0.182580 0.000000
vt 15.898457 -0.293823 0.000000
vt 16.009700 -0.438798 0.000000
vt 20.878593 -2.400000 0.000000
vt 16.079630 -0.607624 0.000000
vt 16.103482 -0.788798 0.000000
vt 16.079630 -0.969971 0.000000
vt 16.009700 -1.138798 0.000000
vt 15.898457 -1.283772 0.000000
vt 15.753482 -1.395015 0.000000
vt 15.584656 -1.464946 0.000000
vt 14.274853 -2.400000 0.000000
vt 15.403482 -1.488798 0.000000
vt 14.274853 -2.150000 0.000000
vt 15.222309 -1.464946 0.000000
vt 15.053482 -1.395015 0.000000
vt 14.908508 -1.283772 0.000000
vt 14.797265 -1.138798 0.000000
vt -16.313966 -0.968643 0.000000
vt -16.337818 -0.787470 0.000000
vt -20.328593 -2.400000 0.000000
vt -16.313966 -0.606296 0.000000
vt -20.878593 -2.399273 0.000000
vt -16.244035 -0.437470 0.000000
vt -20.878593 2.850000 0.000000
vt -16.132792 -0.292495 0.000000
vt -15.987818 -0.181252 0.000000
vt -15.818991 -0.111322 0.000000
vt -15.637818 -0.087470 0.000000
vt -10.439297 2.850000 0.000000
vt -15.456644 -0.111322 0.000000
vt -15.287818 -0.181252 0.000000
vt -15.142843 -0.292495 0.000000
vt -10.439297 -1.487692 0.000000
vt -14.606601 -2.150000 0.000000
vt -15.031600 -1.137470 0.000000
vt -15.142843 -1.282444 0.000000
vt -15.031600 -0.437470 0.000000
vt -14.961670 -0.606296 0.000000
vt -14.937818 -0.787470 0.000000
vt -14.961670 -0.968643 0.000000
vt -15.287818 -1.393687 0.000000
vt -15.456644 -1.463618 0.000000
vt -15.637818 -1.487470 0.000000
vt -15.818991 -1.463618 0.000000
vt -14.606601 -2.400000 0.000000
vt -15.987818 -1.393687 0.000000
vt -16.132792 -1.282444 0.000000
vt -16.244035 -1.137470 0.000000
vt 7.074853 -2.400000 0.000000
vt -40.250000 -0.250000 0.000000
vt -31.362500 -0.250000 0.000000
vt -40.250000 5.000000 0.000000
vt -31.362500 5.000000 0.000000
vt -22.475000 -0.250000 0.000000
vt -22.475000 5.000000 0.000000
vt -13.587500 -0.250000 0.000000
vt -13.587500 5.000000 0.000000
vt -4.700000 -0.250000 0.000000
vt -4.700000 5.000000 0.000000
vt -8.862500 41.857187 0.000000
vt -17.750000 41.857187 0.000000
vt -17.050000 41.157187 0.000000
vt -17.750000 31.417890 0.000000
vt -17.050000 30.955390 0.000000
vt -17.750000 20.978593 0.000000
vt -17.050000 20.753593 0.000000
vt -17.750000 10.539297 0.000000
vt -17.050000 10.551797 0.000000
vt -17.050000 0.350000 0.000000
vt -17.750000 0.100000 0.000000
vt -8.862500 0.100000 0.000000
vt -8.337500 0.350000 0.000000
vt 0.025000 0.100000 0.000000
vt 0.375000 0.350000 0.000000
vt 8.912500 0.100000 0.000000
vt 9.087500 0.350000 0.000000
vt 17.800000 0.100000 0.000000
vt 17.800000 0.350000 0.000000
vt -8.337500 41.157187 0.000000
vt 0.025000 41.857187 0.000000
vt 0.375000 41.157187 0.000000
vt 8.912500 41.857187 0.000000
vt 9.087500 41.157187 0.000000
vt 17.800000 41.857187 0.000000
vt 17.800000 41.157187 0.000000
vt 17.750000 -19.707187 0.000000
vt 17.750000 -13.103446 0.000000
vt 8.862500 -19.707187 0.000000
vt 8.862874 -9.405390 0.000000
vt -0.025126 -9.405390 0.000000
vt -0.025126 0.896407 0.000000
vt -8.913126 0.896407 0.000000
vt -8.913126 11.198203 0.000000
vt -17.800000 8.599503 0.000000
vt -17.800000 15.799503 0.000000
vt -17.801126 15.799503 0.000000
vt 17.750000 -5.903446 0.000000
vt 17.750338 -13.103446 0.000000
vt 17.750338 -5.903446 0.000000
vt 8.862874 0.896407 0.000000
vt 17.750000 1.337281 0.000000
vt 17.750000 8.578007 0.000000
vt 17.750874 8.578007 0.000000
vt 17.750000 15.778007 0.000000
vt 8.862874 11.198203 0.000000
vt -0.025126 11.198203 0.000000
vt 17.750874 15.778007 0.000000
vt 17.750000 21.500000 0.000000
vt 8.862500 21.500000 0.000000
vt -0.025000 21.500000 0.000000
vt -8.912500 21.500000 0.000000
vt -17.800000 21.500000 0.000000
vt -17.801126 8.599503 0.000000
vt -17.800000 1.348029 0.000000
vt -17.800000 -5.903446 0.000000
vt -8.913126 -9.405390 0.000000
vt -17.800000 -13.103446 0.000000
vt -8.912500 -19.707187 0.000000
vt -17.800000 -19.707187 0.000000
vt -17.801126 -5.903446 0.000000
vt -17.801126 -13.103446 0.000000
vt -0.025000 -19.707187 0.000000
vt -0.835892 5.450000 0.000000
vt -0.285891 5.450000 0.000000
vt -0.835892 14.337500 0.000000
vt -0.285891 14.337500 0.000000
vt -0.835892 23.225000 0.000000
vt -0.285891 23.225000 0.000000
vt -0.835892 32.112500 0.000000
vt -0.285891 32.112500 0.000000
vt -0.835892 41.000000 0.000000
vt -0.285891 41.000000 0.000000
vt 45.250000 5.700000 0.000000
vt 36.362500 5.700000 0.000000
vt 45.250000 0.450727 0.000000
vt 36.362500 0.450727 0.000000
vt 27.475000 5.700000 0.000000
vt 27.475000 0.450727 0.000000
vt 18.587500 5.700000 0.000000
vt 18.587500 0.450727 0.000000
vt 9.700000 5.700000 0.000000
vt 9.700000 0.450727 0.000000
vt 17.800000 -13.103446 0.000000
vt 17.801126 -13.103446 0.000000
vt 17.800000 -5.903446 0.000000
vt 17.801126 -5.903446 0.000000
vn 0.000000 0.000000 1.000000
vn 0.000000 0.000000 1.000000
vn 0.000000 0.000000 1.000000
vn 0.000000 -1.000000 0.000000
vn 0.000000 -1.000000 0.000000
vn 0.000000 -1.000000 0.000000
vn 0.000000 -1.000000 0.000000
vn -1.000000 0.000000 0.000000
vn -1.000000 0.000000 0.000000
vn -1.000000 0.000000 0.000000
vn -1.000000 0.000000 0.000000
vn -1.000000 0.000000 0.000000
vn -1.000000 0.000000 0.000000
vn -1.000000 0.000000 0.000000
vn -1.000000 0.000000 0.000000
vn -1.000000 0.000000 0.000000
vn -1.000000 0.000000 0.000000
vn -1.000000 0.000000 0.000000
vn -1.000000 0.000000 0.000000
vn -1.000000 0.000000 0.000000
vn 0.000000 0.000000 -1.000000
vn 0.000000 0.000000 -1.000000
vn 0.000000 0.000000 -1.000000
vn 0.000000 0.000000 -1.000000
vn 0.000000 0.000000 -1.000000
vn 0.000000 0.000000 -1.000000
vn 0.000000 0.000000 -1.000000
vn 0.000000 0.000000 -1.000000
vn 0.000000 0.000000 -1.000000
vn 0.000000 0.000000 -1.000000
vn 0.000000 0.000000 -1.000000
vn 0.000000 0.000000 -1.000000
vn 0.000000 0.000000 -1.000000
vn 0.000000 0.000000 -1.000000
vn 0.000000 0.000000 -1.000000
vn 0.000000 0.000000 -1.000000
vn 0.000000 0.000000 -1.000000
vn 0.000000 0.000000 -1.000000
vn 0.000000 0.000000 -1.000000
vn 0.000000 0.000000 -1.000000
vn 0.000000 0.000000 -1.000000
vn 0.000000 0.000000 -1.000000
vn 0.000000 0.000000 -1.000000
vn 0.000000 0.000000 -1.000000
vn 0.000000 0.000000 -1.000000
vn 0.000000 0.000000 -1.000000
vn 0.000000 0.000000 -1.000000
vn 0.000000 0.000000 -1.000000
vn 0.000000 0.000000 -1.000000
vn 0.000000 0.000000 -1.000000
vn 0.000000 0.000000 -1.000000
vn 0.000000 0.000000 -1.000000
vn 0.000000 0.000000 -1.000000
vn 0.000000 0.000000 -1.000000
vn 0.000000 0.000000 -1.000000
vn 0.000000 0.000000 -1.000000
vn 0.000000 0.000000 -1.000000
vn 0.000000 0.000000 -1.000000
vn 0.000000 0.000000 -1.000000
vn 0.000000 0.000000 -1.000000
vn 0.000000 0.000000 -1.000000
vn 0.000000 0.000000 -1.000000
vn 0.000000 0.000000 -1.000000
vn 0.000000 0.000000 -1.000000
vn 0.000000 0.000000 -1.000000
vn 0.000000 0.000000 -1.000000
vn 0.000000 0.000000 -1.000000
vn 0.000000 0.000000 -1.000000
vn 0.000000 0.000000 -1.000000
vn 0.000000 0.000000 -1.000000
vn 0.000000 0.000000 -1.000000
vn 0.000000 0.000000 -1.000000
vn 0.000000 0.000000 -1.000000
vn 0.000000 0.000000 -1.000000
vn 0.000000 0.000000 -1.000000
vn 0.000000 0.000000 -1.000000
vn 0.000000 0.000000 -1.000000
vn 0.000000 0.000000 -1.000000
vn 0.000000 0.000000 -1.000000
vn 0.000000 0.000000 -1.000000
vn 0.000000 0.000000 -1.000000
vn 0.000000 0.000000 -1.000000
vn 0.000000 0.000000 -1.000000
vn 0.000000 0.000000 -1.000000
vn 0.000000 0.000000 -1.000000
vn 0.000000 0.000000 -1.000000
vn 0.000000 1.000000 0.000000
vn 0.000000 1.000000 0.000000
vn 0.000000 1.000000 0.000000
vn 0.000000 1.000000 0.000000
vn 0.000000 1.000000 0.000000
vn 0.000000 1.000000 0.000000
vn 0.000000 1.000000 0.000000
vn 0.000000 1.000000 0.000000
vn 0.000000 1.000000 0.000000
vn 0.000000 1.000000 0.000000
vn 0.000000 1.000000 0.000000
vn 0.000000 1.000000 0.000000
vn 0.000000 1.000000 0.000000
vn 0.000000 1.000000 0.000000
vn 0.000000 1.000000 0.000000
vn 0.000000 1.000000 0.000000
vn 0.000000 1.000000 0.000000
vn 0.000000 1.000000 0.000000
vn 0.000000 1.000000 0.000000
vn 0.000000 1.000000 0.000000
vn 0.000000 1.000000 0.000000
vn 0.000000 1.000000 0.000000
vn -1.000000 -0.000000 -0.000000
vn -1.000000 -0.000000 -0.000000
vn -1.000000 -0.000000 -0.000000
vn -1.000000 -0.000000 -0.000000
vn -0.000000 1.000000 -0.000000
vn -0.000000 1.000000 -0.000000
vn -0.000000 1.000000 -0.000000
vn -0.000000 1.000000 -0.000000
vn -0.004799 0.999988 0.000000
vn -0.004799 0.999988 0.000000
vn -0.004799 0.999988 0.000000
vn -0.004799 0.999988 0.000000
vn -0.004799 0.999988 0.000000
vn -0.004799 0.999988 0.000000
vn -0.004799 0.999988 0.000000
vn -0.004799 0.999988 0.000000
vn -0.004799 0.999988 0.000000
vn -0.004799 0.999988 0.000000
vn -0.004799 0.999988 0.000000
vn -0.000000 -0.000000 1.000000
vn -0.000000 -0.000000 1.000000
vn -0.000000 -0.000000 1.000000
vn -0.000000 -0.000000 1.000000
vn -0.000000 -0.000000 1.000000
vn -0.000000 -0.000000 1.000000
vn -0.000000 -0.000000 1.000000
vn -0.000000 -0.000000 1.000000
vn -0.000000 -0.000000 1.000000
vn -0.000000 -0.000000 1.000000
vn -0.000000 -0.000000 1.000000
vn -0.000000 -0.000000 1.000000
vn -0.000000 -0.000000 1.000000
vn -0.000000 -0.000000 1.000000
vn -0.000000 -0.000000 1.000000
vn -0.000000 -0.000000 1.000000
vn -0.000000 -0.000000 1.000000
vn -0.000000 -0.000000 1.000000
vn -0.000000 -0.000000 1.000000
vn -0.000000 -0.000000 1.000000
vn -0.000000 -0.000000 1.000000
vn -0.000000 -0.000000 1.000000
vn -0.000000 -0.000000 1.000000
vn -0.000000 -0.000000 1.000000
vn -0.000000 -0.000000 1.000000
vn -0.000000 -0.000000 1.000000
vn -0.000000 -0.000000 1.000000
vn -0.000000 -0.000000 1.000000
vn -0.000000 -0.000000 1.000000
vn -0.000000 -0.000000 1.000000
vn -0.000000 -0.000000 1.000000
vn -0.000000 -0.000000 1.000000
vn -0.000000 -0.000000 1.000000
vn -0.000000 -0.000000 1.000000
vn -0.000000 -0.000000 1.000000
vn -0.000000 -0.000000 1.000000
vn -0.000000 -0.000000 1.000000
vn -0.000000 -0.000000 1.000000
vn -0.000000 -0.000000 1.000000
vn -0.000000 -0.000000 1.000000
vn -0.000000 -0.000000 1.000000
vn -0.000000 -0.000000 1.000000
vn -0.000000 -0.000000 1.000000
vn -0.000000 -0.000000 1.000000
vn -0.000000 -0.000000 1.000000
vn -0.000000 -0.000000 1.000000
vn -0.000000 -0.000000 1.000000
vn -0.000000 -0.000000 1.000000
vn -0.000000 -0.000000 1.000000
vn -0.000000 -0.000000 1.000000
vn -0.000000 -0.000000 1.000000
vn -0.000000 -0.000000 1.000000
vn -0.000000 -0.000000 1.000000
vn -0.000000 -0.000000 1.000000
vn -0.000000 -0.000000 1.000000
vn -0.000000 -0.000000 1.000000
vn -0.000000 -0.000000 1.000000
vn -0.000000 -0.000000 1.000000
vn -0.000000 -0.000000 1.000000
vn -0.000000 -0.000000 1.000000
vn -0.000000 -0.000000 1.000000
vn -0.000000 -0.000000 1.000000
vn -0.000000 -0.000000 1.000000
vn -0.000000 -0.000000 1.000000
vn -0.000000 -0.000000 1.000000
vn -0.000000 -0.000000 1.000000
vn -0.000000 -0.000000 1.000000
vn -0.000000 -0.000000 1.000000
vn -0.000000 -0.000000 1.000000
vn -0.000000 -0.000000 1.000000
vn -0.000000 -0.000000 1.000000
vn -0.000000 -0.000000 1.000000
vn -0.000000 -0.000000 1.000000
vn -0.000000 -0.000000 1.000000
vn -0.000000 -0.000000 1.000000
vn -0.000000 -0.000000 1.000000
vn -0.000000 -0.000000 1.000000
vn -0.000000 -0.000000 1.000000
vn -0.000000 -0.000000 1.000000
vn -0.965926 -0.258819 0.000000
vn -0.965926 -0.258819 0.000000
vn -1.000000 -0.000000 0.000000
vn -1.000000 -0.000000 0.000000
vn -0.965926 0.258819 0.000000
vn -0.965926 0.258819 0.000000
vn -0.866025 0.500000 0.000000
vn -0.866025 0.500000 0.000000
vn -0.707107 0.707107 0.000000
vn -0.707107 0.707107 0.000000
vn -0.500000 0.866025 0.000000
vn -0.500000 0.866025 0.000000
vn -0.258819 0.965926 0.000000
vn -0.258819 0.965926 0.000000
vn 0.000000 1.000000 -0.000000
vn 0.000000 1.000000 -0.000000
vn 0.258819 0.965926 -0.000000
vn 0.258819 0.965926 -0.000000
vn 0.500000 0.866025 -0.000000
vn 0.500000 0.866025 -0.000000
vn 0.707107 0.707107 -0.000000
vn 0.707107 0.707107 -0.000000
vn 0.866025 0.500000 -0.000000
vn 0.866025 0.500000 -0.000000
vn 0.965926 0.258819 -0.000000
vn 0.965926 0.258819 -0.000000
vn 1.000000 0.000000 -0.000000
vn 1.000000 0.000000 -0.000000
vn 0.965926 -0.258819 0.000000
vn 0.965926 -0.258819 0.000000
vn 0.866025 -0.500000 0.000000
vn 0.866025 -0.500000 0.000000
vn 0.707107 -0.707107 0.000000
vn 0.707107 -0.707107 0.000000
vn 0.500000 -0.866025 0.000000
vn 0.500000 -0.866025 0.000000
vn 0.258819 -0.965926 0.000000
vn 0.258819 -0.965926 0.000000
vn 0.000000 -1.000000 0.000000
vn 0.000000 -1.000000 0.000000
vn -0.258819 -0.965926 0.000000
vn -0.258819 -0.965926 0.000000
vn -0.500000 -0.866025 0.000000
vn -0.500000 -0.866025 0.000000
vn -0.707107 -0.707107 0.000000
vn -0.707107 -0.707107 0.000000
vn -0.866025 -0.500000 0.000000
vn -0.866025 -0.500000 0.000000
vn -0.965926 -0.258819 0.000000
vn -0.965926 -0.258819 0.000000
vn -1.000000 -0.000000 0.000000
vn -1.000000 -0.000000 0.000000
vn -0.965926 0.258819 0.000000
vn -0.965926 0.258819 0.000000
vn -0.866025 0.500000 0.000000
vn -0.866025 0.500000 0.000000
vn -0.707107 0.707107 0.000000
vn -0.707107 0.707107 0.000000
vn -0.500000 0.866025 0.000000
vn -0.500000 0.866025 0.000000
vn -0.258819 0.965926 0.000000
vn -0.258819 0.965926 0.000000
vn 0.000000 1.000000 -0.000000
vn 0.000000 1.000000 -0.000000
vn 0.258819 0.965926 -0.000000
vn 0.258819 0.965926 -0.000000
vn 0.500000 0.866025 -0.000000
vn 0.500000 0.866025 -0.000000
vn 0.707107 0.707107 -0.000000
vn 0.707107 0.707107 -0.000000
vn 0.866025 0.500000 -0.000000
vn 0.866025 0.500000 -0.000000
vn 0.965926 0.258819 -0.000000
vn 0.965926 0.258819 -0.000000
vn 1.000000 0.000000 -0.000000
vn 1.000000 0.000000 -0.000000
vn 0.965926 -0.258819 0.000000
vn 0.965926 -0.258819 0.000000
vn 0.866025 -0.500000 0.000000
vn 0.866025 -0.500000 0.000000
vn 0.707107 -0.707107 0.000000
vn 0.707107 -0.707107 0.000000
vn 0.500000 -0.866025 0.000000
vn 0.500000 -0.866025 0.000000
vn 0.258819 -0.965926 0.000000
vn 0.258819 -0.965926 0.000000
vn 0.000000 -1.000000 0.000000
vn 0.000000 -1.000000 0.000000
vn -0.258819 -0.965926 0.000000
vn -0.258819 -0.965926 0.000000
vn -0.500000 -0.866025 0.000000
vn -0.500000 -0.866025 0.000000
vn -0.707107 -0.707107 0.000000
vn -0.707107 -0.707107 0.000000
vn -0.866025 -0.500000 0.000000
vn -0.866025 -0.500000 0.000000
vn -0.965926 -0.258819 0.000000
vn -0.965926 -0.258819 0.000000
vn -1.000000 -0.000000 0.000000
vn -1.000000 -0.000000 0.000000
vn -0.965926 0.258819 0.000000
vn -0.965926 0.258819 0.000000
vn -0.866025 0.500000 0.000000
vn -0.866025 0.500000 0.000000
vn -0.707107 0.707107 0.000000
vn -0.707107 0.707107 0.000000
vn -0.500000 0.866025 0.000000
vn -0.500000 0.866025 0.000000
vn -0.258819 0.965926 0.000000
vn -0.258819 0.965926 0.000000
vn 0.000000 1.000000 -0.000000
vn 0.000000 1.000000 -0.000000
vn 0.258819 0.965926 -0.000000
vn 0.258819 0.965926 -0.000000
vn 0.500000 0.866025 -0.000000
vn 0.500000 0.866025 -0.000000
vn 0.707107 0.707107 -0.000000
vn 0.707107 0.707107 -0.000000
vn 0.866025 0.500000 -0.000000
vn 0.866025 0.500000 -0.000000
vn 0.965926 0.258819 -0.000000
vn 0.965926 0.258819 -0.000000
vn 1.000000 0.000000 -0.000000
vn 1.000000 0.000000 -0.000000
vn 0.965926 -0.258819 0.000000
vn 0.965926 -0.258819 0.000000
vn 0.866025 -0.500000 0.000000
vn 0.866025 -0.500000 0.000000
vn 0.707107 -0.707107 0.000000
vn 0.707107 -0.707107 0.000000
vn 0.500000 -0.866025 0.000000
vn 0.500000 -0.866025 0.000000
vn 0.258819 -0.965926 0.000000
vn 0.258819 -0.965926 0.000000
vn 0.000000 -1.000000 0.000000
vn 0.000000 -1.000000 0.000000
vn -0.258819 -0.965926 0.000000
vn -0.258819 -0.965926 0.000000
vn -0.500000 -0.866025 0.000000
vn -0.500000 -0.866025 0.000000
vn -0.707107 -0.707107 0.000000
vn -0.707107 -0.707107 0.000000
vn -0.866025 -0.500000 0.000000
vn -0.866025 -0.500000 0.000000
vn -0.965926 -0.258819 0.000000
vn -0.965926 -0.258819 0.000000
vn -1.000000 -0.000000 0.000000
vn -1.000000 -0.000000 0.000000
vn -0.965926 0.258819 0.000000
vn -0.965926 0.258819 0.000000
vn -0.866025 0.500000 0.000000
vn -0.866025 0.500000 0.000000
vn -0.707107 0.707107 0.000000
vn -0.707107 0.707107 0.000000
vn -0.500000 0.866025 0.000000
vn -0.500000 0.866025 0.000000
vn -0.258819 0.965926 0.000000
vn -0.258819 0.965926 0.000000
vn 0.000000 1.000000 -0.000000
vn 0.000000 1.000000 -0.000000
vn 0.258819 0.965926 -0.000000
vn 0.258819 0.965926 -0.000000
vn 0.500000 0.866025 -0.000000
vn 0.500000 0.866025 -0.000000
vn 0.707107 0.707107 -0.000000
vn 0.707107 0.707107 -0.000000
vn 0.866025 0.500000 -0.000000
vn 0.866025 0.500000 -0.000000
vn 0.965926 0.258819 -0.000000
vn 0.965926 0.258819 -0.000000
vn 1.000000 0.000000 -0.000000
vn 1.000000 0.000000 -0.000000
vn 0.965926 -0.258819 0.000000
vn 0.965926 -0.258819 0.000000
vn 0.866025 -0.500000 0.000000
vn 0.866025 -0.500000 0.000000
vn 0.707107 -0.707107 0.000000
vn 0.707107 -0.707107 0.000000
vn 0.500000 -0.866025 0.000000
vn 0.500000 -0.866025 0.000000
vn 0.258819 -0.965926 0.000000
vn 0.258819 -0.965926 0.000000
vn 0.000000 -1.000000 0.000000
vn 0.000000 -1.000000 0.000000
vn -0.258819 -0.965926 0.000000
vn -0.258819 -0.965926 0.000000
vn -0.500000 -0.866025 0.000000
vn -0.500000 -0.866025 0.000000
vn -0.707107 -0.707107 0.000000
vn -0.707107 -0.707107 0.000000
vn -0.866025 -0.500000 0.000000
vn -0.866025 -0.500000 0.000000
vn 0.000000 0.000000 1.000000
vn 0.000000 0.000000 1.000000
vn 0.000000 0.000000 1.000000
vn 0.000000 0.000000 1.000000
vn 0.000000 0.000000 1.000000
vn 0.000000 0.000000 1.000000
vn 0.000000 0.000000 1.000000
vn 0.000000 0.000000 1.000000
vn 0.000000 0.000000 1.000000
vn 0.000000 0.000000 1.000000
vn 0.000000 0.000000 1.000000
vn 0.000000 0.000000 1.000000
vn 0.000000 0.000000 1.000000
vn 0.000000 0.000000 1.000000
vn 0.000000 0.000000 1.000000
vn 0.000000 0.000000 1.000000
vn 0.000000 0.000000 1.000000
vn 0.000000 0.000000 1.000000
vn 0.000000 0.000000 1.000000
vn 0.000000 0.000000 1.000000
vn 0.000000 0.000000 1.000000
vn 0.000000 0.000000 1.000000
vn 0.000000 0.000000 1.000000
vn 0.000000 0.000000 1.000000
vn 0.000000 0.000000 1.000000
vn 0.000000 0.000000 1.000000
vn 0.000000 0.000000 1.000000
vn 0.000000 0.000000 1.000000
vn 0.000000 0.000000 1.000000
vn 0.000000 0.000000 1.000000
vn 0.000000 0.000000 1.000000
vn 0.000000 0.000000 1.000000
vn 0.000000 0.000000 1.000000
vn 0.000000 0.000000 1.000000
vn 0.000000 0.000000 1.000000
vn 0.000000 0.000000 1.000000
vn 0.000000 0.000000 1.000000
vn 0.000000 0.000000 1.000000
vn 0.000000 0.000000 1.000000
vn 0.000000 0.000000 1.000000
vn 0.000000 0.000000 1.000000
vn 0.000000 0.000000 1.000000
vn 0.000000 0.000000 1.000000
vn 0.000000 0.000000 1.000000
vn 0.000000 0.000000 1.000000
vn 0.000000 0.000000 1.000000
vn 0.000000 0.000000 1.000000
vn 0.000000 0.000000 1.000000
vn 0.000000 0.000000 1.000000
vn 0.000000 0.000000 1.000000
vn 0.000000 0.000000 1.000000
vn 0.000000 0.000000 1.000000
vn 0.000000 0.000000 1.000000
vn 0.000000 0.000000 1.000000
vn 0.000000 0.000000 1.000000
vn 0.000000 0.000000 1.000000
vn 0.000000 0.000000 1.000000
vn 0.000000 0.000000 1.000000
vn 0.000000 0.000000 1.000000
vn 0.000000 0.000000 1.000000
vn 0.000000 0.000000 1.000000
vn 1.000000 0.000000 0.000000
vn 1.000000 0.000000 0.000000
vn 1.000000 0.000000 0.000000
vn 1.000000 0.000000 0.000000
vn 1.000000 0.000000 0.000000
vn 1.000000 0.000000 0.000000
vn 1.000000 0.000000 0.000000
vn 1.000000 0.000000 0.000000
vn 1.000000 0.000000 0.000000
vn 1.000000 0.000000 0.000000
vn 1.000000 0.000000 0.000000
vn 1.000000 0.000000 0.000000
vn 0.000000 1.000000 0.000000
vn 0.000000 1.000000 0.000000
vn 0.000000 1.000000 0.000000
vn 0.000000 1.000000 0.000000
vn 0.000000 1.000000 0.000000
vn 0.000000 1.000000 0.000000
vn 0.000000 1.000000 0.000000
vn 0.000000 1.000000 0.000000
vn 0.000000 1.000000 0.000000
vn 0.000000 1.000000 0.000000
vn 0.000000 1.000000 0.000000
vn 0.000000 1.000000 0.000000
vn -1.000000 0.000000 0.000000
vn -1.000000 0.000000 0.000000
vn -1.000000 0.000000 0.000000
vn -1.000000 0.000000 0.000000
vn 1.000000 0.000000 0.000000
vn 1.000000 0.000000 0.000000
vn 1.000000 0.000000 0.000000
vn 1.000000 0.000000 0.000000
vn 0.000000 0.000000 1.000000
vn 0.000000 0.000000 1.000000
vn 0.000000 0.000000 1.000000
vn 0.000000 0.000000 1.000000
vn -1.000000 0.000000 0.000000
vn -1.000000 0.000000 0.000000
vn -1.000000 0.000000 0.000000
vn -1.000000 0.000000 0.000000
vn 1.000000 0.000000 0.000000
vn 1.000000 0.000000 0.000000
vn 1.000000 0.000000 0.000000
vn 1.000000 0.000000 0.000000
vn 0.000000 0.000000 1.000000
vn 0.000000 0.000000 1.000000
vn 0.000000 0.000000 1.000000
vn 0.000000 0.000000 1.000000
vn -1.000000 -0.000000 -0.000000
vn -1.000000 -0.000000 -0.000000
vn -1.000000 -0.000000 -0.000000
vn -1.000000 -0.000000 -0.000000
vn 1.000000 0.000000 0.000000
vn 1.000000 0.000000 0.000000
vn 1.000000 0.000000 0.000000
vn 1.000000 0.000000 0.000000
vn 0.000000 0.000000 -1.000000
vn 0.000000 0.000000 -1.000000
vn 0.000000 0.000000 -1.000000
vn 0.000000 0.000000 -1.000000
vn -1.000000 -0.000000 -0.000000
vn -1.000000 -0.000000 -0.000000
vn -1.000000 -0.000000 -0.000000
vn -1.000000 -0.000000 -0.000000
vn 1.000000 0.000000 0.000000
vn 1.000000 0.000000 0.000000
vn 1.000000 0.000000 0.000000
vn 1.000000 0.000000 0.000000
vn 0.000000 0.000000 -1.000000
vn 0.000000 0.000000 -1.000000
vn 0.000000 0.000000 -1.000000
vn 0.000000 0.000000 -1.000000
vn -0.000000 -0.000000 -1.000000
vn -0.000000 -0.000000 -1.000000
vn -0.000000 -0.000000 -1.000000
vn -0.000000 -0.000000 -1.000000
vn -0.000000 -0.000000 -1.000000
vn -0.000000 -0.000000 -1.000000
vn -0.000000 -0.000000 -1.000000
vn -0.000000 -0.000000 -1.000000
vn -0.000000 -0.000000 -1.000000
vn -0.000000 -0.000000 -1.000000
vn -0.000000 -0.000000 -1.000000
vn -0.000000 -0.000000 -1.000000
vn -0.000000 -0.000000 -1.000000
vn -0.000000 -0.000000 -1.000000
vn -0.000000 -0.000000 -1.000000
vn -0.000000 -0.000000 -1.000000
vn -0.000000 -0.000000 -1.000000
vn -0.000000 -0.000000 -1.000000
vn -0.000000 -0.000000 -1.000000
vn -0.000000 -0.000000 -1.000000
vn -0.000000 -0.000000 -1.000000
vn -0.000000 -0.000000 -1.000000
vn -0.000000 -0.000000 -1.000000
vn -0.000000 -0.000000 -1.000000
vn -0.000000 -0.000000 -1.000000
vn -0.000000 -0.000000 -1.000000
vn -0.000000 -0.000000 -1.000000
vn -0.000000 -0.000000 -1.000000
vn -0.000000 -0.000000 -1.000000
vn -0.000000 -0.000000 -1.000000
vn -0.000000 -0.000000 -1.000000
vn -0.000000 -0.000000 -1.000000
vn -0.000000 -0.000000 -1.000000
vn -0.000000 -0.000000 -1.000000
vn -0.000000 -0.000000 -1.000000
vn -0.000000 -0.000000 -1.000000
vn -0.000000 -0.000000 -1.000000
vn -0.000000 -0.000000 -1.000000
vn -0.000000 -0.000000 -1.000000
vn -0.000000 -0.000000 -1.000000
vn -0.000000 -0.000000 -1.000000
vn -0.000000 -0.000000 -1.000000
vn -0.000000 -0.000000 -1.000000
vn -0.000000 -0.000000 -1.000000
vn -0.000000 -0.000000 -1.000000
vn -0.000000 -0.000000 -1.000000
vn -0.000000 -0.000000 -1.000000
vn -0.000000 -0.000000 -1.000000
vn -0.000000 -0.000000 -1.000000
vn -0.000000 -0.000000 -1.000000
vn -0.000000 -0.000000 -1.000000
vn -0.000000 -0.000000 -1.000000
vn -0.000000 -0.000000 -1.000000
vn -0.000000 -0.000000 -1.000000
vn -0.000000 -0.000000 -1.000000
vn -0.000000 -0.000000 -1.000000
vn -0.000000 -0.000000 -1.000000
vn -0.000000 -0.000000 -1.000000
vn -0.000000 -0.000000 -1.000000
vn -0.000000 -0.000000 -1.000000
vn -0.000000 -0.000000 -1.000000
vn -0.000000 -0.000000 -1.000000
vn -0.000000 -0.000000 -1.000000
vn -0.000000 -0.000000 -1.000000
vn -0.000000 -0.000000 -1.000000
vn -0.000000 -0.000000 -1.000000
vn -0.000000 -0.000000 -1.000000
vn -0.000000 -0.000000 -1.000000
vn -1.000000 -0.000000 -0.000000
vn -1.000000 -0.000000 -0.000000
vn -1.000000 -0.000000 -0.000000
vn -1.000000 -0.000000 -0.000000
vn -1.000000 -0.000000 -0.000000
vn -1.000000 -0.000000 -0.000000
vn -1.000000 -0.000000 -0.000000
vn -1.000000 -0.000000 -0.000000
vn -1.000000 -0.000000 -0.000000
vn -1.000000 -0.000000 -0.000000
vn 0.000000 1.000000 0.000000
vn 0.000000 1.000000 0.000000
vn 0.000000 1.000000 0.000000
vn 0.000000 1.000000 0.000000
vn 0.000000 1.000000 0.000000
vn 0.000000 1.000000 0.000000
vn 0.000000 1.000000 0.000000
vn 0.000000 1.000000 0.000000
vn 0.000000 1.000000 0.000000
vn 0.000000 1.000000 0.000000
vn 0.000000 1.000000 0.000000
vn 0.000000 1.000000 0.000000
vn 0.000000 1.000000 0.000000
vn 0.000000 1.000000 0.000000
vn 0.000000 1.000000 0.000000
vn 0.000000 1.000000 0.000000
vn 0.000000 1.000000 0.000000
vn 0.000000 1.000000 0.000000
vn 0.000000 1.000000 0.000000
vn 0.000000 1.000000 0.000000
vn 0.000000 1.000000 0.000000
vn 0.000000 1.000000 0.000000
vn 0.000000 1.000000 0.000000
vn 0.000000 1.000000 0.000000
vn 0.000000 1.000000 0.000000
vn 0.000000 1.000000 0.000000
vn -0.000000 -1.000000 -0.000000
vn -0.000000 -1.000000 -0.000000
vn -0.000000 -1.000000 -0.000000
vn -0.000000 -1.000000 -0.000000
vn -0.000000 -1.000000 -0.000000
vn -0.000000 -1.000000 -0.000000
vn -0.000000 -1.000000 -0.000000
vn -0.000000 -1.000000 -0.000000
vn -0.000000 -1.000000 -0.000000
vn -0.000000 -1.000000 -0.000000
vn -0.000000 -1.000000 -0.000000
vn -0.000000 -1.000000 -0.000000
vn -0.000000 -1.000000 -0.000000
vn -0.000000 -1.000000 -0.000000
vn -0.000000 -1.000000 -0.000000
vn -0.000000 -1.000000 -0.000000
vn -0.000000 -1.000000 -0.000000
vn -0.000000 -1.000000 -0.000000
vn -0.000000 -1.000000 -0.000000
vn -0.000000 -1.000000 -0.000000
vn -0.000000 -1.000000 -0.000000
vn -0.000000 -1.000000 -0.000000
vn -0.000000 -1.000000 -0.000000
vn -0.000000 -1.000000 -0.000000
vn -0.000000 -1.000000 -0.000000
vn -0.000000 -1.000000 -0.000000
vn -0.000000 -1.000000 -0.000000
vn -0.000000 -1.000000 -0.000000
vn -0.000000 -1.000000 -0.000000
vn -0.000000 -1.000000 -0.000000
vn -0.000000 -1.000000 -0.000000
vn -0.000000 -1.000000 -0.000000
vn -0.000000 -1.000000 -0.000000
vn -0.000000 -1.000000 -0.000000
vn -0.000000 -1.000000 -0.000000
vn -0.000000 -1.000000 -0.000000
vn -0.000000 -1.000000 -0.000000
vn 0.001322 -0.999999 -0.000000
vn 0.001322 -0.999999 -0.000000
vn 0.001322 -0.999999 -0.000000
vn 0.001322 -0.999999 -0.000000
vn 0.001322 -0.999999 -0.000000
vn 0.001322 -0.999999 -0.000000
vn 0.001322 -0.999999 -0.000000
vn 0.001322 -0.999999 -0.000000
vn 0.001322 -0.999999 -0.000000
vn 0.001322 -0.999999 -0.000000
vn 1.000000 -0.000000 -0.000000
vn 1.000000 -0.000000 -0.000000
vn 1.000000 -0.000000 -0.000000
vn 1.000000 -0.000000 -0.000000
vn 1.000000 -0.000000 -0.000000
vn 1.000000 -0.000000 -0.000000
vn 1.000000 -0.000000 -0.000000
vn 1.000000 -0.000000 -0.000000
vn 1.000000 -0.000000 -0.000000
vn 1.000000 -0.000000 -0.000000
vn 0.000000 1.000000 0.000000
vn 0.000000 1.000000 0.000000
vn 0.000000 1.000000 0.000000
vn 0.000000 1.000000 0.000000
f 657/1229/1186 658/1230/1187 659/1231/1188
f 658/1232/1189 660/1233/1190 659/1234/1191
f 659/1234/1191 660/1233/1190 661/1235/1192
f 663/1236/1193 664/1237/1194 662/1238/1195
f 662/1238/1195 664/1237/1194 671/1239/1196
f 671/1239/1196 664/1237/1194 665/1240/1197
f 671/1239/1196 665/1240/1197 670/1241/1198
f 670/1241/1198 665/1240/1197 666/1242/1199
f 670/1241/1198 666/1242/1199 669/1243/1200
f 669/1243/1200 666/1242/1199 667/1244/1201
f 669/1243/1200 667/1244/1201 657/1245/1202
f 657/1245/1202 659/1246/1203 669/1243/1200
f 669/1243/1200 659/1246/1203 668/1247/1204
f 668/1247/1204 659/1246/1203 661/1248/1205
f 695/1249/1206 672/1250/1207 667/1251/1208
f 667/1251/1208 672/1250/1207 673/1252/1209
f 667/1251/1208 673/1252/1209 674/1253/1210
f 667/1251/1208 674/1253/1210 657/1254/1211
f 657/1254/1211 674/1253/1210 675/1255/1212
f 657/1254/1211 675/1255/1212 676/1256/1213
f 676/1256/1213 677/1257/1214 657/1254/1211
f 657/1254/1211 677/1257/1214 678/1258/1215
f 657/1254/1211 678/1258/1215 729/1259/1216
f 729/1259/1216 678/1258/1215 679/1260/1217
f 729/1259/1216 679/1260/1217 733/1261/1218
f 733/1261/1218 679/1260/1217 680/1262/1219
f 733/1261/1218 680/1262/1219 681/1263/1220
f 681/1263/1220 682/1264/1221 733/1261/1218
f 733/1261/1218 682/1264/1221 683/1265/1222
f 733/1261/1218 683/1265/1222 732/1266/1223
f 732/1266/1223 683/1265/1222 684/1267/1224
f 732/1266/1223 684/1267/1224 685/1268/1225
f 685/1268/1225 686/1269/1226 732/1266/1223
f 732/1266/1223 686/1269/1226 687/1270/1227
f 732/1266/1223 687/1270/1227 720/1271/1228
f 720/1271/1228 687/1270/1227 688/1272/1229
f 720/1271/1228 688/1272/1229 689/1273/1230
f 689/1273/1230 690/1274/1231 720/1271/1228
f 720/1271/1228 690/1274/1231 667/1251/1208
f 667/1251/1208 690/1274/1231 691/1275/1232
f 667/1251/1208 691/1275/1232 692/1276/1233
f 692/1276/1233 693/1277/1234 667/1251/1208
f 667/1251/1208 693/1277/1234 694/1278/1235
f 667/1251/1208 694/1278/1235 695/1249/1206
f 719/1279/1236 696/1280/1237 730/1281/1238
f 730/1281/1238 696/1280/1237 697/1282/1239
f 730/1281/1238 697/1282/1239 698/1283/1240
f 730/1281/1238 698/1283/1240 735/1284/1241
f 735/1284/1241 698/1283/1240 699/1285/1242
f 735/1284/1241 699/1285/1242 700/1286/1243
f 700/1286/1243 701/1287/1244 735/1284/1241
f 735/1284/1241 701/1287/1244 702/1288/1245
f 735/1284/1241 702/1288/1245 725/1289/1246
f 725/1289/1246 702/1288/1245 703/1290/1247
f 725/1289/1246 703/1290/1247 704/1291/1248
f 704/1291/1248 705/1292/1249 725/1289/1246
f 725/1289/1246 705/1292/1249 706/1293/1250
f 725/1289/1246 706/1293/1250 724/1294/1251
f 724/1294/1251 706/1293/1250 723/1295/1252
f 723/1295/1252 706/1293/1250 707/1296/1253
f 723/1295/1252 707/1296/1253 708/1297/1254
f 708/1297/1254 709/1298/1255 723/1295/1252
f 723/1295/1252 709/1298/1255 710/1299/1256
f 723/1295/1252 710/1299/1256 711/1300/1257
f 711/1300/1257 712/1301/1258 723/1295/1252
f 723/1295/1252 712/1301/1258 713/1302/1259
f 723/1295/1252 713/1302/1259 714/1303/1260
f 723/1295/1252 714/1303/1260 722/1304/1261
f 722/1304/1261 714/1303/1260 715/1305/1262
f 722/1304/1261 715/1305/1262 716/1306/1263
f 716/1306/1263 717/1307/1264 722/1304/1261
f 722/1304/1261 717/1307/1264 730/1281/1238
f 722/1304/1261 730/1281/1238 721/1308/1265
f 721/1308/1265 730/1281/1238 731/1309/1266
f 721/1308/1265 731/1309/1266 720/1271/1228
f 720/1271/1228 731/1309/1266 732/1266/1223
f 717/1307/1264 718/1310/1267 730/1281/1238
f 730/1281/1238 718/1310/1267 719/1279/1236
f 725/1289/1246 726/1311/1268 735/1284/1241
f 735/1284/1241 726/1311/1268 727/1312/1269
f 735/1284/1241 727/1312/1269 734/1313/1270
f 734/1313/1270 727/1312/1269 728/1314/1271
f 734/1313/1270 728/1314/1271 729/1259/1216
f 734/1313/1270 729/1259/1216 733/1261/1218
f 733/1261/1218 732/1266/1223 731/1309/1266
f 735/1284/1241 734/1313/1270 730/1281/1238
f 730/1281/1238 734/1313/1270 731/1309/1266
f 734/1313/1270 733/1261/1218 731/1309/1266
f 667/1315/1272 666/1316/1273 720/1317/1274
f 720/1317/1274 666/1316/1273 744/1318/1275
f 720/1317/1274 744/1318/1275 721/1319/1276
f 721/1319/1276 744/1318/1275 746/1320/1277
f 721/1319/1276 746/1320/1277 722/1321/1278
f 722/1321/1278 746/1320/1277 748/1322/1279
f 722/1321/1278 748/1322/1279 742/1323/1280
f 742/1323/1280 748/1322/1279 741/1324/1281
f 741/1324/1281 748/1322/1279 747/1325/1282
f 741/1324/1281 747/1325/1282 740/1326/1283
f 740/1326/1283 747/1325/1282 738/1327/1284
f 740/1326/1283 738/1327/1284 739/1328/1285
f 666/1316/1273 665/1329/1286 744/1318/1275
f 744/1318/1275 665/1329/1286 743/1330/1287
f 744/1318/1275 743/1330/1287 746/1320/1277
f 746/1320/1277 743/1330/1287 745/1331/1288
f 746/1320/1277 745/1331/1288 748/1322/1279
f 748/1322/1279 745/1331/1288 747/1325/1282
f 665/1329/1286 664/1332/1289 743/1330/1287
f 743/1330/1287 664/1332/1289 736/1333/1290
f 743/1330/1287 736/1333/1290 745/1331/1288
f 745/1331/1288 736/1333/1290 737/1334/1291
f 745/1331/1288 737/1334/1291 747/1325/1282
f 747/1325/1282 737/1334/1291 738/1327/1284
f 664/1332/1289 663/1335/1292 736/1333/1290
f 742/1323/1280 723/1336/1293 722/1321/1278
f 725/1337/1294 749/1338/1295 726/1339/1296
f 726/1339/1296 749/1338/1295 750/1340/1297
f 724/1341/1298 751/1342/1299 725/1343/1300
f 725/1343/1300 751/1342/1299 749/1344/1301
f 726/1345/1302 750/1346/1303 727/1347/1304
f 727/1347/1304 750/1346/1303 752/1348/1305
f 727/1347/1304 752/1348/1305 728/1349/1306
f 728/1349/1306 752/1348/1305 753/1350/1307
f 728/1349/1306 753/1350/1307 729/1351/1308
f 729/1351/1308 753/1350/1307 754/1352/1309
f 729/1351/1308 754/1352/1309 657/1353/1310
f 657/1353/1310 754/1352/1309 660/1354/1311
f 657/1353/1310 660/1354/1311 658/1355/1312
f 752/1356/1313 750/1357/1314 818/1358/1315
f 818/1358/1315 750/1357/1314 749/1359/1316
f 818/1358/1315 749/1359/1316 812/1360/1317
f 812/1360/1317 749/1359/1316 811/1361/1318
f 811/1361/1318 749/1359/1316 810/1362/1319
f 810/1362/1319 749/1359/1316 809/1363/1320
f 809/1363/1320 749/1359/1316 808/1364/1321
f 808/1364/1321 749/1359/1316 751/1365/1322
f 808/1364/1321 751/1365/1322 757/1366/1323
f 757/1366/1323 751/1365/1322 756/1367/1324
f 756/1367/1324 751/1365/1322 755/1368/1325
f 758/1369/1326 801/1370/1327 757/1366/1323
f 757/1366/1323 801/1370/1327 802/1371/1328
f 757/1366/1323 802/1371/1328 803/1372/1329
f 801/1370/1327 758/1369/1326 800/1373/1330
f 800/1373/1330 758/1369/1326 759/1374/1331
f 800/1373/1330 759/1374/1331 799/1375/1332
f 799/1375/1332 759/1374/1331 798/1376/1333
f 798/1376/1333 759/1374/1331 797/1377/1334
f 797/1377/1334 759/1374/1331 796/1378/1335
f 796/1378/1335 759/1374/1331 822/1379/1336
f 796/1378/1335 822/1379/1336 795/1380/1337
f 795/1380/1337 822/1379/1336 794/1381/1338
f 794/1381/1338 822/1379/1336 817/1382/1339
f 817/1382/1339 822/1379/1336 816/1383/1340
f 816/1383/1340 822/1379/1336 818/1358/1315
f 816/1383/1340 818/1358/1315 815/1384/1341
f 815/1384/1341 818/1358/1315 814/1385/1342
f 814/1385/1342 818/1358/1315 813/1386/1343
f 813/1386/1343 818/1358/1315 812/1360/1317
f 822/1379/1336 759/1374/1331 821/1387/1344
f 821/1387/1344 759/1374/1331 760/1388/1345
f 821/1387/1344 760/1388/1345 822/1379/1336
f 822/1379/1336 760/1388/1345 818/1358/1315
f 761/1389/1346 762/1390/1347 760/1388/1345
f 760/1388/1345 762/1390/1347 823/1391/1348
f 760/1388/1345 823/1391/1348 819/1392/1349
f 819/1392/1349 823/1391/1348 764/1393/1350
f 819/1392/1349 764/1393/1350 820/1394/1351
f 820/1394/1351 764/1393/1350 824/1395/1352
f 820/1394/1351 824/1395/1352 783/1396/1353
f 783/1396/1353 824/1395/1352 782/1397/1354
f 782/1397/1354 824/1395/1352 781/1398/1355
f 781/1398/1355 824/1395/1352 780/1399/1356
f 780/1399/1356 824/1395/1352 765/1400/1357
f 780/1399/1356 765/1400/1357 779/1401/1358
f 779/1401/1358 765/1400/1357 778/1402/1359
f 778/1402/1359 765/1400/1357 777/1403/1360
f 777/1403/1360 765/1400/1357 776/1404/1361
f 776/1404/1361 765/1400/1357 775/1405/1362
f 775/1405/1362 765/1400/1357 766/1406/1363
f 775/1405/1362 766/1406/1363 767/1407/1364
f 763/1408/1365 764/1393/1350 762/1390/1347
f 762/1390/1347 764/1393/1350 823/1391/1348
f 764/1393/1350 765/1400/1357 824/1395/1352
f 768/1409/1366 793/1410/1367 767/1407/1364
f 767/1407/1364 793/1410/1367 770/1411/1368
f 767/1407/1364 770/1411/1368 771/1412/1369
f 793/1410/1367 768/1409/1366 792/1413/1370
f 792/1413/1370 768/1409/1366 769/1414/1371
f 792/1413/1370 769/1414/1371 660/1415/1372
f 660/1415/1372 769/1414/1371 668/1416/1373
f 660/1415/1372 668/1416/1373 661/1417/1374
f 754/1418/1375 788/1419/1376 660/1415/1372
f 660/1415/1372 788/1419/1376 789/1420/1377
f 660/1415/1372 789/1420/1377 790/1421/1378
f 753/1422/1379 819/1392/1349 754/1418/1375
f 754/1418/1375 819/1392/1349 820/1394/1351
f 754/1418/1375 820/1394/1351 787/1423/1380
f 787/1423/1380 820/1394/1351 786/1424/1381
f 786/1424/1381 820/1394/1351 785/1425/1382
f 785/1425/1382 820/1394/1351 784/1426/1383
f 784/1426/1383 820/1394/1351 783/1396/1353
f 753/1422/1379 752/1356/1313 819/1392/1349
f 819/1392/1349 752/1356/1313 818/1358/1315
f 819/1392/1349 818/1358/1315 760/1388/1345
f 771/1412/1369 772/1427/1384 767/1407/1364
f 767/1407/1364 772/1427/1384 773/1428/1385
f 767/1407/1364 773/1428/1385 774/1429/1386
f 774/1429/1386 775/1405/1362 767/1407/1364
f 787/1423/1380 788/1419/1376 754/1418/1375
f 790/1421/1378 791/1430/1387 660/1415/1372
f 660/1415/1372 791/1430/1387 792/1413/1370
f 803/1372/1329 804/1431/1388 757/1366/1323
f 757/1366/1323 804/1431/1388 805/1432/1389
f 757/1366/1323 805/1432/1389 806/1433/1390
f 806/1433/1390 807/1434/1391 757/1366/1323
f 757/1366/1323 807/1434/1391 808/1364/1321
f 817/1435/1392 697/1436/1393 794/1437/1394
f 794/1437/1394 697/1436/1393 696/1438/1395
f 794/1439/1394 696/1440/1395 795/1441/1396
f 795/1441/1396 696/1440/1395 719/1442/1397
f 795/1441/1396 719/1442/1397 796/1443/1398
f 796/1443/1398 719/1442/1397 718/1444/1399
f 796/1443/1398 718/1444/1399 797/1445/1400
f 797/1445/1400 718/1444/1399 717/1446/1401
f 797/1445/1400 717/1446/1401 798/1447/1402
f 798/1447/1402 717/1446/1401 716/1448/1403
f 798/1447/1402 716/1448/1403 799/1449/1404
f 799/1449/1404 716/1448/1403 715/1450/1405
f 799/1449/1404 715/1450/1405 800/1451/1406
f 800/1451/1406 715/1450/1405 714/1452/1407
f 800/1451/1406 714/1452/1407 801/1453/1408
f 801/1453/1408 714/1452/1407 713/1454/1409
f 801/1453/1408 713/1454/1409 802/1455/1410
f 802/1455/1410 713/1454/1409 712/1456/1411
f 802/1455/1410 712/1456/1411 803/1457/1412
f 803/1457/1412 712/1456/1411 711/1458/1413
f 803/1457/1412 711/1458/1413 804/1459/1414
f 804/1459/1414 711/1458/1413 710/1460/1415
f 804/1459/1414 710/1460/1415 805/1461/1416
f 805/1461/1416 710/1460/1415 709/1462/1417
f 805/1461/1416 709/1462/1417 806/1463/1418
f 806/1463/1418 709/1462/1417 708/1464/1419
f 806/1463/1418 708/1464/1419 807/1465/1420
f 807/1465/1420 708/1464/1419 707/1466/1421
f 807/1465/1420 707/1466/1421 808/1467/1422
f 808/1467/1422 707/1466/1421 706/1468/1423
f 808/1467/1422 706/1468/1423 809/1469/1424
f 809/1469/1424 706/1468/1423 705/1470/1425
f 809/1469/1424 705/1470/1425 810/1471/1426
f 810/1471/1426 705/1470/1425 704/1472/1427
f 810/1471/1426 704/1472/1427 811/1473/1428
f 811/1473/1428 704/1472/1427 703/1474/1429
f 811/1473/1428 703/1474/1429 812/1475/1430
f 812/1475/1430 703/1474/1429 702/1476/1431
f 812/1475/1430 702/1476/1431 813/1477/1432
f 813/1477/1432 702/1476/1431 701/1478/1433
f 813/1477/1432 701/1478/1433 814/1479/1434
f 814/1479/1434 701/1478/1433 700/1480/1435
f 814/1479/1434 700/1480/1435 815/1481/1436
f 815/1481/1436 700/1480/1435 699/1482/1437
f 815/1481/1436 699/1482/1437 816/1483/1438
f 816/1483/1438 699/1482/1437 698/1484/1439
f 816/1483/1438 698/1484/1439 817/1435/1392
f 817/1435/1392 698/1484/1439 697/1436/1393
f 826/1485/1440 872/1486/1441 825/1487/1442
f 825/1487/1442 872/1486/1441 849/1488/1443
f 825/1489/1442 849/1490/1443 848/1491/1444
f 848/1491/1444 849/1490/1443 850/1492/1445
f 848/1491/1444 850/1492/1445 847/1493/1446
f 847/1493/1446 850/1492/1445 851/1494/1447
f 847/1493/1446 851/1494/1447 846/1495/1448
f 846/1495/1448 851/1494/1447 852/1496/1449
f 846/1495/1448 852/1496/1449 845/1497/1450
f 845/1497/1450 852/1496/1449 853/1498/1451
f 845/1497/1450 853/1498/1451 844/1499/1452
f 844/1499/1452 853/1498/1451 854/1500/1453
f 844/1499/1452 854/1500/1453 843/1501/1454
f 843/1501/1454 854/1500/1453 855/1502/1455
f 843/1501/1454 855/1502/1455 842/1503/1456
f 842/1503/1456 855/1502/1455 856/1504/1457
f 842/1503/1456 856/1504/1457 841/1505/1458
f 841/1505/1458 856/1504/1457 857/1506/1459
f 841/1505/1458 857/1506/1459 840/1507/1460
f 840/1507/1460 857/1506/1459 858/1508/1461
f 840/1507/1460 858/1508/1461 839/1509/1462
f 839/1509/1462 858/1508/1461 859/1510/1463
f 839/1509/1462 859/1510/1463 838/1511/1464
f 838/1511/1464 859/1510/1463 860/1512/1465
f 838/1511/1464 860/1512/1465 837/1513/1466
f 837/1513/1466 860/1512/1465 861/1514/1467
f 837/1513/1466 861/1514/1467 836/1515/1468
f 836/1515/1468 861/1514/1467 862/1516/1469
f 836/1515/1468 862/1516/1469 835/1517/1470
f 835/1517/1470 862/1516/1469 863/1518/1471
f 835/1517/1470 863/1518/1471 834/1519/1472
f 834/1519/1472 863/1518/1471 864/1520/1473
f 834/1519/1472 864/1520/1473 833/1521/1474
f 833/1521/1474 864/1520/1473 865/1522/1475
f 833/1521/1474 865/1522/1475 832/1523/1476
f 832/1523/1476 865/1522/1475 866/1524/1477
f 832/1523/1476 866/1524/1477 831/1525/1478
f 831/1525/1478 866/1524/1477 867/1526/1479
f 831/1525/1478 867/1526/1479 830/1527/1480
f 830/1527/1480 867/1526/1479 868/1528/1481
f 830/1527/1480 868/1528/1481 829/1529/1482
f 829/1529/1482 868/1528/1481 869/1530/1483
f 829/1529/1482 869/1530/1483 828/1531/1484
f 828/1531/1484 869/1530/1483 870/1532/1485
f 828/1531/1484 870/1532/1485 827/1533/1486
f 827/1533/1486 870/1532/1485 871/1534/1487
f 827/1533/1486 871/1534/1487 826/1485/1440
f 826/1485/1440 871/1534/1487 872/1486/1441
f 793/1535/1488 673/1536/1489 770/1537/1490
f 770/1537/1490 673/1536/1489 672/1538/1491
f 770/1539/1490 672/1540/1491 771/1541/1492
f 771/1541/1492 672/1540/1491 695/1542/1493
f 771/1541/1492 695/1542/1493 772/1543/1494
f 772/1543/1494 695/1542/1493 694/1544/1495
f 772/1543/1494 694/1544/1495 773/1545/1496
f 773/1545/1496 694/1544/1495 693/1546/1497
f 773/1545/1496 693/1546/1497 774/1547/1498
f 774/1547/1498 693/1546/1497 692/1548/1499
f 774/1547/1498 692/1548/1499 775/1549/1500
f 775/1549/1500 692/1548/1499 691/1550/1501
f 775/1549/1500 691/1550/1501 776/1551/1502
f 776/1551/1502 691/1550/1501 690/1552/1503
f 776/1551/1502 690/1552/1503 777/1553/1504
f 777/1553/1504 690/1552/1503 689/1554/1505
f 777/1553/1504 689/1554/1505 778/1555/1506
f 778/1555/1506 689/1554/1505 688/1556/1507
f 778/1555/1506 688/1556/1507 779/1557/1508
f 779/1557/1508 688/1556/1507 687/1558/1509
f 779/1557/1508 687/1558/1509 780/1559/1510
f 780/1559/1510 687/1558/1509 686/1560/1511
f 780/1559/1510 686/1560/1511 781/1561/1512
f 781/1561/1512 686/1560/1511 685/1562/1513
f 781/1561/1512 685/1562/1513 782/1563/1514
f 782/1563/1514 685/1562/1513 684/1564/1515
f 782/1563/1514 684/1564/1515 783/1565/1516
f 783/1565/1516 684/1564/1515 683/1566/1517
f 783/1565/1516 683/1566/1517 784/1567/1518
f 784/1567/1518 683/1566/1517 682/1568/1519
f 784/1567/1518 682/1568/1519 785/1569/1520
f 785/1569/1520 682/1568/1519 681/1570/1521
f 785/1569/1520 681/1570/1521 786/1571/1522
f 786/1571/1522 681/1570/1521 680/1572/1523
f 786/1571/1522 680/1572/1523 787/1573/1524
f 787/1573/1524 680/1572/1523 679/1574/1525
f 787/1573/1524 679/1574/1525 788/1575/1526
f 788/1575/1526 679/1574/1525 678/1576/1527
f 788/1575/1526 678/1576/1527 789/1577/1528
f 789/1577/1528 678/1576/1527 677/1578/1529
f 789/1577/1528 677/1578/1529 790/1579/1530
f 790/1579/1530 677/1578/1529 676/1580/1531
f 790/1579/1530 676/1580/1531 791/1581/1532
f 791/1581/1532 676/1580/1531 675/1582/1533
f 791/1581/1532 675/1582/1533 792/1583/1534
f 792/1583/1534 675/1582/1533 674/1584/1535
f 792/1583/1534 674/1584/1535 793/1535/1488
f 793/1535/1488 674/1584/1535 673/1536/1489
f 874/1585/1536 920/1586/1537 873/1587/1538
f 873/1587/1538 920/1586/1537 897/1588/1539
f 873/1589/1538 897/1590/1539 896/1591/1540
f 896/1591/1540 897/1590/1539 898/1592/1541
f 896/1591/1540 898/1592/1541 895/1593/1542
f 895/1593/1542 898/1592/1541 899/1594/1543
f 895/1593/1542 899/1594/1543 894/1595/1544
f 894/1595/1544 899/1594/1543 900/1596/1545
f 894/1595/1544 900/1596/1545 893/1597/1546
f 893/1597/1546 900/1596/1545 901/1598/1547
f 893/1597/1546 901/1598/1547 892/1599/1548
f 892/1599/1548 901/1598/1547 902/1600/1549
f 892/1599/1548 902/1600/1549 891/1601/1550
f 891/1601/1550 902/1600/1549 903/1602/1551
f 891/1601/1550 903/1602/1551 890/1603/1552
f 890/1603/1552 903/1602/1551 904/1604/1553
f 890/1603/1552 904/1604/1553 889/1605/1554
f 889/1605/1554 904/1604/1553 905/1606/1555
f 889/1605/1554 905/1606/1555 888/1607/1556
f 888/1607/1556 905/1606/1555 906/1608/1557
f 888/1607/1556 906/1608/1557 887/1609/1558
f 887/1609/1558 906/1608/1557 907/1610/1559
f 887/1609/1558 907/1610/1559 886/1611/1560
f 886/1611/1560 907/1610/1559 908/1612/1561
f 886/1611/1560 908/1612/1561 885/1613/1562
f 885/1613/1562 908/1612/1561 909/1614/1563
f 885/1613/1562 909/1614/1563 884/1615/1564
f 884/1615/1564 909/1614/1563 910/1616/1565
f 884/1615/1564 910/1616/1565 883/1617/1566
f 883/1617/1566 910/1616/1565 911/1618/1567
f 883/1617/1566 911/1618/1567 882/1619/1568
f 882/1619/1568 911/1618/1567 912/1620/1569
f 882/1619/1568 912/1620/1569 881/1621/1570
f 881/1621/1570 912/1620/1569 913/1622/1571
f 881/1621/1570 913/1622/1571 880/1623/1572
f 880/1623/1572 913/1622/1571 914/1624/1573
f 880/1623/1572 914/1624/1573 879/1625/1574
f 879/1625/1574 914/1624/1573 915/1626/1575
f 879/1625/1574 915/1626/1575 878/1627/1576
f 878/1627/1576 915/1626/1575 916/1628/1577
f 878/1627/1576 916/1628/1577 877/1629/1578
f 877/1629/1578 916/1628/1577 917/1630/1579
f 877/1629/1578 917/1630/1579 876/1631/1580
f 876/1631/1580 917/1630/1579 918/1632/1581
f 876/1631/1580 918/1632/1581 875/1633/1582
f 875/1633/1582 918/1632/1581 919/1634/1583
f 875/1633/1582 919/1634/1583 874/1585/1536
f 874/1585/1536 919/1634/1583 920/1586/1537
f 662/1635/1584 875/1636/1585 663/1637/1586
f 663/1637/1586 875/1636/1585 874/1638/1587
f 663/1637/1586 874/1638/1587 873/1639/1588
f 921/1640/1589 879/1641/1590 662/1635/1584
f 662/1635/1584 879/1641/1590 878/1642/1591
f 662/1635/1584 878/1642/1591 877/1643/1592
f 922/1644/1593 927/1645/1594 921/1640/1589
f 921/1640/1589 927/1645/1594 882/1646/1595
f 921/1640/1589 882/1646/1595 881/1647/1596
f 927/1645/1594 922/1644/1593 926/1648/1597
f 926/1648/1597 922/1644/1593 923/1649/1598
f 926/1648/1597 923/1649/1598 925/1650/1599
f 925/1650/1599 923/1649/1598 828/1651/1600
f 925/1650/1599 828/1651/1600 827/1652/1601
f 924/1653/1602 831/1654/1603 923/1649/1598
f 923/1649/1598 831/1654/1603 830/1655/1604
f 923/1649/1598 830/1655/1604 829/1656/1605
f 739/1657/1606 835/1658/1607 924/1653/1602
f 924/1653/1602 835/1658/1607 834/1659/1608
f 924/1653/1602 834/1659/1608 833/1660/1609
f 738/1661/1610 843/1662/1611 739/1657/1606
f 739/1657/1606 843/1662/1611 842/1663/1612
f 739/1657/1606 842/1663/1612 841/1664/1613
f 737/1665/1614 925/1650/1599 738/1661/1610
f 738/1661/1610 925/1650/1599 846/1666/1615
f 738/1661/1610 846/1666/1615 845/1667/1616
f 925/1650/1599 737/1665/1614 926/1648/1597
f 926/1648/1597 737/1665/1614 736/1668/1617
f 926/1648/1597 736/1668/1617 927/1645/1594
f 927/1645/1594 736/1668/1617 888/1669/1618
f 927/1645/1594 888/1669/1618 887/1670/1619
f 663/1637/1586 891/1671/1620 736/1668/1617
f 736/1668/1617 891/1671/1620 890/1672/1621
f 736/1668/1617 890/1672/1621 889/1673/1622
f 826/1674/1623 825/1675/1624 925/1650/1599
f 925/1650/1599 825/1675/1624 848/1676/1625
f 925/1650/1599 848/1676/1625 847/1677/1626
f 847/1677/1626 846/1666/1615 925/1650/1599
f 845/1667/1616 844/1678/1627 738/1661/1610
f 738/1661/1610 844/1678/1627 843/1662/1611
f 841/1664/1613 840/1679/1628 739/1657/1606
f 739/1657/1606 840/1679/1628 839/1680/1629
f 739/1657/1606 839/1680/1629 838/1681/1630
f 838/1681/1630 837/1682/1631 739/1657/1606
f 739/1657/1606 837/1682/1631 836/1683/1632
f 739/1657/1606 836/1683/1632 835/1658/1607
f 833/1660/1609 832/1684/1633 924/1653/1602
f 924/1653/1602 832/1684/1633 831/1654/1603
f 829/1656/1605 828/1651/1600 923/1649/1598
f 827/1652/1601 826/1674/1623 925/1650/1599
f 873/1639/1588 896/1685/1634 663/1637/1586
f 663/1637/1586 896/1685/1634 895/1686/1635
f 663/1637/1586 895/1686/1635 894/1687/1636
f 894/1687/1636 893/1688/1637 663/1637/1586
f 663/1637/1586 893/1688/1637 892/1689/1638
f 663/1637/1586 892/1689/1638 891/1671/1620
f 889/1673/1622 888/1669/1618 736/1668/1617
f 887/1670/1619 886/1690/1639 927/1645/1594
f 927/1645/1594 886/1690/1639 885/1691/1640
f 927/1645/1594 885/1691/1640 884/1692/1641
f 884/1692/1641 883/1693/1642 927/1645/1594
f 927/1645/1594 883/1693/1642 882/1646/1595
f 881/1647/1596 880/1694/1643 921/1640/1589
f 921/1640/1589 880/1694/1643 879/1641/1590
f 877/1643/1592 876/1695/1644 662/1635/1584
f 662/1635/1584 876/1695/1644 875/1636/1585
f 739/1696/1645 924/1697/1646 740/1698/1647
f 740/1698/1647 924/1697/1646 928/1699/1648
f 740/1698/1647 928/1699/1648 741/1700/1649
f 741/1700/1649 928/1699/1648 929/1701/1650
f 741/1700/1649 929/1701/1650 742/1702/1651
f 742/1702/1651 929/1701/1650 930/1703/1652
f 742/1702/1651 930/1703/1652 724/1704/1653
f 724/1704/1653 930/1703/1652 755/1705/1654
f 724/1704/1653 755/1705/1654 751/1706/1655
f 724/1704/1653 723/1707/1656 742/1702/1651
f 932/1708/1657 933/1709/1658 931/1710/1659
f 931/1710/1659 933/1709/1658 934/1711/1660
f 936/1712/1661 937/1713/1662 935/1714/1663
f 935/1714/1663 937/1713/1662 938/1715/1664
f 764/1716/1665 939/1717/1666 765/1718/1667
f 765/1718/1667 939/1717/1666 940/1719/1668
f 764/1720/1669 763/1721/1670 939/1722/1671
f 939/1722/1671 763/1721/1670 941/1723/1672
f 766/1724/1673 765/1725/1674 942/1726/1675
f 942/1726/1675 765/1725/1674 940/1727/1676
f 941/1728/1677 942/1729/1678 939/1730/1679
f 939/1730/1679 942/1729/1678 940/1731/1680
f 759/1732/1681 758/1733/1682 944/1734/1683
f 944/1734/1683 758/1733/1682 943/1735/1684
f 761/1736/1685 760/1737/1686 946/1738/1687
f 946/1738/1687 760/1737/1686 945/1739/1688
f 943/1740/1689 946/1741/1690 944/1742/1691
f 944/1742/1691 946/1741/1690 945/1743/1692
f 947/1744/1693 931/1745/1694 948/1746/1695
f 948/1746/1695 931/1745/1694 934/1747/1696
f 932/1748/1697 949/1749/1698 933/1750/1699
f 933/1750/1699 949/1749/1698 950/1751/1700
f 950/1752/1701 948/1753/1702 933/1754/1703
f 933/1754/1703 948/1753/1702 934/1755/1704
f 951/1756/1705 935/1757/1706 952/1758/1707
f 952/1758/1707 935/1757/1706 938/1759/1708
f 936/1760/1709 953/1761/1710 937/1762/1711
f 937/1762/1711 953/1761/1710 954/1763/1712
f 954/1764/1713 952/1765/1714 937/1766/1715
f 937/1766/1715 952/1765/1714 938/1767/1716
f 850/1768/1717 849/1769/1718 966/1770/1719
f 966/1770/1719 849/1769/1718 872/1771/1720
f 966/1770/1719 872/1771/1720 871/1772/1721
f 871/1772/1721 870/1773/1722 966/1770/1719
f 966/1770/1719 870/1773/1722 956/1774/1723
f 966/1770/1719 956/1774/1723 932/1775/1724
f 932/1775/1724 956/1774/1723 957/1776/1725
f 932/1775/1724 957/1776/1725 965/1777/1726
f 965/1777/1726 957/1776/1725 935/1778/1727
f 965/1777/1726 935/1778/1727 962/1779/1728
f 962/1779/1728 935/1778/1727 951/1780/1729
f 870/1773/1722 869/1781/1730 956/1774/1723
f 956/1774/1723 869/1781/1730 868/1782/1731
f 956/1774/1723 868/1782/1731 867/1783/1732
f 956/1774/1723 867/1783/1732 955/1784/1733
f 955/1784/1733 867/1783/1732 866/1785/1734
f 955/1784/1733 866/1785/1734 865/1786/1735
f 865/1786/1735 864/1787/1736 955/1784/1733
f 955/1784/1733 864/1787/1736 863/1788/1737
f 955/1784/1733 863/1788/1737 963/1789/1738
f 963/1789/1738 863/1788/1737 862/1790/1739
f 963/1789/1738 862/1790/1739 861/1791/1740
f 861/1791/1740 860/1792/1741 963/1789/1738
f 963/1789/1738 860/1792/1741 859/1793/1742
f 963/1789/1738 859/1793/1742 858/1794/1743
f 858/1794/1743 857/1795/1744 963/1789/1738
f 963/1789/1738 857/1795/1744 856/1796/1745
f 963/1789/1738 856/1796/1745 947/1797/1746
f 947/1797/1746 856/1796/1745 855/1798/1747
f 947/1797/1746 855/1798/1747 931/1799/1748
f 931/1799/1748 855/1798/1747 854/1800/1749
f 931/1799/1748 854/1800/1749 853/1801/1750
f 853/1801/1750 852/1802/1751 931/1799/1748
f 931/1799/1748 852/1802/1751 851/1803/1752
f 931/1799/1748 851/1803/1752 966/1770/1719
f 966/1770/1719 851/1803/1752 850/1768/1717
f 898/1804/1753 897/1805/1754 961/1806/1755
f 961/1806/1755 897/1805/1754 920/1807/1756
f 961/1806/1755 920/1807/1756 960/1808/1757
f 960/1808/1757 920/1807/1756 919/1809/1758
f 960/1808/1757 919/1809/1758 959/1810/1759
f 959/1810/1759 919/1809/1758 918/1811/1760
f 959/1810/1759 918/1811/1760 917/1812/1761
f 917/1812/1761 916/1813/1762 959/1810/1759
f 959/1810/1759 916/1813/1762 915/1814/1763
f 959/1810/1759 915/1814/1763 958/1815/1764
f 958/1815/1764 915/1814/1763 914/1816/1765
f 958/1815/1764 914/1816/1765 913/1817/1766
f 913/1817/1766 912/1818/1767 958/1815/1764
f 958/1815/1764 912/1818/1767 964/1819/1768
f 958/1815/1764 964/1819/1768 935/1778/1727
f 935/1778/1727 964/1819/1768 936/1820/1769
f 936/1820/1769 964/1819/1768 907/1821/1770
f 936/1820/1769 907/1821/1770 906/1822/1771
f 912/1818/1767 911/1823/1772 964/1819/1768
f 964/1819/1768 911/1823/1772 910/1824/1773
f 964/1819/1768 910/1824/1773 909/1825/1774
f 909/1825/1774 908/1826/1775 964/1819/1768
f 964/1819/1768 908/1826/1775 907/1821/1770
f 906/1822/1771 905/1827/1776 936/1820/1769
f 936/1820/1769 905/1827/1776 904/1828/1777
f 936/1820/1769 904/1828/1777 903/1829/1778
f 903/1829/1778 902/1830/1779 936/1820/1769
f 936/1820/1769 902/1830/1779 953/1831/1780
f 953/1831/1780 902/1830/1779 961/1806/1755
f 961/1806/1755 902/1830/1779 901/1832/1781
f 961/1806/1755 901/1832/1781 900/1833/1782
f 900/1833/1782 899/1834/1783 961/1806/1755
f 961/1806/1755 899/1834/1783 898/1804/1753
f 957/1776/1725 958/1815/1764 935/1778/1727
f 949/1835/1784 932/1775/1724 962/1779/1728
f 962/1779/1728 932/1775/1724 965/1777/1726
f 932/1775/1724 931/1799/1748 966/1770/1719
f 963/1836/1785 967/1837/1786 955/1838/1787
f 955/1838/1787 967/1837/1786 972/1839/1788
f 972/1839/1788 967/1837/1786 968/1840/1789
f 972/1839/1788 968/1840/1789 971/1841/1790
f 971/1841/1790 968/1840/1789 969/1842/1791
f 971/1841/1790 969/1842/1791 970/1843/1792
f 970/1843/1792 969/1842/1791 757/1844/1793
f 970/1843/1792 757/1844/1793 756/1845/1794
f 975/1846/1795 959/1847/1796 662/1848/1797
f 662/1848/1797 959/1847/1796 958/1849/1798
f 662/1848/1797 958/1849/1798 921/1850/1799
f 921/1850/1799 958/1849/1798 957/1851/1800
f 921/1850/1799 957/1851/1800 922/1852/1801
f 922/1852/1801 957/1851/1800 956/1853/1802
f 922/1852/1801 956/1853/1802 923/1854/1803
f 923/1854/1803 956/1853/1802 924/1855/1804
f 924/1855/1804 956/1853/1802 955/1856/1805
f 924/1855/1804 955/1856/1805 972/1857/1806
f 924/1855/1804 972/1857/1806 928/1858/1807
f 928/1858/1807 972/1857/1806 971/1859/1808
f 928/1858/1807 971/1859/1808 929/1860/1809
f 929/1860/1809 971/1859/1808 970/1861/1810
f 929/1860/1809 970/1861/1810 930/1862/1811
f 930/1862/1811 970/1861/1810 756/1863/1812
f 930/1862/1811 756/1863/1812 755/1864/1813
f 662/1848/1797 671/1865/1814 975/1846/1795
f 975/1846/1795 671/1865/1814 974/1866/1815
f 974/1866/1815 671/1865/1814 670/1867/1816
f 974/1866/1815 670/1867/1816 973/1868/1817
f 973/1868/1817 670/1867/1816 669/1869/1818
f 973/1868/1817 669/1869/1818 769/1870/1819
f 769/1870/1819 669/1869/1818 668/1871/1820
f 963/1872/1821 947/1873/1822 967/1874/1823
f 967/1874/1823 947/1873/1822 979/1875/1824
f 967/1874/1823 979/1875/1824 980/1876/1825
f 980/1876/1825 979/1875/1824 983/1877/1826
f 980/1876/1825 983/1877/1826 984/1878/1827
f 984/1878/1827 983/1877/1826 987/1879/1828
f 984/1878/1827 987/1879/1828 763/1880/1829
f 763/1880/1829 987/1879/1828 766/1881/1830
f 763/1880/1829 766/1881/1830 942/1882/1831
f 979/1875/1824 947/1873/1822 949/1883/1832
f 949/1883/1832 947/1873/1822 948/1884/1833
f 949/1883/1832 948/1884/1833 950/1885/1834
f 979/1875/1824 949/1883/1832 982/1886/1835
f 982/1886/1835 949/1883/1832 962/1887/1836
f 982/1886/1835 962/1887/1836 951/1888/1837
f 952/1889/1838 953/1890/1839 951/1888/1837
f 951/1888/1837 953/1890/1839 985/1891/1840
f 951/1888/1837 985/1891/1840 982/1886/1835
f 982/1886/1835 985/1891/1840 986/1892/1841
f 982/1886/1835 986/1892/1841 983/1877/1826
f 983/1877/1826 986/1892/1841 987/1879/1828
f 952/1889/1838 954/1893/1842 953/1890/1839
f 961/1894/1843 976/1895/1844 953/1890/1839
f 953/1890/1839 976/1895/1844 985/1891/1840
f 985/1891/1840 976/1895/1844 986/1892/1841
f 986/1892/1841 976/1895/1844 977/1896/1845
f 986/1892/1841 977/1896/1845 978/1897/1846
f 767/1898/1847 766/1881/1830 978/1897/1846
f 978/1897/1846 766/1881/1830 987/1879/1828
f 978/1897/1846 987/1879/1828 986/1892/1841
f 942/1882/1831 941/1899/1848 763/1880/1829
f 763/1880/1829 762/1900/1849 984/1878/1827
f 984/1878/1827 762/1900/1849 761/1901/1850
f 984/1878/1827 761/1901/1850 981/1902/1851
f 981/1902/1851 761/1901/1850 758/1903/1852
f 981/1902/1851 758/1903/1852 969/1904/1853
f 969/1904/1853 758/1903/1852 757/1905/1854
f 761/1901/1850 946/1906/1855 758/1903/1852
f 758/1903/1852 946/1906/1855 943/1907/1856
f 981/1902/1851 969/1904/1853 980/1876/1825
f 980/1876/1825 969/1904/1853 968/1908/1857
f 980/1876/1825 968/1908/1857 967/1874/1823
f 984/1878/1827 981/1902/1851 980/1876/1825
f 982/1886/1835 983/1877/1826 979/1875/1824
f 961/1909/1858 960/1910/1859 976/1911/1860
f 976/1911/1860 960/1910/1859 988/1912/1861
f 976/1911/1860 988/1912/1861 977/1913/1862
f 977/1913/1862 988/1912/1861 989/1914/1863
f 977/1913/1862 989/1914/1863 978/1915/1864
f 978/1915/1864 989/1914/1863 990/1916/1865
f 978/1915/1864 990/1916/1865 767/1917/1866
f 767/1917/1866 990/1916/1865 768/1918/1867
f 959/1919/1868 975/1920/1869 960/1921/1870
f 960/1921/1870 975/1920/1869 988/1922/1871
f 988/1922/1871 975/1920/1869 974/1923/1872
f 988/1922/1871 974/1923/1872 989/1924/1873
f 989/1924/1873 974/1923/1872 973/1925/1874
f 989/1924/1873 973/1925/1874 990/1926/1875
f 990/1926/1875 973/1925/1874 769/1927/1876
f 990/1926/1875 769/1927/1876 768/1928/1877
f 759/1929/1878 944/1930/1879 760/1931/1880
f 760/1931/1880 944/1930/1879 945/1932/1881
g Body1:3

v 13.807557 1.992011 -22.000000
v 13.797334 2.069657 -22.000000
v 13.767364 2.142011 -22.000000
v 13.719689 2.204143 -22.000000
v 13.657557 2.251819 -22.000000
v 13.585202 2.281789 -22.000000
v 13.507557 2.292011 -22.000000
v 13.429911 2.281789 -22.000000
v 13.357557 2.251819 -22.000000
v 13.295425 2.204143 -22.000000
v 13.247749 2.142011 -22.000000
v 13.217779 2.069657 -22.000000
v 13.207557 1.992011 -22.000000
v 13.217779 1.914365 -22.000000
v 13.247749 1.842011 -22.000000
v 13.295425 1.779879 -22.000000
v 13.357557 1.732203 -22.000000
v 13.429911 1.702233 -22.000000
v 13.507557 1.692011 -22.000000
v 13.585202 1.702233 -22.000000
v 13.657557 1.732203 -22.000000
v 13.719689 1.779879 -22.000000
v 13.767364 1.842011 -22.000000
v 13.797334 1.914365 -22.000000
v 13.807557 1.992011 -26.000000
v 13.797334 1.914365 -26.000000
v 13.767364 1.842011 -26.000000
v 13.719689 1.779879 -26.000000
v 13.657557 1.732203 -26.000000
v 13.585202 1.702233 -26.000000
v 13.507557 1.692011 -26.000000
v 13.429911 1.702233 -26.000000
v 13.357557 1.732203 -26.000000
v 13.295425 1.779879 -26.000000
v 13.247749 1.842011 -26.000000
v 13.217779 1.914365 -26.000000
v 13.207557 1.992011 -26.000000
v 13.217779 2.069657 -26.000000
v 13.247749 2.142011 -26.000000
v 13.295425 2.204143 -26.000000
v 13.357557 2.251819 -26.000000
v 13.429911 2.281789 -26.000000
v 13.507557 2.292011 -26.000000
v 13.585202 2.281789 -26.000000
v 13.657557 2.251819 -26.000000
v 13.719689 2.204143 -26.000000
v 13.767364 2.142011 -26.000000
v 13.797334 2.069657 -26.000000
v 13.807557 1.992011 -23.333333
v 13.807557 1.992011 -24.666667
v 13.797334 2.069657 -23.333333
v 13.797334 2.069657 -24.666667
v 13.767364 2.142011 -23.333333
v 13.767364 2.142011 -24.666667
v 13.719689 2.204143 -23.333333
v 13.719689 2.204143 -24.666667
v 13.657557 2.251819 -23.333333
v 13.657557 2.251819 -24.666667
v 13.585202 2.281789 -23.333333
v 13.585202 2.281789 -24.666667
v 13.507557 2.292011 -23.333333
v 13.507557 2.292011 -24.666667
v 13.429911 2.281789 -23.333333
v 13.429911 2.281789 -24.666667
v 13.357557 2.251819 -23.333333
v 13.357557 2.251819 -24.666667
v 13.295425 2.204143 -23.333333
v 13.295425 2.204143 -24.666667
v 13.247749 2.142011 -23.333333
v 13.247749 2.142011 -24.666667
v 13.217779 2.069657 -23.333333
v 13.217779 2.069657 -24.666667
v 13.207557 1.992011 -23.333333
v 13.207557 1.992011 -24.666667
v 13.217779 1.914365 -23.333333
v 13.217779 1.914365 -24.666667
v 13.247749 1.842011 -23.333333
v 13.247749 1.842011 -24.666667
v 13.295425 1.779879 -23.333333
v 13.295425 1.779879 -24.666667
v 13.357557 1.732203 -23.333333
v 13.357557 1.732203 -24.666667
v 13.429911 1.702233 -23.333333
v 13.429911 1.702233 -24.666667
v 13.507557 1.692011 -23.333333
v 13.507557 1.692011 -24.666667
v 13.585202 1.702233 -23.333333
v 13.585202 1.702233 -24.666667
v 13.657557 1.732203 -23.333333
v 13.657557 1.732203 -24.666667
v 13.719689 1.779879 -23.333333
v 13.719689 1.779879 -24.666667
v 13.767364 1.842011 -23.333333
v 13.767364 1.842011 -24.666667
v 13.797334 1.914365 -23.333333
v 13.797334 1.914365 -24.666667
v 10.007557 1.992011 -22.000000
v 10.048575 2.526283 -22.000000
v 10.170669 3.048033 -22.000000
v 10.370977 3.545030 -22.000000
v 10.644804 4.005626 -22.000000
v 10.985731 4.419025 -22.000000
v 11.385768 4.775536 -22.000000
v 11.835537 5.066804 -22.000000
v 12.324498 5.286001 -22.000000
v 12.841188 5.427990 -22.000000
v 13.373497 5.489443 -22.000000
v 13.908949 5.468918 -22.000000
v 14.434992 5.366898 -22.000000
v 14.939297 5.185774 -22.000000
v 15.410043 4.929790 -22.000000
v 15.836197 4.604947 -22.000000
v 16.207769 4.218859 -22.000000
v 16.516050 3.780576 -22.000000
v 16.753815 3.300371 -22.000000
v 16.915491 2.789498 -22.000000
v 16.997287 2.259933 -22.000000
v 16.997287 1.724089 -22.000000
v 16.915491 1.194524 -22.000000
v 16.753815 0.683651 -22.000000
v 16.516050 0.203446 -22.000000
v 16.207769 -0.234838 -22.000000
v 15.836197 -0.620925 -22.000000
v 15.410043 -0.945768 -22.000000
v 14.939297 -1.201752 -22.000000
v 14.434992 -1.382876 -22.000000
v 13.908949 -1.484896 -22.000000
v 13.373497 -1.505421 -22.000000
v 12.841188 -1.443968 -22.000000
v 12.324498 -1.301979 -22.000000
v 11.835537 -1.082782 -22.000000
v 11.385768 -0.791514 -22.000000
v 10.985731 -0.435003 -22.000000
v 10.644804 -0.021604 -22.000000
v 10.370977 0.438991 -22.000000
v 10.170669 0.935989 -22.000000
v 10.048575 1.457738 -22.000000
v 10.007557 1.992011 -26.000000
v 10.048575 1.457738 -26.000000
v 10.170669 0.935989 -26.000000
v 10.370977 0.438991 -26.000000
v 10.644804 -0.021604 -26.000000
v 10.985731 -0.435003 -26.000000
v 11.385768 -0.791514 -26.000000
v 11.835537 -1.082782 -26.000000
v 12.324498 -1.301979 -26.000000
v 12.841188 -1.443968 -26.000000
v 13.373497 -1.505421 -26.000000
v 13.908949 -1.484896 -26.000000
v 14.434992 -1.382876 -26.000000
v 14.939297 -1.201752 -26.000000
v 15.410043 -0.945768 -26.000000
v 15.836197 -0.620925 -26.000000
v 16.207769 -0.234838 -26.000000
v 16.516050 0.203446 -26.000000
v 16.753815 0.683651 -26.000000
v 16.915491 1.194524 -26.000000
v 16.997287 1.724089 -26.000000
v 16.997287 2.259933 -26.000000
v 16.915491 2.789498 -26.000000
v 16.753815 3.300371 -26.000000
v 16.516050 3.780576 -26.000000
v 16.207769 4.218859 -26.000000
v 15.836197 4.604947 -26.000000
v 15.410043 4.929790 -26.000000
v 14.939297 5.185774 -26.000000
v 14.434992 5.366898 -26.000000
v 13.908949 5.468918 -26.000000
v 13.373497 5.489443 -26.000000
v 12.841188 5.427990 -26.000000
v 12.324498 5.286001 -26.000000
v 11.835537 5.066804 -26.000000
v 11.385768 4.775536 -26.000000
v 10.985731 4.419025 -26.000000
v 10.644804 4.005626 -26.000000
v 10.370977 3.545030 -26.000000
v 10.170669 3.048033 -26.000000
v 10.048575 2.526283 -26.000000
vt 4.000000 -0.863938 0.000000
vt 2.666667 -0.863938 0.000000
vt 4.000000 -0.942478 0.000000
vt 2.666667 -0.942478 0.000000
vt 4.000000 0.942478 0.000000
vt 2.666667 0.942478 0.000000
vt 4.000000 0.863938 0.000000
vt 2.666667 0.863938 0.000000
vt 4.000000 0.785398 0.000000
vt 2.666667 0.785398 0.000000
vt 4.000000 0.706858 0.000000
vt 2.666667 0.706858 0.000000
vt 4.000000 0.628319 0.000000
vt 2.666667 0.628319 0.000000
vt 4.000000 0.549779 0.000000
vt 2.666667 0.549779 0.000000
vt 4.000000 0.471239 0.000000
vt 2.666667 0.471239 0.000000
vt 4.000000 0.392699 0.000000
vt 2.666667 0.392699 0.000000
vt 4.000000 0.314159 0.000000
vt 2.666667 0.314159 0.000000
vt 4.000000 0.235619 0.000000
vt 2.666667 0.235619 0.000000
vt 4.000000 0.157080 0.000000
vt 2.666667 0.157080 0.000000
vt 4.000000 0.078540 0.000000
vt 2.666667 0.078540 0.000000
vt 4.000000 0.000000 0.000000
vt 2.666667 0.000000 0.000000
vt 4.000000 -0.078540 0.000000
vt 2.666667 -0.078540 0.000000
vt 4.000000 -0.157080 0.000000
vt 2.666667 -0.157080 0.000000
vt 4.000000 -0.235619 0.000000
vt 2.666667 -0.235619 0.000000
vt 4.000000 -0.314159 0.000000
vt 2.666667 -0.314159 0.000000
vt 4.000000 -0.392699 0.000000
vt 2.666667 -0.392699 0.000000
vt 4.000000 -0.471239 0.000000
vt 2.666667 -0.471239 0.000000
vt 4.000000 -0.549779 0.000000
vt 2.666667 -0.549779 0.000000
vt 4.000000 -0.628319 0.000000
vt 2.666667 -0.628319 0.000000
vt 4.000000 -0.706858 0.000000
vt 2.666667 -0.706858 0.000000
vt 4.000000 -0.785398 0.000000
vt 2.666667 -0.785398 0.000000
vt 0.000000 0.863938 0.000000
vt 1.333333 0.863938 0.000000
vt 0.000000 0.942478 0.000000
vt 1.333333 0.942478 0.000000
vt 0.000000 -0.942478 0.000000
vt 1.333333 -0.942478 0.000000
vt 0.000000 -0.863938 0.000000
vt 1.333333 -0.863938 0.000000
vt 0.000000 -0.785398 0.000000
vt 1.333333 -0.785398 0.000000
vt 0.000000 -0.706858 0.000000
vt 1.333333 -0.706858 0.000000
vt 0.000000 -0.628319 0.000000
vt 1.333333 -0.628319 0.000000
vt 0.000000 -0.549779 0.000000
vt 1.333333 -0.549779 0.000000
vt 0.000000 -0.471239 0.000000
vt 1.333333 -0.471239 0.000000
vt 0.000000 -0.392699 0.000000
vt 1.333333 -0.392699 0.000000
vt 0.000000 -0.314159 0.000000
vt 1.333333 -0.314159 0.000000
vt 0.000000 -0.235619 0.000000
vt 1.333333 -0.235619 0.000000
vt 0.000000 -0.157080 0.000000
vt 1.333333 -0.157080 0.000000
vt 0.000000 -0.078540 0.000000
vt 1.333333 -0.078540 0.000000
vt 0.000000 0.000000 0.000000
vt 1.333333 0.000000 0.000000
vt 0.000000 0.078540 0.000000
vt 1.333333 0.078540 0.000000
vt 0.000000 0.157080 0.000000
vt 1.333333 0.157080 0.000000
vt 0.000000 0.235619 0.000000
vt 1.333333 0.235619 0.000000
vt 0.000000 0.314159 0.000000
vt 1.333333 0.314159 0.000000
vt 0.000000 0.392699 0.000000
vt 1.333333 0.392699 0.000000
vt 0.000000 0.471239 0.000000
vt 1.333333 0.471239 0.000000
vt 0.000000 0.549779 0.000000
vt 1.333333 0.549779 0.000000
vt 0.000000 0.628319 0.000000
vt 1.333333 0.628319 0.000000
vt 0.000000 0.706858 0.000000
vt 1.333333 0.706858 0.000000
vt 0.000000 0.785398 0.000000
vt 1.333333 0.785398 0.000000
vt -4.000000 10.459205 0.000000
vt -0.000000 10.459205 0.000000
vt -4.000000 10.995574 0.000000
vt -0.000000 10.995574 0.000000
vt -4.000000 -10.995574 0.000000
vt -0.000000 -10.995574 0.000000
vt -4.000000 -10.459205 0.000000
vt -0.000000 -10.459205 0.000000
vt -4.000000 -9.922835 0.000000
vt -0.000000 -9.922835 0.000000
vt -4.000000 -9.386466 0.000000
vt -0.000000 -9.386466 0.000000
vt -4.000000 -8.850096 0.000000
vt -0.000000 -8.850096 0.000000
vt -4.000000 -8.313727 0.000000
vt -0.000000 -8.313727 0.000000
vt -4.000000 -7.777357 0.000000
vt -0.000000 -7.777357 0.000000
vt -4.000000 -7.240988 0.000000
vt -0.000000 -7.240988 0.000000
vt -4.000000 -6.704618 0.000000
vt -0.000000 -6.704618 0.000000
vt -4.000000 -6.168249 0.000000
vt -0.000000 -6.168249 0.000000
vt -4.000000 -5.631880 0.000000
vt -0.000000 -5.631880 0.000000
vt -4.000000 -5.095510 0.000000
vt -0.000000 -5.095510 0.000000
vt -4.000000 -4.559141 0.000000
vt -0.000000 -4.559141 0.000000
vt -4.000000 -4.022771 0.000000
vt -0.000000 -4.022771 0.000000
vt -4.000000 -3.486402 0.000000
vt -0.000000 -3.486402 0.000000
vt -4.000000 -2.950032 0.000000
vt -0.000000 -2.950032 0.000000
vt -4.000000 -2.413663 0.000000
vt -0.000000 -2.413663 0.000000
vt -4.000000 -1.877293 0.000000
vt -0.000000 -1.877293 0.000000
vt -4.000000 -1.340924 0.000000
vt -0.000000 -1.340924 0.000000
vt -4.000000 -0.804554 0.000000
vt -0.000000 -0.804554 0.000000
vt -4.000000 -0.268185 0.000000
vt -0.000000 -0.268185 0.000000
vt -4.000000 0.268185 0.000000
vt -0.000000 0.268185 0.000000
vt -4.000000 0.804554 0.000000
vt -0.000000 0.804554 0.000000
vt -4.000000 1.340924 0.000000
vt -0.000000 1.340924 0.000000
vt -4.000000 1.877293 0.000000
vt -0.000000 1.877293 0.000000
vt -4.000000 2.413663 0.000000
vt -0.000000 2.413663 0.000000
vt -4.000000 2.950032 0.000000
vt -0.000000 2.950032 0.000000
vt -4.000000 3.486402 0.000000
vt -0.000000 3.486402 0.000000
vt -4.000000 4.022771 0.000000
vt -0.000000 4.022771 0.000000
vt -4.000000 4.559141 0.000000
vt -0.000000 4.559141 0.000000
vt -4.000000 5.095510 0.000000
vt -0.000000 5.095510 0.000000
vt -4.000000 5.631880 0.000000
vt -0.000000 5.631880 0.000000
vt -4.000000 6.168249 0.000000
vt -0.000000 6.168249 0.000000
vt -4.000000 6.704618 0.000000
vt -0.000000 6.704618 0.000000
vt -4.000000 7.240988 0.000000
vt -0.000000 7.240988 0.000000
vt -4.000000 7.777357 0.000000
vt -0.000000 7.777357 0.000000
vt -4.000000 8.313727 0.000000
vt -0.000000 8.313727 0.000000
vt -4.000000 8.850096 0.000000
vt -0.000000 8.850096 0.000000
vt -4.000000 9.386466 0.000000
vt -0.000000 9.386466 0.000000
vt -4.000000 9.922835 0.000000
vt -0.000000 9.922835 0.000000
vt 0.289778 -0.077646 0.000000
vt 3.489730 -0.267922 0.000000
vt 0.300000 0.000000 0.000000
vt 3.489730 0.267922 0.000000
vt 0.289778 0.077646 0.000000
vt 3.407934 0.797487 0.000000
vt 3.246259 1.308360 0.000000
vt 0.259808 -0.150000 0.000000
vt 3.246259 -1.308360 0.000000
vt 3.407934 -0.797487 0.000000
vt 0.212132 -0.212132 0.000000
vt 2.700212 -2.226849 0.000000
vt 3.008494 -1.788565 0.000000
vt 2.328640 -2.612936 0.000000
vt 0.150000 -0.259808 0.000000
vt 1.902486 -2.937779 0.000000
vt 1.431740 -3.193763 0.000000
vt 0.077646 -0.289778 0.000000
vt 0.927435 -3.374887 0.000000
vt 0.401392 -3.476907 0.000000
vt 0.000000 -0.300000 0.000000
vt -0.134060 -3.497432 0.000000
vt -0.666369 -3.435979 0.000000
vt -0.077646 -0.289778 0.000000
vt -1.183059 -3.293990 0.000000
vt -0.150000 -0.259808 0.000000
vt -1.672019 -3.074793 0.000000
vt -2.121789 -2.783525 0.000000
vt -2.521826 -2.427014 0.000000
vt -0.212132 -0.212132 0.000000
vt -2.862753 -2.013615 0.000000
vt -0.259808 -0.150000 0.000000
vt -3.136579 -1.553019 0.000000
vt -0.289778 -0.077646 0.000000
vt -3.336887 -1.056022 0.000000
vt -3.458981 -0.534272 0.000000
vt -0.300000 0.000000 0.000000
vt -3.500000 0.000000 0.000000
vt -3.458981 0.534272 0.000000
vt -0.289778 0.077646 0.000000
vt -3.336887 1.056022 0.000000
vt -3.136579 1.553019 0.000000
vt -0.259808 0.150000 0.000000
vt -2.862753 2.013615 0.000000
vt -0.212132 0.212132 0.000000
vt -2.521826 2.427014 0.000000
vt -2.121789 2.783525 0.000000
vt -0.150000 0.259808 0.000000
vt -1.672019 3.074793 0.000000
vt -1.183059 3.293990 0.000000
vt -0.077646 0.289778 0.000000
vt -0.666369 3.435979 0.000000
vt 0.000000 0.300000 0.000000
vt -0.134060 3.497432 0.000000
vt 0.401392 3.476907 0.000000
vt 0.077646 0.289778 0.000000
vt 0.927435 3.374887 0.000000
vt 1.431740 3.193763 0.000000
vt 0.150000 0.259808 0.000000
vt 1.902486 2.937779 0.000000
vt 2.328640 2.612936 0.000000
vt 0.212132 0.212132 0.000000
vt 2.700212 2.226849 0.000000
vt 0.259808 0.150000 0.000000
vt 3.008494 1.788565 0.000000
vt -0.289778 0.077646 0.000000
vt -3.489730 0.267922 0.000000
vt -0.300000 0.000000 0.000000
vt -3.489730 -0.267922 0.000000
vt -0.289778 -0.077646 0.000000
vt -3.407934 -0.797487 0.000000
vt -3.246259 -1.308360 0.000000
vt -0.259808 0.150000 0.000000
vt -3.246259 1.308360 0.000000
vt -3.407934 0.797487 0.000000
vt -0.212132 0.212132 0.000000
vt -2.700212 2.226849 0.000000
vt -3.008494 1.788565 0.000000
vt -2.328640 2.612936 0.000000
vt -0.150000 0.259808 0.000000
vt -1.902486 2.937779 0.000000
vt -1.431740 3.193763 0.000000
vt -0.077646 0.289778 0.000000
vt -0.927435 3.374887 0.000000
vt -0.401392 3.476907 0.000000
vt -0.000000 0.300000 0.000000
vt 0.134060 3.497432 0.000000
vt 0.666369 3.435979 0.000000
vt 0.077646 0.289778 0.000000
vt 1.183059 3.293990 0.000000
vt 0.150000 0.259808 0.000000
vt 1.672019 3.074793 0.000000
vt 2.121789 2.783525 0.000000
vt 0.212132 0.212132 0.000000
vt 2.521826 2.427014 0.000000
vt 2.862753 2.013615 0.000000
vt 0.259808 0.150000 0.000000
vt 3.136579 1.553019 0.000000
vt 0.289778 0.077646 0.000000
vt 3.336887 1.056022 0.000000
vt 3.458981 0.534272 0.000000
vt 0.300000 0.000000 0.000000
vt 3.500000 0.000000 0.000000
vt 3.458981 -0.534272 0.000000
vt 0.289778 -0.077646 0.000000
vt 3.336887 -1.056022 0.000000
vt 3.136579 -1.553019 0.000000
vt 0.259808 -0.150000 0.000000
vt 2.862753 -2.013615 0.000000
vt 0.212132 -0.212132 0.000000
vt 2.521826 -2.427014 0.000000
vt 2.121789 -2.783525 0.000000
vt 0.150000 -0.259808 0.000000
vt 1.672019 -3.074793 0.000000
vt 1.183059 -3.293990 0.000000
vt 0.077646 -0.289778 0.000000
vt 0.666369 -3.435979 0.000000
vt -0.000000 -0.300000 0.000000
vt 0.134060 -3.497432 0.000000
vt -0.401392 -3.476907 0.000000
vt -0.077646 -0.289778 0.000000
vt -0.927435 -3.374887 0.000000
vt -1.431740 -3.193763 0.000000
vt -0.150000 -0.259808 0.000000
vt -1.902486 -2.937779 0.000000
vt -2.328640 -2.612936 0.000000
vt -0.212132 -0.212132 0.000000
vt -2.700212 -2.226849 0.000000
vt -0.259808 -0.150000 0.000000
vt -3.008494 -1.788565 0.000000
vn -0.965926 -0.258819 0.000000
vn -0.965926 -0.258819 0.000000
vn -1.000000 -0.000000 0.000000
vn -1.000000 -0.000000 0.000000
vn -0.965926 0.258819 0.000000
vn -0.965926 0.258819 0.000000
vn -0.866025 0.500000 0.000000
vn -0.866025 0.500000 0.000000
vn -0.707107 0.707107 0.000000
vn -0.707107 0.707107 0.000000
vn -0.500000 0.866025 0.000000
vn -0.500000 0.866025 0.000000
vn -0.258819 0.965926 0.000000
vn -0.258819 0.965926 0.000000
vn 0.000000 1.000000 -0.000000
vn 0.000000 1.000000 -0.000000
vn 0.258819 0.965926 -0.000000
vn 0.258819 0.965926 -0.000000
vn 0.500000 0.866025 -0.000000
vn 0.500000 0.866025 -0.000000
vn 0.707107 0.707107 -0.000000
vn 0.707107 0.707107 -0.000000
vn 0.866025 0.500000 -0.000000
vn 0.866025 0.500000 -0.000000
vn 0.965926 0.258819 -0.000000
vn 0.965926 0.258819 -0.000000
vn 1.000000 0.000000 -0.000000
vn 1.000000 0.000000 -0.000000
vn 0.965926 -0.258819 0.000000
vn 0.965926 -0.258819 0.000000
vn 0.866025 -0.500000 0.000000
vn 0.866025 -0.500000 0.000000
vn 0.707107 -0.707107 0.000000
vn 0.707107 -0.707107 0.000000
vn 0.500000 -0.866025 0.000000
vn 0.500000 -0.866025 0.000000
vn 0.258819 -0.965926 0.000000
vn 0.258819 -0.965926 0.000000
vn 0.000000 -1.000000 0.000000
vn 0.000000 -1.000000 0.000000
vn -0.258819 -0.965926 0.000000
vn -0.258819 -0.965926 0.000000
vn -0.500000 -0.866025 0.000000
vn -0.500000 -0.866025 0.000000
vn -0.707107 -0.707107 0.000000
vn -0.707107 -0.707107 0.000000
vn -0.866025 -0.500000 0.000000
vn -0.866025 -0.500000 0.000000
vn -0.965926 0.258819 0.000000
vn -0.965926 0.258819 0.000000
vn -1.000000 0.000000 0.000000
vn -1.000000 0.000000 0.000000
vn -0.965926 -0.258819 0.000000
vn -0.965926 -0.258819 0.000000
vn -0.866025 -0.500000 0.000000
vn -0.866025 -0.500000 0.000000
vn -0.707107 -0.707107 0.000000
vn -0.707107 -0.707107 0.000000
vn -0.500000 -0.866025 0.000000
vn -0.500000 -0.866025 0.000000
vn -0.258819 -0.965926 0.000000
vn -0.258819 -0.965926 0.000000
vn 0.000000 -1.000000 0.000000
vn 0.000000 -1.000000 0.000000
vn 0.258819 -0.965926 0.000000
vn 0.258819 -0.965926 0.000000
vn 0.500000 -0.866025 0.000000
vn 0.500000 -0.866025 0.000000
vn 0.707107 -0.707107 0.000000
vn 0.707107 -0.707107 0.000000
vn 0.866025 -0.500000 0.000000
vn 0.866025 -0.500000 0.000000
vn 0.965926 -0.258819 0.000000
vn 0.965926 -0.258819 0.000000
vn 1.000000 0.000000 -0.000000
vn 1.000000 0.000000 -0.000000
vn 0.965926 0.258819 -0.000000
vn 0.965926 0.258819 -0.000000
vn 0.866025 0.500000 -0.000000
vn 0.866025 0.500000 -0.000000
vn 0.707107 0.707107 -0.000000
vn 0.707107 0.707107 -0.000000
vn 0.500000 0.866025 -0.000000
vn 0.500000 0.866025 -0.000000
vn 0.258819 0.965926 -0.000000
vn 0.258819 0.965926 -0.000000
vn 0.000000 1.000000 -0.000000
vn 0.000000 1.000000 -0.000000
vn -0.258819 0.965926 0.000000
vn -0.258819 0.965926 0.000000
vn -0.500000 0.866025 0.000000
vn -0.500000 0.866025 0.000000
vn -0.707107 0.707107 0.000000
vn -0.707107 0.707107 0.000000
vn -0.866025 0.500000 0.000000
vn -0.866025 0.500000 0.000000
vn -0.988280 0.152649 -0.000000
vn -0.988280 0.152649 -0.000000
vn -1.000000 0.000000 -0.000000
vn -1.000000 0.000000 -0.000000
vn -0.988280 -0.152649 0.000000
vn -0.988280 -0.152649 0.000000
vn -0.953396 -0.301721 0.000000
vn -0.953396 -0.301721 0.000000
vn -0.896166 -0.443720 0.000000
vn -0.896166 -0.443720 0.000000
vn -0.817929 -0.575319 0.000000
vn -0.817929 -0.575319 0.000000
vn -0.720522 -0.693433 0.000000
vn -0.720522 -0.693433 0.000000
vn -0.606225 -0.795293 0.000000
vn -0.606225 -0.795293 0.000000
vn -0.477720 -0.878512 0.000000
vn -0.477720 -0.878512 0.000000
vn -0.338017 -0.941140 0.000000
vn -0.338017 -0.941140 0.000000
vn -0.190391 -0.981708 0.000000
vn -0.190391 -0.981708 0.000000
vn -0.038303 -0.999266 0.000000
vn -0.038303 -0.999266 0.000000
vn 0.114683 -0.993402 -0.000000
vn 0.114683 -0.993402 -0.000000
vn 0.264982 -0.964253 -0.000000
vn 0.264982 -0.964253 -0.000000
vn 0.409069 -0.912504 -0.000000
vn 0.409069 -0.912504 -0.000000
vn 0.543568 -0.839365 -0.000000
vn 0.543568 -0.839365 -0.000000
vn 0.665326 -0.746553 -0.000000
vn 0.665326 -0.746553 -0.000000
vn 0.771489 -0.636242 -0.000000
vn 0.771489 -0.636242 -0.000000
vn 0.859570 -0.511019 -0.000000
vn 0.859570 -0.511019 -0.000000
vn 0.927502 -0.373817 -0.000000
vn 0.927502 -0.373817 -0.000000
vn 0.973695 -0.227854 -0.000000
vn 0.973695 -0.227854 -0.000000
vn 0.997066 -0.076549 -0.000000
vn 0.997066 -0.076549 -0.000000
vn 0.997066 0.076549 -0.000000
vn 0.997066 0.076549 -0.000000
vn 0.973695 0.227854 -0.000000
vn 0.973695 0.227854 -0.000000
vn 0.927502 0.373817 -0.000000
vn 0.927502 0.373817 -0.000000
vn 0.859570 0.511019 -0.000000
vn 0.859570 0.511019 -0.000000
vn 0.771489 0.636242 -0.000000
vn 0.771489 0.636242 -0.000000
vn 0.665326 0.746553 -0.000000
vn 0.665326 0.746553 -0.000000
vn 0.543568 0.839365 -0.000000
vn 0.543568 0.839365 -0.000000
vn 0.409069 0.912504 -0.000000
vn 0.409069 0.912504 -0.000000
vn 0.264982 0.964253 -0.000000
vn 0.264982 0.964253 -0.000000
vn 0.114683 0.993402 -0.000000
vn 0.114683 0.993402 -0.000000
vn -0.038303 0.999266 -0.000000
vn -0.038303 0.999266 -0.000000
vn -0.190391 0.981708 -0.000000
vn -0.190391 0.981708 -0.000000
vn -0.338017 0.941140 -0.000000
vn -0.338017 0.941140 -0.000000
vn -0.477720 0.878512 -0.000000
vn -0.477720 0.878512 -0.000000
vn -0.606225 0.795293 -0.000000
vn -0.606225 0.795293 -0.000000
vn -0.720522 0.693433 -0.000000
vn -0.720522 0.693433 -0.000000
vn -0.817929 0.575319 -0.000000
vn -0.817929 0.575319 -0.000000
vn -0.896166 0.443720 -0.000000
vn -0.896166 0.443720 -0.000000
vn -0.953396 0.301721 -0.000000
vn -0.953396 0.301721 -0.000000
vn 0.000000 0.000000 1.000000
vn 0.000000 0.000000 1.000000
vn 0.000000 0.000000 1.000000
vn 0.000000 0.000000 1.000000
vn 0.000000 0.000000 1.000000
vn 0.000000 0.000000 1.000000
vn 0.000000 0.000000 1.000000
vn 0.000000 0.000000 1.000000
vn 0.000000 0.000000 1.000000
vn 0.000000 0.000000 1.000000
vn 0.000000 0.000000 1.000000
vn 0.000000 0.000000 1.000000
vn 0.000000 0.000000 1.000000
vn 0.000000 0.000000 1.000000
vn 0.000000 0.000000 1.000000
vn 0.000000 0.000000 1.000000
vn 0.000000 0.000000 1.000000
vn 0.000000 0.000000 1.000000
vn 0.000000 0.000000 1.000000
vn 0.000000 0.000000 1.000000
vn 0.000000 0.000000 1.000000
vn 0.000000 0.000000 1.000000
vn 0.000000 0.000000 1.000000
vn 0.000000 0.000000 1.000000
vn 0.000000 0.000000 1.000000
vn 0.000000 0.000000 1.000000
vn 0.000000 0.000000 1.000000
vn 0.000000 0.000000 1.000000
vn 0.000000 0.000000 1.000000
vn 0.000000 0.000000 1.000000
vn 0.000000 0.000000 1.000000
vn 0.000000 0.000000 1.000000
vn 0.000000 0.000000 1.000000
vn 0.000000 0.000000 1.000000
vn 0.000000 0.000000 1.000000
vn 0.000000 0.000000 1.000000
vn 0.000000 0.000000 1.000000
vn 0.000000 0.000000 1.000000
vn 0.000000 0.000000 1.000000
vn 0.000000 0.000000 1.000000
vn 0.000000 0.000000 1.000000
vn 0.000000 0.000000 1.000000
vn 0.000000 0.000000 1.000000
vn 0.000000 0.000000 1.000000
vn 0.000000 0.000000 1.000000
vn 0.000000 0.000000 1.000000
vn 0.000000 0.000000 1.000000
vn 0.000000 0.000000 1.000000
vn 0.000000 0.000000 1.000000
vn 0.000000 0.000000 1.000000
vn 0.000000 0.000000 1.000000
vn 0.000000 0.000000 1.000000
vn 0.000000 0.000000 1.000000
vn 0.000000 0.000000 1.000000
vn 0.000000 0.000000 1.000000
vn 0.000000 0.000000 1.000000
vn 0.000000 0.000000 1.000000
vn 0.000000 0.000000 1.000000
vn 0.000000 0.000000 1.000000
vn 0.000000 0.000000 1.000000
vn 0.000000 0.000000 1.000000
vn 0.000000 0.000000 1.000000
vn 0.000000 0.000000 1.000000
vn 0.000000 0.000000 1.000000
vn 0.000000 0.000000 1.000000
vn -0.000000 -0.000000 -1.000000
vn -0.000000 -0.000000 -1.000000
vn -0.000000 -0.000000 -1.000000
vn -0.000000 -0.000000 -1.000000
vn -0.000000 -0.000000 -1.000000
vn -0.000000 -0.000000 -1.000000
vn -0.000000 -0.000000 -1.000000
vn -0.000000 -0.000000 -1.000000
vn -0.000000 -0.000000 -1.000000
vn -0.000000 -0.000000 -1.000000
vn -0.000000 -0.000000 -1.000000
vn -0.000000 -0.000000 -1.000000
vn -0.000000 -0.000000 -1.000000
vn -0.000000 -0.000000 -1.000000
vn -0.000000 -0.000000 -1.000000
vn -0.000000 -0.000000 -1.000000
vn -0.000000 -0.000000 -1.000000
vn -0.000000 -0.000000 -1.000000
vn -0.000000 -0.000000 -1.000000
vn -0.000000 -0.000000 -1.000000
vn -0.000000 -0.000000 -1.000000
vn -0.000000 -0.000000 -1.000000
vn -0.000000 -0.000000 -1.000000
vn -0.000000 -0.000000 -1.000000
vn -0.000000 -0.000000 -1.000000
vn -0.000000 -0.000000 -1.000000
vn -0.000000 -0.000000 -1.000000
vn -0.000000 -0.000000 -1.000000
vn -0.000000 -0.000000 -1.000000
vn -0.000000 -0.000000 -1.000000
vn -0.000000 -0.000000 -1.000000
vn -0.000000 -0.000000 -1.000000
vn -0.000000 -0.000000 -1.000000
vn -0.000000 -0.000000 -1.000000
vn -0.000000 -0.000000 -1.000000
vn -0.000000 -0.000000 -1.000000
vn -0.000000 -0.000000 -1.000000
vn -0.000000 -0.000000 -1.000000
vn -0.000000 -0.000000 -1.000000
vn -0.000000 -0.000000 -1.000000
vn -0.000000 -0.000000 -1.000000
vn -0.000000 -0.000000 -1.000000
vn -0.000000 -0.000000 -1.000000
vn -0.000000 -0.000000 -1.000000
vn -0.000000 -0.000000 -1.000000
vn -0.000000 -0.000000 -1.000000
vn -0.000000 -0.000000 -1.000000
vn -0.000000 -0.000000 -1.000000
vn -0.000000 -0.000000 -1.000000
vn -0.000000 -0.000000 -1.000000
vn -0.000000 -0.000000 -1.000000
vn -0.000000 -0.000000 -1.000000
vn -0.000000 -0.000000 -1.000000
vn -0.000000 -0.000000 -1.000000
vn -0.000000 -0.000000 -1.000000
vn -0.000000 -0.000000 -1.000000
vn -0.000000 -0.000000 -1.000000
vn -0.000000 -0.000000 -1.000000
vn -0.000000 -0.000000 -1.000000
vn -0.000000 -0.000000 -1.000000
vn -0.000000 -0.000000 -1.000000
vn -0.000000 -0.000000 -1.000000
vn -0.000000 -0.000000 -1.000000
vn -0.000000 -0.000000 -1.000000
vn -0.000000 -0.000000 -1.000000
f 992/1933/1882 1041/1934/1883 991/1935/1884
f 991/1935/1884 1041/1934/1883 1039/1936/1885
f 991/1937/1884 1039/1938/1885 1014/1939/1886
f 1014/1939/1886 1039/1938/1885 1085/1940/1887
f 1014/1939/1886 1085/1940/1887 1013/1941/1888
f 1013/1941/1888 1085/1940/1887 1083/1942/1889
f 1013/1941/1888 1083/1942/1889 1012/1943/1890
f 1012/1943/1890 1083/1942/1889 1081/1944/1891
f 1012/1943/1890 1081/1944/1891 1011/1945/1892
f 1011/1945/1892 1081/1944/1891 1079/1946/1893
f 1011/1945/1892 1079/1946/1893 1010/1947/1894
f 1010/1947/1894 1079/1946/1893 1077/1948/1895
f 1010/1947/1894 1077/1948/1895 1009/1949/1896
f 1009/1949/1896 1077/1948/1895 1075/1950/1897
f 1009/1949/1896 1075/1950/1897 1008/1951/1898
f 1008/1951/1898 1075/1950/1897 1073/1952/1899
f 1008/1951/1898 1073/1952/1899 1007/1953/1900
f 1007/1953/1900 1073/1952/1899 1071/1954/1901
f 1007/1953/1900 1071/1954/1901 1006/1955/1902
f 1006/1955/1902 1071/1954/1901 1069/1956/1903
f 1006/1955/1902 1069/1956/1903 1005/1957/1904
f 1005/1957/1904 1069/1956/1903 1067/1958/1905
f 1005/1957/1904 1067/1958/1905 1004/1959/1906
f 1004/1959/1906 1067/1958/1905 1065/1960/1907
f 1004/1959/1906 1065/1960/1907 1003/1961/1908
f 1003/1961/1908 1065/1960/1907 1063/1962/1909
f 1003/1961/1908 1063/1962/1909 1002/1963/1910
f 1002/1963/1910 1063/1962/1909 1061/1964/1911
f 1002/1963/1910 1061/1964/1911 1001/1965/1912
f 1001/1965/1912 1061/1964/1911 1059/1966/1913
f 1001/1965/1912 1059/1966/1913 1000/1967/1914
f 1000/1967/1914 1059/1966/1913 1057/1968/1915
f 1000/1967/1914 1057/1968/1915 999/1969/1916
f 999/1969/1916 1057/1968/1915 1055/1970/1917
f 999/1969/1916 1055/1970/1917 998/1971/1918
f 998/1971/1918 1055/1970/1917 1053/1972/1919
f 998/1971/1918 1053/1972/1919 997/1973/1920
f 997/1973/1920 1053/1972/1919 1051/1974/1921
f 997/1973/1920 1051/1974/1921 996/1975/1922
f 996/1975/1922 1051/1974/1921 1049/1976/1923
f 996/1975/1922 1049/1976/1923 995/1977/1924
f 995/1977/1924 1049/1976/1923 1047/1978/1925
f 995/1977/1924 1047/1978/1925 994/1979/1926
f 994/1979/1926 1047/1978/1925 1045/1980/1927
f 994/1979/1926 1045/1980/1927 993/1981/1928
f 993/1981/1928 1045/1980/1927 1043/1982/1929
f 993/1981/1928 1043/1982/1929 992/1933/1882
f 992/1933/1882 1043/1982/1929 1041/1934/1883
f 1016/1983/1930 1086/1984/1931 1015/1985/1932
f 1015/1985/1932 1086/1984/1931 1040/1986/1933
f 1015/1987/1932 1040/1988/1933 1038/1989/1934
f 1038/1989/1934 1040/1988/1933 1042/1990/1935
f 1038/1989/1934 1042/1990/1935 1037/1991/1936
f 1037/1991/1936 1042/1990/1935 1044/1992/1937
f 1037/1991/1936 1044/1992/1937 1036/1993/1938
f 1036/1993/1938 1044/1992/1937 1046/1994/1939
f 1036/1993/1938 1046/1994/1939 1035/1995/1940
f 1035/1995/1940 1046/1994/1939 1048/1996/1941
f 1035/1995/1940 1048/1996/1941 1034/1997/1942
f 1034/1997/1942 1048/1996/1941 1050/1998/1943
f 1034/1997/1942 1050/1998/1943 1033/1999/1944
f 1033/1999/1944 1050/1998/1943 1052/2000/1945
f 1033/1999/1944 1052/2000/1945 1032/2001/1946
f 1032/2001/1946 1052/2000/1945 1054/2002/1947
f 1032/2001/1946 1054/2002/1947 1031/2003/1948
f 1031/2003/1948 1054/2002/1947 1056/2004/1949
f 1031/2003/1948 1056/2004/1949 1030/2005/1950
f 1030/2005/1950 1056/2004/1949 1058/2006/1951
f 1030/2005/1950 1058/2006/1951 1029/2007/1952
f 1029/2007/1952 1058/2006/1951 1060/2008/1953
f 1029/2007/1952 1060/2008/1953 1028/2009/1954
f 1028/2009/1954 1060/2008/1953 1062/2010/1955
f 1028/2009/1954 1062/2010/1955 1027/2011/1956
f 1027/2011/1956 1062/2010/1955 1064/2012/1957
f 1027/2011/1956 1064/2012/1957 1026/2013/1958
f 1026/2013/1958 1064/2012/1957 1066/2014/1959
f 1026/2013/1958 1066/2014/1959 1025/2015/1960
f 1025/2015/1960 1066/2014/1959 1068/2016/1961
f 1025/2015/1960 1068/2016/1961 1024/2017/1962
f 1024/2017/1962 1068/2016/1961 1070/2018/1963
f 1024/2017/1962 1070/2018/1963 1023/2019/1964
f 1023/2019/1964 1070/2018/1963 1072/2020/1965
f 1023/2019/1964 1072/2020/1965 1022/2021/1966
f 1022/2021/1966 1072/2020/1965 1074/2022/1967
f 1022/2021/1966 1074/2022/1967 1021/2023/1968
f 1021/2023/1968 1074/2022/1967 1076/2024/1969
f 1021/2023/1968 1076/2024/1969 1020/2025/1970
f 1020/2025/1970 1076/2024/1969 1078/2026/1971
f 1020/2025/1970 1078/2026/1971 1019/2027/1972
f 1019/2027/1972 1078/2026/1971 1080/2028/1973
f 1019/2027/1972 1080/2028/1973 1018/2029/1974
f 1018/2029/1974 1080/2028/1973 1082/2030/1975
f 1018/2029/1974 1082/2030/1975 1017/2031/1976
f 1017/2031/1976 1082/2030/1975 1084/2032/1977
f 1017/2031/1976 1084/2032/1977 1016/1983/1930
f 1016/1983/1930 1084/2032/1977 1086/1984/1931
f 1039/1938/1885 1040/1986/1933 1085/1940/1887
f 1085/1940/1887 1040/1986/1933 1086/1984/1931
f 1085/1940/1887 1086/1984/1931 1083/1942/1889
f 1083/1942/1889 1086/1984/1931 1084/2032/1977
f 1083/1942/1889 1084/2032/1977 1081/1944/1891
f 1081/1944/1891 1084/2032/1977 1082/2030/1975
f 1081/1944/1891 1082/2030/1975 1079/1946/1893
f 1079/1946/1893 1082/2030/1975 1080/2028/1973
f 1079/1946/1893 1080/2028/1973 1077/1948/1895
f 1077/1948/1895 1080/2028/1973 1078/2026/1971
f 1077/1948/1895 1078/2026/1971 1075/1950/1897
f 1075/1950/1897 1078/2026/1971 1076/2024/1969
f 1075/1950/1897 1076/2024/1969 1073/1952/1899
f 1073/1952/1899 1076/2024/1969 1074/2022/1967
f 1073/1952/1899 1074/2022/1967 1071/1954/1901
f 1071/1954/1901 1074/2022/1967 1072/2020/1965
f 1071/1954/1901 1072/2020/1965 1069/1956/1903
f 1069/1956/1903 1072/2020/1965 1070/2018/1963
f 1069/1956/1903 1070/2018/1963 1067/1958/1905
f 1067/1958/1905 1070/2018/1963 1068/2016/1961
f 1067/1958/1905 1068/2016/1961 1065/1960/1907
f 1065/1960/1907 1068/2016/1961 1066/2014/1959
f 1065/1960/1907 1066/2014/1959 1063/1962/1909
f 1063/1962/1909 1066/2014/1959 1064/2012/1957
f 1063/1962/1909 1064/2012/1957 1061/1964/1911
f 1061/1964/1911 1064/2012/1957 1062/2010/1955
f 1061/1964/1911 1062/2010/1955 1059/1966/1913
f 1059/1966/1913 1062/2010/1955 1060/2008/1953
f 1059/1966/1913 1060/2008/1953 1057/1968/1915
f 1057/1968/1915 1060/2008/1953 1058/2006/1951
f 1057/1968/1915 1058/2006/1951 1055/1970/1917
f 1055/1970/1917 1058/2006/1951 1056/2004/1949
f 1055/1970/1917 1056/2004/1949 1053/1972/1919
f 1053/1972/1919 1056/2004/1949 1054/2002/1947
f 1053/1972/1919 1054/2002/1947 1051/1974/1921
f 1051/1974/1921 1054/2002/1947 1052/2000/1945
f 1051/1974/1921 1052/2000/1945 1049/1976/1923
f 1049/1976/1923 1052/2000/1945 1050/1998/1943
f 1049/1976/1923 1050/1998/1943 1047/1978/1925
f 1047/1978/1925 1050/1998/1943 1048/1996/1941
f 1047/1978/1925 1048/1996/1941 1045/1980/1927
f 1045/1980/1927 1048/1996/1941 1046/1994/1939
f 1045/1980/1927 1046/1994/1939 1043/1982/1929
f 1043/1982/1929 1046/1994/1939 1044/1992/1937
f 1043/1982/1929 1044/1992/1937 1041/1934/1883
f 1041/1934/1883 1044/1992/1937 1042/1990/1935
f 1041/1934/1883 1042/1990/1935 1039/1936/1885
f 1039/1936/1885 1042/1990/1935 1040/1988/1933
f 1088/2033/1978 1168/2034/1979 1087/2035/1980
f 1087/2035/1980 1168/2034/1979 1128/2036/1981
f 1087/2037/1980 1128/2038/1981 1127/2039/1982
f 1127/2039/1982 1128/2038/1981 1129/2040/1983
f 1127/2039/1982 1129/2040/1983 1126/2041/1984
f 1126/2041/1984 1129/2040/1983 1130/2042/1985
f 1126/2041/1984 1130/2042/1985 1125/2043/1986
f 1125/2043/1986 1130/2042/1985 1131/2044/1987
f 1125/2043/1986 1131/2044/1987 1124/2045/1988
f 1124/2045/1988 1131/2044/1987 1132/2046/1989
f 1124/2045/1988 1132/2046/1989 1123/2047/1990
f 1123/2047/1990 1132/2046/1989 1133/2048/1991
f 1123/2047/1990 1133/2048/1991 1122/2049/1992
f 1122/2049/1992 1133/2048/1991 1134/2050/1993
f 1122/2049/1992 1134/2050/1993 1121/2051/1994
f 1121/2051/1994 1134/2050/1993 1135/2052/1995
f 1121/2051/1994 1135/2052/1995 1120/2053/1996
f 1120/2053/1996 1135/2052/1995 1136/2054/1997
f 1120/2053/1996 1136/2054/1997 1119/2055/1998
f 1119/2055/1998 1136/2054/1997 1137/2056/1999
f 1119/2055/1998 1137/2056/1999 1118/2057/2000
f 1118/2057/2000 1137/2056/1999 1138/2058/2001
f 1118/2057/2000 1138/2058/2001 1117/2059/2002
f 1117/2059/2002 1138/2058/2001 1139/2060/2003
f 1117/2059/2002 1139/2060/2003 1116/2061/2004
f 1116/2061/2004 1139/2060/2003 1140/2062/2005
f 1116/2061/2004 1140/2062/2005 1115/2063/2006
f 1115/2063/2006 1140/2062/2005 1141/2064/2007
f 1115/2063/2006 1141/2064/2007 1114/2065/2008
f 1114/2065/2008 1141/2064/2007 1142/2066/2009
f 1114/2065/2008 1142/2066/2009 1113/2067/2010
f 1113/2067/2010 1142/2066/2009 1143/2068/2011
f 1113/2067/2010 1143/2068/2011 1112/2069/2012
f 1112/2069/2012 1143/2068/2011 1144/2070/2013
f 1112/2069/2012 1144/2070/2013 1111/2071/2014
f 1111/2071/2014 1144/2070/2013 1145/2072/2015
f 1111/2071/2014 1145/2072/2015 1110/2073/2016
f 1110/2073/2016 1145/2072/2015 1146/2074/2017
f 1110/2073/2016 1146/2074/2017 1109/2075/2018
f 1109/2075/2018 1146/2074/2017 1147/2076/2019
f 1109/2075/2018 1147/2076/2019 1108/2077/2020
f 1108/2077/2020 1147/2076/2019 1148/2078/2021
f 1108/2077/2020 1148/2078/2021 1107/2079/2022
f 1107/2079/2022 1148/2078/2021 1149/2080/2023
f 1107/2079/2022 1149/2080/2023 1106/2081/2024
f 1106/2081/2024 1149/2080/2023 1150/2082/2025
f 1106/2081/2024 1150/2082/2025 1105/2083/2026
f 1105/2083/2026 1150/2082/2025 1151/2084/2027
f 1105/2083/2026 1151/2084/2027 1104/2085/2028
f 1104/2085/2028 1151/2084/2027 1152/2086/2029
f 1104/2085/2028 1152/2086/2029 1103/2087/2030
f 1103/2087/2030 1152/2086/2029 1153/2088/2031
f 1103/2087/2030 1153/2088/2031 1102/2089/2032
f 1102/2089/2032 1153/2088/2031 1154/2090/2033
f 1102/2089/2032 1154/2090/2033 1101/2091/2034
f 1101/2091/2034 1154/2090/2033 1155/2092/2035
f 1101/2091/2034 1155/2092/2035 1100/2093/2036
f 1100/2093/2036 1155/2092/2035 1156/2094/2037
f 1100/2093/2036 1156/2094/2037 1099/2095/2038
f 1099/2095/2038 1156/2094/2037 1157/2096/2039
f 1099/2095/2038 1157/2096/2039 1098/2097/2040
f 1098/2097/2040 1157/2096/2039 1158/2098/2041
f 1098/2097/2040 1158/2098/2041 1097/2099/2042
f 1097/2099/2042 1158/2098/2041 1159/2100/2043
f 1097/2099/2042 1159/2100/2043 1096/2101/2044
f 1096/2101/2044 1159/2100/2043 1160/2102/2045
f 1096/2101/2044 1160/2102/2045 1095/2103/2046
f 1095/2103/2046 1160/2102/2045 1161/2104/2047
f 1095/2103/2046 1161/2104/2047 1094/2105/2048
f 1094/2105/2048 1161/2104/2047 1162/2106/2049
f 1094/2105/2048 1162/2106/2049 1093/2107/2050
f 1093/2107/2050 1162/2106/2049 1163/2108/2051
f 1093/2107/2050 1163/2108/2051 1092/2109/2052
f 1092/2109/2052 1163/2108/2051 1164/2110/2053
f 1092/2109/2052 1164/2110/2053 1091/2111/2054
f 1091/2111/2054 1164/2110/2053 1165/2112/2055
f 1091/2111/2054 1165/2112/2055 1090/2113/2056
f 1090/2113/2056 1165/2112/2055 1166/2114/2057
f 1090/2113/2056 1166/2114/2057 1089/2115/2058
f 1089/2115/2058 1166/2114/2057 1167/2116/2059
f 1089/2115/2058 1167/2116/2059 1088/2033/1978
f 1088/2033/1978 1167/2116/2059 1168/2034/1979
f 1014/2117/2060 1108/2118/2061 991/2119/2062
f 991/2119/2062 1108/2118/2061 1107/2120/2063
f 991/2119/2062 1107/2120/2063 992/2121/2064
f 992/2121/2064 1107/2120/2063 1106/2122/2065
f 992/2121/2064 1106/2122/2065 1105/2123/2066
f 1013/2124/2067 1110/2125/2068 1014/2117/2060
f 1014/2117/2060 1110/2125/2068 1109/2126/2069
f 1014/2117/2060 1109/2126/2069 1108/2118/2061
f 1012/2127/2070 1112/2128/2071 1013/2124/2067
f 1013/2124/2067 1112/2128/2071 1111/2129/2072
f 1013/2124/2067 1111/2129/2072 1110/2125/2068
f 1112/2128/2071 1012/2127/2070 1113/2130/2073
f 1113/2130/2073 1012/2127/2070 1011/2131/2074
f 1113/2130/2073 1011/2131/2074 1114/2132/2075
f 1114/2132/2075 1011/2131/2074 1115/2133/2076
f 1115/2133/2076 1011/2131/2074 1010/2134/2077
f 1115/2133/2076 1010/2134/2077 1116/2135/2078
f 1116/2135/2078 1010/2134/2077 1117/2136/2079
f 1117/2136/2079 1010/2134/2077 1009/2137/2080
f 1117/2136/2079 1009/2137/2080 1118/2138/2081
f 1118/2138/2081 1009/2137/2080 1119/2139/2082
f 1119/2139/2082 1009/2137/2080 1008/2140/2083
f 1119/2139/2082 1008/2140/2083 1120/2141/2084
f 1120/2141/2084 1008/2140/2083 1007/2142/2085
f 1120/2141/2084 1007/2142/2085 1121/2143/2086
f 1121/2143/2086 1007/2142/2085 1122/2144/2087
f 1122/2144/2087 1007/2142/2085 1123/2145/2088
f 1123/2145/2088 1007/2142/2085 1006/2146/2089
f 1123/2145/2088 1006/2146/2089 1124/2147/2090
f 1124/2147/2090 1006/2146/2089 1005/2148/2091
f 1124/2147/2090 1005/2148/2091 1125/2149/2092
f 1125/2149/2092 1005/2148/2091 1004/2150/2093
f 1125/2149/2092 1004/2150/2093 1126/2151/2094
f 1126/2151/2094 1004/2150/2093 1127/2152/2095
f 1127/2152/2095 1004/2150/2093 1003/2153/2096
f 1127/2152/2095 1003/2153/2096 1087/2154/2097
f 1087/2154/2097 1003/2153/2096 1088/2155/2098
f 1088/2155/2098 1003/2153/2096 1002/2156/2099
f 1088/2155/2098 1002/2156/2099 1089/2157/2100
f 1089/2157/2100 1002/2156/2099 1090/2158/2101
f 1090/2158/2101 1002/2156/2099 1001/2159/2102
f 1090/2158/2101 1001/2159/2102 1091/2160/2103
f 1091/2160/2103 1001/2159/2102 1000/2161/2104
f 1091/2160/2103 1000/2161/2104 1092/2162/2105
f 1092/2162/2105 1000/2161/2104 1093/2163/2106
f 1093/2163/2106 1000/2161/2104 999/2164/2107
f 1093/2163/2106 999/2164/2107 1094/2165/2108
f 1094/2165/2108 999/2164/2107 1095/2166/2109
f 1095/2166/2109 999/2164/2107 998/2167/2110
f 1095/2166/2109 998/2167/2110 1096/2168/2111
f 1096/2168/2111 998/2167/2110 997/2169/2112
f 1096/2168/2111 997/2169/2112 1097/2170/2113
f 1097/2170/2113 997/2169/2112 1098/2171/2114
f 1098/2171/2114 997/2169/2112 996/2172/2115
f 1098/2171/2114 996/2172/2115 1099/2173/2116
f 1099/2173/2116 996/2172/2115 1100/2174/2117
f 1100/2174/2117 996/2172/2115 995/2175/2118
f 1100/2174/2117 995/2175/2118 1101/2176/2119
f 1101/2176/2119 995/2175/2118 1102/2177/2120
f 1102/2177/2120 995/2175/2118 994/2178/2121
f 1102/2177/2120 994/2178/2121 1103/2179/2122
f 1103/2179/2122 994/2178/2121 993/2180/2123
f 1103/2179/2122 993/2180/2123 1104/2181/2124
f 1104/2181/2124 993/2180/2123 1105/2123/2066
f 1105/2123/2066 993/2180/2123 992/2121/2064
f 1038/2182/2125 1149/2183/2126 1015/2184/2127
f 1015/2184/2127 1149/2183/2126 1148/2185/2128
f 1015/2184/2127 1148/2185/2128 1016/2186/2129
f 1016/2186/2129 1148/2185/2128 1147/2187/2130
f 1016/2186/2129 1147/2187/2130 1146/2188/2131
f 1037/2189/2132 1151/2190/2133 1038/2182/2125
f 1038/2182/2125 1151/2190/2133 1150/2191/2134
f 1038/2182/2125 1150/2191/2134 1149/2183/2126
f 1036/2192/2135 1153/2193/2136 1037/2189/2132
f 1037/2189/2132 1153/2193/2136 1152/2194/2137
f 1037/2189/2132 1152/2194/2137 1151/2190/2133
f 1153/2193/2136 1036/2192/2135 1154/2195/2138
f 1154/2195/2138 1036/2192/2135 1035/2196/2139
f 1154/2195/2138 1035/2196/2139 1155/2197/2140
f 1155/2197/2140 1035/2196/2139 1156/2198/2141
f 1156/2198/2141 1035/2196/2139 1034/2199/2142
f 1156/2198/2141 1034/2199/2142 1157/2200/2143
f 1157/2200/2143 1034/2199/2142 1158/2201/2144
f 1158/2201/2144 1034/2199/2142 1033/2202/2145
f 1158/2201/2144 1033/2202/2145 1159/2203/2146
f 1159/2203/2146 1033/2202/2145 1160/2204/2147
f 1160/2204/2147 1033/2202/2145 1032/2205/2148
f 1160/2204/2147 1032/2205/2148 1161/2206/2149
f 1161/2206/2149 1032/2205/2148 1031/2207/2150
f 1161/2206/2149 1031/2207/2150 1162/2208/2151
f 1162/2208/2151 1031/2207/2150 1163/2209/2152
f 1163/2209/2152 1031/2207/2150 1030/2210/2153
f 1163/2209/2152 1030/2210/2153 1164/2211/2154
f 1164/2211/2154 1030/2210/2153 1165/2212/2155
f 1165/2212/2155 1030/2210/2153 1029/2213/2156
f 1165/2212/2155 1029/2213/2156 1166/2214/2157
f 1166/2214/2157 1029/2213/2156 1028/2215/2158
f 1166/2214/2157 1028/2215/2158 1167/2216/2159
f 1167/2216/2159 1028/2215/2158 1168/2217/2160
f 1168/2217/2160 1028/2215/2158 1027/2218/2161
f 1168/2217/2160 1027/2218/2161 1128/2219/2162
f 1128/2219/2162 1027/2218/2161 1129/2220/2163
f 1129/2220/2163 1027/2218/2161 1026/2221/2164
f 1129/2220/2163 1026/2221/2164 1130/2222/2165
f 1130/2222/2165 1026/2221/2164 1131/2223/2166
f 1131/2223/2166 1026/2221/2164 1025/2224/2167
f 1131/2223/2166 1025/2224/2167 1132/2225/2168
f 1132/2225/2168 1025/2224/2167 1024/2226/2169
f 1132/2225/2168 1024/2226/2169 1133/2227/2170
f 1133/2227/2170 1024/2226/2169 1134/2228/2171
f 1134/2228/2171 1024/2226/2169 1023/2229/2172
f 1134/2228/2171 1023/2229/2172 1135/2230/2173
f 1135/2230/2173 1023/2229/2172 1136/2231/2174
f 1136/2231/2174 1023/2229/2172 1022/2232/2175
f 1136/2231/2174 1022/2232/2175 1137/2233/2176
f 1137/2233/2176 1022/2232/2175 1021/2234/2177
f 1137/2233/2176 1021/2234/2177 1138/2235/2178
f 1138/2235/2178 1021/2234/2177 1139/2236/2179
f 1139/2236/2179 1021/2234/2177 1020/2237/2180
f 1139/2236/2179 1020/2237/2180 1140/2238/2181
f 1140/2238/2181 1020/2237/2180 1141/2239/2182
f 1141/2239/2182 1020/2237/2180 1019/2240/2183
f 1141/2239/2182 1019/2240/2183 1142/2241/2184
f 1142/2241/2184 1019/2240/2183 1143/2242/2185
f 1143/2242/2185 1019/2240/2183 1018/2243/2186
f 1143/2242/2185 1018/2243/2186 1144/2244/2187
f 1144/2244/2187 1018/2243/2186 1017/2245/2188
f 1144/2244/2187 1017/2245/2188 1145/2246/2189
f 1145/2246/2189 1017/2245/2188 1146/2188/2131
f 1146/2188/2131 1017/2245/2188 1016/2186/2129
g Body1:4

v -17.392443 1.992011 16.500000
v -17.402666 2.069657 16.500000
v -17.432636 2.142011 16.500000
v -17.480311 2.204143 16.500000
v -17.542443 2.251819 16.500000
v -17.614798 2.281789 16.500000
v -17.692443 2.292011 16.500000
v -17.770089 2.281789 16.500000
v -17.842443 2.251819 16.500000
v -17.904575 2.204143 16.500000
v -17.952251 2.142011 16.500000
v -17.982221 2.069657 16.500000
v -17.992443 1.992011 16.500000
v -17.982221 1.914365 16.500000
v -17.952251 1.842011 16.500000
v -17.904575 1.779879 16.500000
v -17.842443 1.732203 16.500000
v -17.770089 1.702233 16.500000
v -17.692443 1.692011 16.500000
v -17.614798 1.702233 16.500000
v -17.542443 1.732203 16.500000
v -17.480311 1.779879 16.500000
v -17.432636 1.842011 16.500000
v -17.402666 1.914365 16.500000
v -17.392443 1.992011 12.500000
v -17.402666 1.914365 12.500000
v -17.432636 1.842011 12.500000
v -17.480311 1.779879 12.500000
v -17.542443 1.732203 12.500000
v -17.614798 1.702233 12.500000
v -17.692443 1.692011 12.500000
v -17.770089 1.702233 12.500000
v -17.842443 1.732203 12.500000
v -17.904575 1.779879 12.500000
v -17.952251 1.842011 12.500000
v -17.982221 1.914365 12.500000
v -17.992443 1.992011 12.500000
v -17.982221 2.069657 12.500000
v -17.952251 2.142011 12.500000
v -17.904575 2.204143 12.500000
v -17.842443 2.251819 12.500000
v -17.770089 2.281789 12.500000
v -17.692443 2.292011 12.500000
v -17.614798 2.281789 12.500000
v -17.542443 2.251819 12.500000
v -17.480311 2.204143 12.500000
v -17.432636 2.142011 12.500000
v -17.402666 2.069657 12.500000
v -17.392443 1.992011 15.166667
v -17.392443 1.992011 13.833333
v -17.402666 2.069657 15.166667
v -17.402666 2.069657 13.833333
v -17.432636 2.142011 15.166667
v -17.432636 2.142011 13.833333
v -17.480311 2.204143 15.166667
v -17.480311 2.204143 13.833333
v -17.542443 2.251819 15.166667
v -17.542443 2.251819 13.833333
v -17.614798 2.281789 15.166667
v -17.614798 2.281789 13.833333
v -17.692443 2.292011 15.166667
v -17.692443 2.292011 13.833333
v -17.770089 2.281789 15.166667
v -17.770089 2.281789 13.833333
v -17.842443 2.251819 15.166667
v -17.842443 2.251819 13.833333
v -17.904575 2.204143 15.166667
v -17.904575 2.204143 13.833333
v -17.952251 2.142011 15.166667
v -17.952251 2.142011 13.833333
v -17.982221 2.069657 15.166667
v -17.982221 2.069657 13.833333
v -17.992443 1.992011 15.166667
v -17.992443 1.992011 13.833333
v -17.982221 1.914365 15.166667
v -17.982221 1.914365 13.833333
v -17.952251 1.842011 15.166667
v -17.952251 1.842011 13.833333
v -17.904575 1.779879 15.166667
v -17.904575 1.779879 13.833333
v -17.842443 1.732203 15.166667
v -17.842443 1.732203 13.833333
v -17.770089 1.702233 15.166667
v -17.770089 1.702233 13.833333
v -17.692443 1.692011 15.166667
v -17.692443 1.692011 13.833333
v -17.614798 1.702233 15.166667
v -17.614798 1.702233 13.833333
v -17.542443 1.732203 15.166667
v -17.542443 1.732203 13.833333
v -17.480311 1.779879 15.166667
v -17.480311 1.779879 13.833333
v -17.432636 1.842011 15.166667
v -17.432636 1.842011 13.833333
v -17.402666 1.914365 15.166667
v -17.402666 1.914365 13.833333
v -21.192443 1.992011 16.500000
v -21.151425 2.526283 16.500000
v -21.029331 3.048033 16.500000
v -20.829023 3.545030 16.500000
v -20.555196 4.005626 16.500000
v -20.214269 4.419025 16.500000
v -19.814232 4.775536 16.500000
v -19.364463 5.066804 16.500000
v -18.875502 5.286001 16.500000
v -18.358812 5.427990 16.500000
v -17.826503 5.489443 16.500000
v -17.291051 5.468918 16.500000
v -16.765008 5.366898 16.500000
v -16.260703 5.185774 16.500000
v -15.789957 4.929790 16.500000
v -15.363803 4.604947 16.500000
v -14.992231 4.218859 16.500000
v -14.683950 3.780576 16.500000
v -14.446185 3.300371 16.500000
v -14.284509 2.789498 16.500000
v -14.202713 2.259933 16.500000
v -14.202713 1.724089 16.500000
v -14.284509 1.194524 16.500000
v -14.446185 0.683651 16.500000
v -14.683950 0.203446 16.500000
v -14.992231 -0.234838 16.500000
v -15.363803 -0.620925 16.500000
v -15.789957 -0.945768 16.500000
v -16.260703 -1.201752 16.500000
v -16.765008 -1.382876 16.500000
v -17.291051 -1.484896 16.500000
v -17.826503 -1.505421 16.500000
v -18.358812 -1.443968 16.500000
v -18.875502 -1.301979 16.500000
v -19.364463 -1.082782 16.500000
v -19.814232 -0.791514 16.500000
v -20.214269 -0.435003 16.500000
v -20.555196 -0.021604 16.500000
v -20.829023 0.438991 16.500000
v -21.029331 0.935989 16.500000
v -21.151425 1.457738 16.500000
v -21.192443 1.992011 12.500000
v -21.151425 1.457738 12.500000
v -21.029331 0.935989 12.500000
v -20.829023 0.438991 12.500000
v -20.555196 -0.021604 12.500000
v -20.214269 -0.435003 12.500000
v -19.814232 -0.791514 12.500000
v -19.364463 -1.082782 12.500000
v -18.875502 -1.301979 12.500000
v -18.358812 -1.443968 12.500000
v -17.826503 -1.505421 12.500000
v -17.291051 -1.484896 12.500000
v -16.765008 -1.382876 12.500000
v -16.260703 -1.201752 12.500000
v -15.789957 -0.945768 12.500000
v -15.363803 -0.620925 12.500000
v -14.992231 -0.234838 12.500000
v -14.683950 0.203446 12.500000
v -14.446185 0.683651 12.500000
v -14.284509 1.194524 12.500000
v -14.202713 1.724089 12.500000
v -14.202713 2.259933 12.500000
v -14.284509 2.789498 12.500000
v -14.446185 3.300371 12.500000
v -14.683950 3.780576 12.500000
v -14.992231 4.218859 12.500000
v -15.363803 4.604947 12.500000
v -15.789957 4.929790 12.500000
v -16.260703 5.185774 12.500000
v -16.765008 5.366898 12.500000
v -17.291051 5.468918 12.500000
v -17.826503 5.489443 12.500000
v -18.358812 5.427990 12.500000
v -18.875502 5.286001 12.500000
v -19.364463 5.066804 12.500000
v -19.814232 4.775536 12.500000
v -20.214269 4.419025 12.500000
v -20.555196 4.005626 12.500000
v -20.829023 3.545030 12.500000
v -21.029331 3.048033 12.500000
v -21.151425 2.526283 12.500000
vt 4.000000 -0.863938 0.000000
vt 2.666667 -0.863938 0.000000
vt 4.000000 -0.942478 0.000000
vt 2.666667 -0.942478 0.000000
vt 4.000000 0.942478 0.000000
vt 2.666667 0.942478 0.000000
vt 4.000000 0.863938 0.000000
vt 2.666667 0.863938 0.000000
vt 4.000000 0.785398 0.000000
vt 2.666667 0.785398 0.000000
vt 4.000000 0.706858 0.000000
vt 2.666667 0.706858 0.000000
vt 4.000000 0.628319 0.000000
vt 2.666667 0.628319 0.000000
vt 4.000000 0.549779 0.000000
vt 2.666667 0.549779 0.000000
vt 4.000000 0.471239 0.000000
vt 2.666667 0.471239 0.000000
vt 4.000000 0.392699 0.000000
vt 2.666667 0.392699 0.000000
vt 4.000000 0.314159 0.000000
vt 2.666667 0.314159 0.000000
vt 4.000000 0.235619 0.000000
vt 2.666667 0.235619 0.000000
vt 4.000000 0.157080 0.000000
vt 2.666667 0.157080 0.000000
vt 4.000000 0.078540 0.000000
vt 2.666667 0.078540 0.000000
vt 4.000000 0.000000 0.000000
vt 2.666667 0.000000 0.000000
vt 4.000000 -0.078540 0.000000
vt 2.666667 -0.078540 0.000000
vt 4.000000 -0.157080 0.000000
vt 2.666667 -0.157080 0.000000
vt 4.000000 -0.235619 0.000000
vt 2.666667 -0.235619 0.000000
vt 4.000000 -0.314159 0.000000
vt 2.666667 -0.314159 0.000000
vt 4.000000 -0.392699 0.000000
vt 2.666667 -0.392699 0.000000
vt 4.000000 -0.471239 0.000000
vt 2.666667 -0.471239 0.000000
vt 4.000000 -0.549779 0.000000
vt 2.666667 -0.549779 0.000000
vt 4.000000 -0.628319 0.000000
vt 2.666667 -0.628319 0.000000
vt 4.000000 -0.706858 0.000000
vt 2.666667 -0.706858 0.000000
vt 4.000000 -0.785398 0.000000
vt 2.666667 -0.785398 0.000000
vt 0.000000 0.863938 0.000000
vt 1.333333 0.863938 0.000000
vt 0.000000 0.942478 0.000000
vt 1.333333 0.942478 0.000000
vt 0.000000 -0.942478 0.000000
vt 1.333333 -0.942478 0.000000
vt 0.000000 -0.863938 0.000000
vt 1.333333 -0.863938 0.000000
vt 0.000000 -0.785398 0.000000
vt 1.333333 -0.785398 0.000000
vt 0.000000 -0.706858 0.000000
vt 1.333333 -0.706858 0.000000
vt 0.000000 -0.628319 0.000000
vt 1.333333 -0.628319 0.000000
vt 0.000000 -0.549779 0.000000
vt 1.333333 -0.549779 0.000000
vt 0.000000 -0.471239 0.000000
vt 1.333333 -0.471239 0.000000
vt 0.000000 -0.392699 0.000000
vt 1.333333 -0.392699 0.000000
vt 0.000000 -0.314159 0.000000
vt 1.333333 -0.314159 0.000000
vt 0.000000 -0.235619 0.000000
vt 1.333333 -0.235619 0.000000
vt 0.000000 -0.157080 0.000000
vt 1.333333 -0.157080 0.000000
vt 0.000000 -0.078540 0.000000
vt 1.333333 -0.078540 0.000000
vt 0.000000 0.000000 0.000000
vt 1.333333 0.000000 0.000000
vt 0.000000 0.078540 0.000000
vt 1.333333 0.078540 0.000000
vt 0.000000 0.157080 0.000000
vt 1.333333 0.157080 0.000000
vt 0.000000 0.235619 0.000000
vt 1.333333 0.235619 0.000000
vt 0.000000 0.314159 0.000000
vt 1.333333 0.314159 0.000000
vt 0.000000 0.392699 0.000000
vt 1.333333 0.392699 0.000000
vt 0.000000 0.471239 0.000000
vt 1.333333 0.471239 0.000000
vt 0.000000 0.549779 0.000000
vt 1.333333 0.549779 0.000000
vt 0.000000 0.628319 0.000000
vt 1.333333 0.628319 0.000000
vt 0.000000 0.706858 0.000000
vt 1.333333 0.706858 0.000000
vt 0.000000 0.785398 0.000000
vt 1.333333 0.785398 0.000000
vt -4.000000 10.459205 0.000000
vt -0.000000 10.459205 0.000000
vt -4.000000 10.995574 0.000000
vt -0.000000 10.995574 0.000000
vt -4.000000 -10.995574 0.000000
vt -0.000000 -10.995574 0.000000
vt -4.000000 -10.459205 0.000000
vt -0.000000 -10.459205 0.000000
vt -4.000000 -9.922835 0.000000
vt -0.000000 -9.922835 0.000000
vt -4.000000 -9.386466 0.000000
vt -0.000000 -9.386466 0.000000
vt -4.000000 -8.850096 0.000000
vt -0.000000 -8.850096 0.000000
vt -4.000000 -8.313727 0.000000
vt -0.000000 -8.313727 0.000000
vt -4.000000 -7.777357 0.000000
vt -0.000000 -7.777357 0.000000
vt -4.000000 -7.240988 0.000000
vt -0.000000 -7.240988 0.000000
vt -4.000000 -6.704618 0.000000
vt -0.000000 -6.704618 0.000000
vt -4.000000 -6.168249 0.000000
vt -0.000000 -6.168249 0.000000
vt -4.000000 -5.631880 0.000000
vt -0.000000 -5.631880 0.000000
vt -4.000000 -5.095510 0.000000
vt -0.000000 -5.095510 0.000000
vt -4.000000 -4.559141 0.000000
vt -0.000000 -4.559141 0.000000
vt -4.000000 -4.022771 0.000000
vt -0.000000 -4.022771 0.000000
vt -4.000000 -3.486402 0.000000
vt -0.000000 -3.486402 0.000000
vt -4.000000 -2.950032 0.000000
vt -0.000000 -2.950032 0.000000
vt -4.000000 -2.413663 0.000000
vt -0.000000 -2.413663 0.000000
vt -4.000000 -1.877293 0.000000
vt -0.000000 -1.877293 0.000000
vt -4.000000 -1.340924 0.000000
vt -0.000000 -1.340924 0.000000
vt -4.000000 -0.804554 0.000000
vt -0.000000 -0.804554 0.000000
vt -4.000000 -0.268185 0.000000
vt -0.000000 -0.268185 0.000000
vt -4.000000 0.268185 0.000000
vt -0.000000 0.268185 0.000000
vt -4.000000 0.804554 0.000000
vt -0.000000 0.804554 0.000000
vt -4.000000 1.340924 0.000000
vt -0.000000 1.340924 0.000000
vt -4.000000 1.877293 0.000000
vt -0.000000 1.877293 0.000000
vt -4.000000 2.413663 0.000000
vt -0.000000 2.413663 0.000000
vt -4.000000 2.950032 0.000000
vt -0.000000 2.950032 0.000000
vt -4.000000 3.486402 0.000000
vt -0.000000 3.486402 0.000000
vt -4.000000 4.022771 0.000000
vt -0.000000 4.022771 0.000000
vt -4.000000 4.559141 0.000000
vt -0.000000 4.559141 0.000000
vt -4.000000 5.095510 0.000000
vt -0.000000 5.095510 0.000000
vt -4.000000 5.631880 0.000000
vt -0.000000 5.631880 0.000000
vt -4.000000 6.168249 0.000000
vt -0.000000 6.168249 0.000000
vt -4.000000 6.704618 0.000000
vt -0.000000 6.704618 0.000000
vt -4.000000 7.240988 0.000000
vt -0.000000 7.240988 0.000000
vt -4.000000 7.777357 0.000000
vt -0.000000 7.777357 0.000000
vt -4.000000 8.313727 0.000000
vt -0.000000 8.313727 0.000000
vt -4.000000 8.850096 0.000000
vt -0.000000 8.850096 0.000000
vt -4.000000 9.386466 0.000000
vt -0.000000 9.386466 0.000000
vt -4.000000 9.922835 0.000000
vt -0.000000 9.922835 0.000000
vt 0.289778 -0.077646 0.000000
vt 3.489730 -0.267922 0.000000
vt 0.300000 0.000000 0.000000
vt 3.489730 0.267922 0.000000
vt 0.289778 0.077646 0.000000
vt 3.407934 0.797487 0.000000
vt 3.246259 1.308360 0.000000
vt 0.259808 -0.150000 0.000000
vt 3.246259 -1.308360 0.000000
vt 3.407934 -0.797487 0.000000
vt 0.212132 -0.212132 0.000000
vt 2.700212 -2.226849 0.000000
vt 3.008494 -1.788565 0.000000
vt 2.328640 -2.612936 0.000000
vt 0.150000 -0.259808 0.000000
vt 1.902486 -2.937779 0.000000
vt 1.431740 -3.193763 0.000000
vt 0.077646 -0.289778 0.000000
vt 0.927435 -3.374887 0.000000
vt 0.401392 -3.476907 0.000000
vt 0.000000 -0.300000 0.000000
vt -0.134060 -3.497432 0.000000
vt -0.666369 -3.435979 0.000000
vt -0.077646 -0.289778 0.000000
vt -1.183059 -3.293990 0.000000
vt -0.150000 -0.259808 0.000000
vt -1.672019 -3.074793 0.000000
vt -2.121789 -2.783525 0.000000
vt -2.521826 -2.427014 0.000000
vt -0.212132 -0.212132 0.000000
vt -2.862753 -2.013615 0.000000
vt -0.259808 -0.150000 0.000000
vt -3.136579 -1.553019 0.000000
vt -0.289778 -0.077646 0.000000
vt -3.336887 -1.056022 0.000000
vt -3.458981 -0.534272 0.000000
vt -0.300000 0.000000 0.000000
vt -3.500000 0.000000 0.000000
vt -3.458981 0.534272 0.000000
vt -0.289778 0.077646 0.000000
vt -3.336887 1.056022 0.000000
vt -3.136579 1.553019 0.000000
vt -0.259808 0.150000 0.000000
vt -2.862753 2.013615 0.000000
vt -0.212132 0.212132 0.000000
vt -2.521826 2.427014 0.000000
vt -2.121789 2.783525 0.000000
vt -0.150000 0.259808 0.000000
vt -1.672019 3.074793 0.000000
vt -1.183059 3.293990 0.000000
vt -0.077646 0.289778 0.000000
vt -0.666369 3.435979 0.000000
vt 0.000000 0.300000 0.000000
vt -0.134060 3.497432 0.000000
vt 0.401392 3.476907 0.000000
vt 0.077646 0.289778 0.000000
vt 0.927435 3.374887 0.000000
vt 1.431740 3.193763 0.000000
vt 0.150000 0.259808 0.000000
vt 1.902486 2.937779 0.000000
vt 2.328640 2.612936 0.000000
vt 0.212132 0.212132 0.000000
vt 2.700212 2.226849 0.000000
vt 0.259808 0.150000 0.000000
vt 3.008494 1.788565 0.000000
vt -0.289778 0.077646 0.000000
vt -3.489730 0.267922 0.000000
vt -0.300000 0.000000 0.000000
vt -3.489730 -0.267922 0.000000
vt -0.289778 -0.077646 0.000000
vt -3.407934 -0.797487 0.000000
vt -3.246259 -1.308360 0.000000
vt -0.259808 0.150000 0.000000
vt -3.246259 1.308360 0.000000
vt -3.407934 0.797487 0.000000
vt -0.212132 0.212132 0.000000
vt -2.700212 2.226849 0.000000
vt -3.008494 1.788565 0.000000
vt -2.328640 2.612936 0.000000
vt -0.150000 0.259808 0.000000
vt -1.902486 2.937779 0.000000
vt -1.431740 3.193763 0.000000
vt -0.077646 0.289778 0.000000
vt -0.927435 3.374887 0.000000
vt -0.401392 3.476907 0.000000
vt -0.000000 0.300000 0.000000
vt 0.134060 3.497432 0.000000
vt 0.666369 3.435979 0.000000
vt 0.077646 0.289778 0.000000
vt 1.183059 3.293990 0.000000
vt 0.150000 0.259808 0.000000
vt 1.672019 3.074793 0.000000
vt 2.121789 2.783525 0.000000
vt 0.212132 0.212132 0.000000
vt 2.521826 2.427014 0.000000
vt 2.862753 2.013615 0.000000
vt 0.259808 0.150000 0.000000
vt 3.136579 1.553019 0.000000
vt 0.289778 0.077646 0.000000
vt 3.336887 1.056022 0.000000
vt 3.458981 0.534272 0.000000
vt 0.300000 0.000000 0.000000
vt 3.500000 0.000000 0.000000
vt 3.458981 -0.534272 0.000000
vt 0.289778 -0.077646 0.000000
vt 3.336887 -1.056022 0.000000
vt 3.136579 -1.553019 0.000000
vt 0.259808 -0.150000 0.000000
vt 2.862753 -2.013615 0.000000
vt 0.212132 -0.212132 0.000000
vt 2.521826 -2.427014 0.000000
vt 2.121789 -2.783525 0.000000
vt 0.150000 -0.259808 0.000000
vt 1.672019 -3.074793 0.000000
vt 1.183059 -3.293990 0.000000
vt 0.077646 -0.289778 0.000000
vt 0.666369 -3.435979 0.000000
vt -0.000000 -0.300000 0.000000
vt 0.134060 -3.497432 0.000000
vt -0.401392 -3.476907 0.000000
vt -0.077646 -0.289778 0.000000
vt -0.927435 -3.374887 0.000000
vt -1.431740 -3.193763 0.000000
vt -0.150000 -0.259808 0.000000
vt -1.902486 -2.937779 0.000000
vt -2.328640 -2.612936 0.000000
vt -0.212132 -0.212132 0.000000
vt -2.700212 -2.226849 0.000000
vt -0.259808 -0.150000 0.000000
vt -3.008494 -1.788565 0.000000
vn -0.965926 -0.258819 0.000000
vn -0.965926 -0.258819 0.000000
vn -1.000000 -0.000000 0.000000
vn -1.000000 -0.000000 0.000000
vn -0.965926 0.258819 0.000000
vn -0.965926 0.258819 0.000000
vn -0.866025 0.500000 0.000000
vn -0.866025 0.500000 0.000000
vn -0.707107 0.707107 0.000000
vn -0.707107 0.707107 0.000000
vn -0.500000 0.866025 0.000000
vn -0.500000 0.866025 0.000000
vn -0.258819 0.965926 0.000000
vn -0.258819 0.965926 0.000000
vn 0.000000 1.000000 -0.000000
vn 0.000000 1.000000 -0.000000
vn 0.258819 0.965926 -0.000000
vn 0.258819 0.965926 -0.000000
vn 0.500000 0.866025 -0.000000
vn 0.500000 0.866025 -0.000000
vn 0.707107 0.707107 -0.000000
vn 0.707107 0.707107 -0.000000
vn 0.866025 0.500000 -0.000000
vn 0.866025 0.500000 -0.000000
vn 0.965926 0.258819 -0.000000
vn 0.965926 0.258819 -0.000000
vn 1.000000 0.000000 -0.000000
vn 1.000000 0.000000 -0.000000
vn 0.965926 -0.258819 0.000000
vn 0.965926 -0.258819 0.000000
vn 0.866025 -0.500000 0.000000
vn 0.866025 -0.500000 0.000000
vn 0.707107 -0.707107 0.000000
vn 0.707107 -0.707107 0.000000
vn 0.500000 -0.866025 0.000000
vn 0.500000 -0.866025 0.000000
vn 0.258819 -0.965926 0.000000
vn 0.258819 -0.965926 0.000000
vn 0.000000 -1.000000 0.000000
vn 0.000000 -1.000000 0.000000
vn -0.258819 -0.965926 0.000000
vn -0.258819 -0.965926 0.000000
vn -0.500000 -0.866025 0.000000
vn -0.500000 -0.866025 0.000000
vn -0.707107 -0.707107 0.000000
vn -0.707107 -0.707107 0.000000
vn -0.866025 -0.500000 0.000000
vn -0.866025 -0.500000 0.000000
vn -0.965926 0.258819 0.000000
vn -0.965926 0.258819 0.000000
vn -1.000000 0.000000 0.000000
vn -1.000000 0.000000 0.000000
vn -0.965926 -0.258819 0.000000
vn -0.965926 -0.258819 0.000000
vn -0.866025 -0.500000 0.000000
vn -0.866025 -0.500000 0.000000
vn -0.707107 -0.707107 0.000000
vn -0.707107 -0.707107 0.000000
vn -0.500000 -0.866025 0.000000
vn -0.500000 -0.866025 0.000000
vn -0.258819 -0.965926 0.000000
vn -0.258819 -0.965926 0.000000
vn 0.000000 -1.000000 0.000000
vn 0.000000 -1.000000 0.000000
vn 0.258819 -0.965926 0.000000
vn 0.258819 -0.965926 0.000000
vn 0.500000 -0.866025 0.000000
vn 0.500000 -0.866025 0.000000
vn 0.707107 -0.707107 0.000000
vn 0.707107 -0.707107 0.000000
vn 0.866025 -0.500000 0.000000
vn 0.866025 -0.500000 0.000000
vn 0.965926 -0.258819 0.000000
vn 0.965926 -0.258819 0.000000
vn 1.000000 0.000000 -0.000000
vn 1.000000 0.000000 -0.000000
vn 0.965926 0.258819 -0.000000
vn 0.965926 0.258819 -0.000000
vn 0.866025 0.500000 -0.000000
vn 0.866025 0.500000 -0.000000
vn 0.707107 0.707107 -0.000000
vn 0.707107 0.707107 -0.000000
vn 0.500000 0.866025 -0.000000
vn 0.500000 0.866025 -0.000000
vn 0.258819 0.965926 -0.000000
vn 0.258819 0.965926 -0.000000
vn 0.000000 1.000000 -0.000000
vn 0.000000 1.000000 -0.000000
vn -0.258819 0.965926 0.000000
vn -0.258819 0.965926 0.000000
vn -0.500000 0.866025 0.000000
vn -0.500000 0.866025 0.000000
vn -0.707107 0.707107 0.000000
vn -0.707107 0.707107 0.000000
vn -0.866025 0.500000 0.000000
vn -0.866025 0.500000 0.000000
vn -0.988280 0.152649 -0.000000
vn -0.988280 0.152649 -0.000000
vn -1.000000 0.000000 -0.000000
vn -1.000000 0.000000 -0.000000
vn -0.988280 -0.152649 0.000000
vn -0.988280 -0.152649 0.000000
vn -0.953396 -0.301721 0.000000
vn -0.953396 -0.301721 0.000000
vn -0.896166 -0.443720 0.000000
vn -0.896166 -0.443720 0.000000
vn -0.817929 -0.575319 0.000000
vn -0.817929 -0.575319 0.000000
vn -0.720522 -0.693433 0.000000
vn -0.720522 -0.693433 0.000000
vn -0.606225 -0.795293 0.000000
vn -0.606225 -0.795293 0.000000
vn -0.477720 -0.878512 0.000000
vn -0.477720 -0.878512 0.000000
vn -0.338017 -0.941140 0.000000
vn -0.338017 -0.941140 0.000000
vn -0.190391 -0.981708 0.000000
vn -0.190391 -0.981708 0.000000
vn -0.038303 -0.999266 0.000000
vn -0.038303 -0.999266 0.000000
vn 0.114683 -0.993402 -0.000000
vn 0.114683 -0.993402 -0.000000
vn 0.264982 -0.964253 -0.000000
vn 0.264982 -0.964253 -0.000000
vn 0.409069 -0.912504 -0.000000
vn 0.409069 -0.912504 -0.000000
vn 0.543568 -0.839365 -0.000000
vn 0.543568 -0.839365 -0.000000
vn 0.665326 -0.746553 -0.000000
vn 0.665326 -0.746553 -0.000000
vn 0.771489 -0.636242 -0.000000
vn 0.771489 -0.636242 -0.000000
vn 0.859570 -0.511019 -0.000000
vn 0.859570 -0.511019 -0.000000
vn 0.927502 -0.373817 -0.000000
vn 0.927502 -0.373817 -0.000000
vn 0.973695 -0.227854 -0.000000
vn 0.973695 -0.227854 -0.000000
vn 0.997066 -0.076549 -0.000000
vn 0.997066 -0.076549 -0.000000
vn 0.997066 0.076549 -0.000000
vn 0.997066 0.076549 -0.000000
vn 0.973695 0.227854 -0.000000
vn 0.973695 0.227854 -0.000000
vn 0.927502 0.373817 -0.000000
vn 0.927502 0.373817 -0.000000
vn 0.859570 0.511019 -0.000000
vn 0.859570 0.511019 -0.000000
vn 0.771489 0.636242 -0.000000
vn 0.771489 0.636242 -0.000000
vn 0.665326 0.746553 -0.000000
vn 0.665326 0.746553 -0.000000
vn 0.543568 0.839365 -0.000000
vn 0.543568 0.839365 -0.000000
vn 0.409069 0.912504 -0.000000
vn 0.409069 0.912504 -0.000000
vn 0.264982 0.964253 -0.000000
vn 0.264982 0.964253 -0.000000
vn 0.114683 0.993402 -0.000000
vn 0.114683 0.993402 -0.000000
vn -0.038303 0.999266 -0.000000
vn -0.038303 0.999266 -0.000000
vn -0.190391 0.981708 -0.000000
vn -0.190391 0.981708 -0.000000
vn -0.338017 0.941140 -0.000000
vn -0.338017 0.941140 -0.000000
vn -0.477720 0.878512 -0.000000
vn -0.477720 0.878512 -0.000000
vn -0.606225 0.795293 -0.000000
vn -0.606225 0.795293 -0.000000
vn -0.720522 0.693433 -0.000000
vn -0.720522 0.693433 -0.000000
vn -0.817929 0.575319 -0.000000
vn -0.817929 0.575319 -0.000000
vn -0.896166 0.443720 -0.000000
vn -0.896166 0.443720 -0.000000
vn -0.953396 0.301721 -0.000000
vn -0.953396 0.301721 -0.000000
vn 0.000000 0.000000 1.000000
vn 0.000000 0.000000 1.000000
vn 0.000000 0.000000 1.000000
vn 0.000000 0.000000 1.000000
vn 0.000000 0.000000 1.000000
vn 0.000000 0.000000 1.000000
vn 0.000000 0.000000 1.000000
vn 0.000000 0.000000 1.000000
vn 0.000000 0.000000 1.000000
vn 0.000000 0.000000 1.000000
vn 0.000000 0.000000 1.000000
vn 0.000000 0.000000 1.000000
vn 0.000000 0.000000 1.000000
vn 0.000000 0.000000 1.000000
vn 0.000000 0.000000 1.000000
vn 0.000000 0.000000 1.000000
vn 0.000000 0.000000 1.000000
vn 0.000000 0.000000 1.000000
vn 0.000000 0.000000 1.000000
vn 0.000000 0.000000 1.000000
vn 0.000000 0.000000 1.000000
vn 0.000000 0.000000 1.000000
vn 0.000000 0.000000 1.000000
vn 0.000000 0.000000 1.000000
vn 0.000000 0.000000 1.000000
vn 0.000000 0.000000 1.000000
vn 0.000000 0.000000 1.000000
vn 0.000000 0.000000 1.000000
vn 0.000000 0.000000 1.000000
vn 0.000000 0.000000 1.000000
vn 0.000000 0.000000 1.000000
vn 0.000000 0.000000 1.000000
vn 0.000000 0.000000 1.000000
vn 0.000000 0.000000 1.000000
vn 0.000000 0.000000 1.000000
vn 0.000000 0.000000 1.000000
vn 0.000000 0.000000 1.000000
vn 0.000000 0.000000 1.000000
vn 0.000000 0.000000 1.000000
vn 0.000000 0.000000 1.000000
vn 0.000000 0.000000 1.000000
vn 0.000000 0.000000 1.000000
vn 0.000000 0.000000 1.000000
vn 0.000000 0.000000 1.000000
vn 0.000000 0.000000 1.000000
vn 0.000000 0.000000 1.000000
vn 0.000000 0.000000 1.000000
vn 0.000000 0.000000 1.000000
vn 0.000000 0.000000 1.000000
vn 0.000000 0.000000 1.000000
vn 0.000000 0.000000 1.000000
vn 0.000000 0.000000 1.000000
vn 0.000000 0.000000 1.000000
vn 0.000000 0.000000 1.000000
vn 0.000000 0.000000 1.000000
vn 0.000000 0.000000 1.000000
vn 0.000000 0.000000 1.000000
vn 0.000000 0.000000 1.000000
vn 0.000000 0.000000 1.000000
vn 0.000000 0.000000 1.000000
vn 0.000000 0.000000 1.000000
vn 0.000000 0.000000 1.000000
vn 0.000000 0.000000 1.000000
vn 0.000000 0.000000 1.000000
vn 0.000000 0.000000 1.000000
vn -0.000000 -0.000000 -1.000000
vn -0.000000 -0.000000 -1.000000
vn -0.000000 -0.000000 -1.000000
vn -0.000000 -0.000000 -1.000000
vn -0.000000 -0.000000 -1.000000
vn -0.000000 -0.000000 -1.000000
vn -0.000000 -0.000000 -1.000000
vn -0.000000 -0.000000 -1.000000
vn -0.000000 -0.000000 -1.000000
vn -0.000000 -0.000000 -1.000000
vn -0.000000 -0.000000 -1.000000
vn -0.000000 -0.000000 -1.000000
vn -0.000000 -0.000000 -1.000000
vn -0.000000 -0.000000 -1.000000
vn -0.000000 -0.000000 -1.000000
vn -0.000000 -0.000000 -1.000000
vn -0.000000 -0.000000 -1.000000
vn -0.000000 -0.000000 -1.000000
vn -0.000000 -0.000000 -1.000000
vn -0.000000 -0.000000 -1.000000
vn -0.000000 -0.000000 -1.000000
vn -0.000000 -0.000000 -1.000000
vn -0.000000 -0.000000 -1.000000
vn -0.000000 -0.000000 -1.000000
vn -0.000000 -0.000000 -1.000000
vn -0.000000 -0.000000 -1.000000
vn -0.000000 -0.000000 -1.000000
vn -0.000000 -0.000000 -1.000000
vn -0.000000 -0.000000 -1.000000
vn -0.000000 -0.000000 -1.000000
vn -0.000000 -0.000000 -1.000000
vn -0.000000 -0.000000 -1.000000
vn -0.000000 -0.000000 -1.000000
vn -0.000000 -0.000000 -1.000000
vn -0.000000 -0.000000 -1.000000
vn -0.000000 -0.000000 -1.000000
vn -0.000000 -0.000000 -1.000000
vn -0.000000 -0.000000 -1.000000
vn -0.000000 -0.000000 -1.000000
vn -0.000000 -0.000000 -1.000000
vn -0.000000 -0.000000 -1.000000
vn -0.000000 -0.000000 -1.000000
vn -0.000000 -0.000000 -1.000000
vn -0.000000 -0.000000 -1.000000
vn -0.000000 -0.000000 -1.000000
vn -0.000000 -0.000000 -1.000000
vn -0.000000 -0.000000 -1.000000
vn -0.000000 -0.000000 -1.000000
vn -0.000000 -0.000000 -1.000000
vn -0.000000 -0.000000 -1.000000
vn -0.000000 -0.000000 -1.000000
vn -0.000000 -0.000000 -1.000000
vn -0.000000 -0.000000 -1.000000
vn -0.000000 -0.000000 -1.000000
vn -0.000000 -0.000000 -1.000000
vn -0.000000 -0.000000 -1.000000
vn -0.000000 -0.000000 -1.000000
vn -0.000000 -0.000000 -1.000000
vn -0.000000 -0.000000 -1.000000
vn -0.000000 -0.000000 -1.000000
vn -0.000000 -0.000000 -1.000000
vn -0.000000 -0.000000 -1.000000
vn -0.000000 -0.000000 -1.000000
vn -0.000000 -0.000000 -1.000000
vn -0.000000 -0.000000 -1.000000
f 1170/2247/2190 1219/2248/2191 1169/2249/2192
f 1169/2249/2192 1219/2248/2191 1217/2250/2193
f 1169/2251/2192 1217/2252/2193 1192/2253/2194
f 1192/2253/2194 1217/2252/2193 1263/2254/2195
f 1192/2253/2194 1263/2254/2195 1191/2255/2196
f 1191/2255/2196 1263/2254/2195 1261/2256/2197
f 1191/2255/2196 1261/2256/2197 1190/2257/2198
f 1190/2257/2198 1261/2256/2197 1259/2258/2199
f 1190/2257/2198 1259/2258/2199 1189/2259/2200
f 1189/2259/2200 1259/2258/2199 1257/2260/2201
f 1189/2259/2200 1257/2260/2201 1188/2261/2202
f 1188/2261/2202 1257/2260/2201 1255/2262/2203
f 1188/2261/2202 1255/2262/2203 1187/2263/2204
f 1187/2263/2204 1255/2262/2203 1253/2264/2205
f 1187/2263/2204 1253/2264/2205 1186/2265/2206
f 1186/2265/2206 1253/2264/2205 1251/2266/2207
f 1186/2265/2206 1251/2266/2207 1185/2267/2208
f 1185/2267/2208 1251/2266/2207 1249/2268/2209
f 1185/2267/2208 1249/2268/2209 1184/2269/2210
f 1184/2269/2210 1249/2268/2209 1247/2270/2211
f 1184/2269/2210 1247/2270/2211 1183/2271/2212
f 1183/2271/2212 1247/2270/2211 1245/2272/2213
f 1183/2271/2212 1245/2272/2213 1182/2273/2214
f 1182/2273/2214 1245/2272/2213 1243/2274/2215
f 1182/2273/2214 1243/2274/2215 1181/2275/2216
f 1181/2275/2216 1243/2274/2215 1241/2276/2217
f 1181/2275/2216 1241/2276/2217 1180/2277/2218
f 1180/2277/2218 1241/2276/2217 1239/2278/2219
f 1180/2277/2218 1239/2278/2219 1179/2279/2220
f 1179/2279/2220 1239/2278/2219 1237/2280/2221
f 1179/2279/2220 1237/2280/2221 1178/2281/2222
f 1178/2281/2222 1237/2280/2221 1235/2282/2223
f 1178/2281/2222 1235/2282/2223 1177/2283/2224
f 1177/2283/2224 1235/2282/2223 1233/2284/2225
f 1177/2283/2224 1233/2284/2225 1176/2285/2226
f 1176/2285/2226 1233/2284/2225 1231/2286/2227
f 1176/2285/2226 1231/2286/2227 1175/2287/2228
f 1175/2287/2228 1231/2286/2227 1229/2288/2229
f 1175/2287/2228 1229/2288/2229 1174/2289/2230
f 1174/2289/2230 1229/2288/2229 1227/2290/2231
f 1174/2289/2230 1227/2290/2231 1173/2291/2232
f 1173/2291/2232 1227/2290/2231 1225/2292/2233
f 1173/2291/2232 1225/2292/2233 1172/2293/2234
f 1172/2293/2234 1225/2292/2233 1223/2294/2235
f 1172/2293/2234 1223/2294/2235 1171/2295/2236
f 1171/2295/2236 1223/2294/2235 1221/2296/2237
f 1171/2295/2236 1221/2296/2237 1170/2247/2190
f 1170/2247/2190 1221/2296/2237 1219/2248/2191
f 1194/2297/2238 1264/2298/2239 1193/2299/2240
f 1193/2299/2240 1264/2298/2239 1218/2300/2241
f 1193/2301/2240 1218/2302/2241 1216/2303/2242
f 1216/2303/2242 1218/2302/2241 1220/2304/2243
f 1216/2303/2242 1220/2304/2243 1215/2305/2244
f 1215/2305/2244 1220/2304/2243 1222/2306/2245
f 1215/2305/2244 1222/2306/2245 1214/2307/2246
f 1214/2307/2246 1222/2306/2245 1224/2308/2247
f 1214/2307/2246 1224/2308/2247 1213/2309/2248
f 1213/2309/2248 1224/2308/2247 1226/2310/2249
f 1213/2309/2248 1226/2310/2249 1212/2311/2250
f 1212/2311/2250 1226/2310/2249 1228/2312/2251
f 1212/2311/2250 1228/2312/2251 1211/2313/2252
f 1211/2313/2252 1228/2312/2251 1230/2314/2253
f 1211/2313/2252 1230/2314/2253 1210/2315/2254
f 1210/2315/2254 1230/2314/2253 1232/2316/2255
f 1210/2315/2254 1232/2316/2255 1209/2317/2256
f 1209/2317/2256 1232/2316/2255 1234/2318/2257
f 1209/2317/2256 1234/2318/2257 1208/2319/2258
f 1208/2319/2258 1234/2318/2257 1236/2320/2259
f 1208/2319/2258 1236/2320/2259 1207/2321/2260
f 1207/2321/2260 1236/2320/2259 1238/2322/2261
f 1207/2321/2260 1238/2322/2261 1206/2323/2262
f 1206/2323/2262 1238/2322/2261 1240/2324/2263
f 1206/2323/2262 1240/2324/2263 1205/2325/2264
f 1205/2325/2264 1240/2324/2263 1242/2326/2265
f 1205/2325/2264 1242/2326/2265 1204/2327/2266
f 1204/2327/2266 1242/2326/2265 1244/2328/2267
f 1204/2327/2266 1244/2328/2267 1203/2329/2268
f 1203/2329/2268 1244/2328/2267 1246/2330/2269
f 1203/2329/2268 1246/2330/2269 1202/2331/2270
f 1202/2331/2270 1246/2330/2269 1248/2332/2271
f 1202/2331/2270 1248/2332/2271 1201/2333/2272
f 1201/2333/2272 1248/2332/2271 1250/2334/2273
f 1201/2333/2272 1250/2334/2273 1200/2335/2274
f 1200/2335/2274 1250/2334/2273 1252/2336/2275
f 1200/2335/2274 1252/2336/2275 1199/2337/2276
f 1199/2337/2276 1252/2336/2275 1254/2338/2277
f 1199/2337/2276 1254/2338/2277 1198/2339/2278
f 1198/2339/2278 1254/2338/2277 1256/2340/2279
f 1198/2339/2278 1256/2340/2279 1197/2341/2280
f 1197/2341/2280 1256/2340/2279 1258/2342/2281
f 1197/2341/2280 1258/2342/2281 1196/2343/2282
f 1196/2343/2282 1258/2342/2281 1260/2344/2283
f 1196/2343/2282 1260/2344/2283 1195/2345/2284
f 1195/2345/2284 1260/2344/2283 1262/2346/2285
f 1195/2345/2284 1262/2346/2285 1194/2297/2238
f 1194/2297/2238 1262/2346/2285 1264/2298/2239
f 1217/2252/2193 1218/2300/2241 1263/2254/2195
f 1263/2254/2195 1218/2300/2241 1264/2298/2239
f 1263/2254/2195 1264/2298/2239 1261/2256/2197
f 1261/2256/2197 1264/2298/2239 1262/2346/2285
f 1261/2256/2197 1262/2346/2285 1259/2258/2199
f 1259/2258/2199 1262/2346/2285 1260/2344/2283
f 1259/2258/2199 1260/2344/2283 1257/2260/2201
f 1257/2260/2201 1260/2344/2283 1258/2342/2281
f 1257/2260/2201 1258/2342/2281 1255/2262/2203
f 1255/2262/2203 1258/2342/2281 1256/2340/2279
f 1255/2262/2203 1256/2340/2279 1253/2264/2205
f 1253/2264/2205 1256/2340/2279 1254/2338/2277
f 1253/2264/2205 1254/2338/2277 1251/2266/2207
f 1251/2266/2207 1254/2338/2277 1252/2336/2275
f 1251/2266/2207 1252/2336/2275 1249/2268/2209
f 1249/2268/2209 1252/2336/2275 1250/2334/2273
f 1249/2268/2209 1250/2334/2273 1247/2270/2211
f 1247/2270/2211 1250/2334/2273 1248/2332/2271
f 1247/2270/2211 1248/2332/2271 1245/2272/2213
f 1245/2272/2213 1248/2332/2271 1246/2330/2269
f 1245/2272/2213 1246/2330/2269 1243/2274/2215
f 1243/2274/2215 1246/2330/2269 1244/2328/2267
f 1243/2274/2215 1244/2328/2267 1241/2276/2217
f 1241/2276/2217 1244/2328/2267 1242/2326/2265
f 1241/2276/2217 1242/2326/2265 1239/2278/2219
f 1239/2278/2219 1242/2326/2265 1240/2324/2263
f 1239/2278/2219 1240/2324/2263 1237/2280/2221
f 1237/2280/2221 1240/2324/2263 1238/2322/2261
f 1237/2280/2221 1238/2322/2261 1235/2282/2223
f 1235/2282/2223 1238/2322/2261 1236/2320/2259
f 1235/2282/2223 1236/2320/2259 1233/2284/2225
f 1233/2284/2225 1236/2320/2259 1234/2318/2257
f 1233/2284/2225 1234/2318/2257 1231/2286/2227
f 1231/2286/2227 1234/2318/2257 1232/2316/2255
f 1231/2286/2227 1232/2316/2255 1229/2288/2229
f 1229/2288/2229 1232/2316/2255 1230/2314/2253
f 1229/2288/2229 1230/2314/2253 1227/2290/2231
f 1227/2290/2231 1230/2314/2253 1228/2312/2251
f 1227/2290/2231 1228/2312/2251 1225/2292/2233
f 1225/2292/2233 1228/2312/2251 1226/2310/2249
f 1225/2292/2233 1226/2310/2249 1223/2294/2235
f 1223/2294/2235 1226/2310/2249 1224/2308/2247
f 1223/2294/2235 1224/2308/2247 1221/2296/2237
f 1221/2296/2237 1224/2308/2247 1222/2306/2245
f 1221/2296/2237 1222/2306/2245 1219/2248/2191
f 1219/2248/2191 1222/2306/2245 1220/2304/2243
f 1219/2248/2191 1220/2304/2243 1217/2250/2193
f 1217/2250/2193 1220/2304/2243 1218/2302/2241
f 1266/2347/2286 1346/2348/2287 1265/2349/2288
f 1265/2349/2288 1346/2348/2287 1306/2350/2289
f 1265/2351/2288 1306/2352/2289 1305/2353/2290
f 1305/2353/2290 1306/2352/2289 1307/2354/2291
f 1305/2353/2290 1307/2354/2291 1304/2355/2292
f 1304/2355/2292 1307/2354/2291 1308/2356/2293
f 1304/2355/2292 1308/2356/2293 1303/2357/2294
f 1303/2357/2294 1308/2356/2293 1309/2358/2295
f 1303/2357/2294 1309/2358/2295 1302/2359/2296
f 1302/2359/2296 1309/2358/2295 1310/2360/2297
f 1302/2359/2296 1310/2360/2297 1301/2361/2298
f 1301/2361/2298 1310/2360/2297 1311/2362/2299
f 1301/2361/2298 1311/2362/2299 1300/2363/2300
f 1300/2363/2300 1311/2362/2299 1312/2364/2301
f 1300/2363/2300 1312/2364/2301 1299/2365/2302
f 1299/2365/2302 1312/2364/2301 1313/2366/2303
f 1299/2365/2302 1313/2366/2303 1298/2367/2304
f 1298/2367/2304 1313/2366/2303 1314/2368/2305
f 1298/2367/2304 1314/2368/2305 1297/2369/2306
f 1297/2369/2306 1314/2368/2305 1315/2370/2307
f 1297/2369/2306 1315/2370/2307 1296/2371/2308
f 1296/2371/2308 1315/2370/2307 1316/2372/2309
f 1296/2371/2308 1316/2372/2309 1295/2373/2310
f 1295/2373/2310 1316/2372/2309 1317/2374/2311
f 1295/2373/2310 1317/2374/2311 1294/2375/2312
f 1294/2375/2312 1317/2374/2311 1318/2376/2313
f 1294/2375/2312 1318/2376/2313 1293/2377/2314
f 1293/2377/2314 1318/2376/2313 1319/2378/2315
f 1293/2377/2314 1319/2378/2315 1292/2379/2316
f 1292/2379/2316 1319/2378/2315 1320/2380/2317
f 1292/2379/2316 1320/2380/2317 1291/2381/2318
f 1291/2381/2318 1320/2380/2317 1321/2382/2319
f 1291/2381/2318 1321/2382/2319 1290/2383/2320
f 1290/2383/2320 1321/2382/2319 1322/2384/2321
f 1290/2383/2320 1322/2384/2321 1289/2385/2322
f 1289/2385/2322 1322/2384/2321 1323/2386/2323
f 1289/2385/2322 1323/2386/2323 1288/2387/2324
f 1288/2387/2324 1323/2386/2323 1324/2388/2325
f 1288/2387/2324 1324/2388/2325 1287/2389/2326
f 1287/2389/2326 1324/2388/2325 1325/2390/2327
f 1287/2389/2326 1325/2390/2327 1286/2391/2328
f 1286/2391/2328 1325/2390/2327 1326/2392/2329
f 1286/2391/2328 1326/2392/2329 1285/2393/2330
f 1285/2393/2330 1326/2392/2329 1327/2394/2331
f 1285/2393/2330 1327/2394/2331 1284/2395/2332
f 1284/2395/2332 1327/2394/2331 1328/2396/2333
f 1284/2395/2332 1328/2396/2333 1283/2397/2334
f 1283/2397/2334 1328/2396/2333 1329/2398/2335
f 1283/2397/2334 1329/2398/2335 1282/2399/2336
f 1282/2399/2336 1329/2398/2335 1330/2400/2337
f 1282/2399/2336 1330/2400/2337 1281/2401/2338
f 1281/2401/2338 1330/2400/2337 1331/2402/2339
f 1281/2401/2338 1331/2402/2339 1280/2403/2340
f 1280/2403/2340 1331/2402/2339 1332/2404/2341
f 1280/2403/2340 1332/2404/2341 1279/2405/2342
f 1279/2405/2342 1332/2404/2341 1333/2406/2343
f 1279/2405/2342 1333/2406/2343 1278/2407/2344
f 1278/2407/2344 1333/2406/2343 1334/2408/2345
f 1278/2407/2344 1334/2408/2345 1277/2409/2346
f 1277/2409/2346 1334/2408/2345 1335/2410/2347
f 1277/2409/2346 1335/2410/2347 1276/2411/2348
f 1276/2411/2348 1335/2410/2347 1336/2412/2349
f 1276/2411/2348 1336/2412/2349 1275/2413/2350
f 1275/2413/2350 1336/2412/2349 1337/2414/2351
f 1275/2413/2350 1337/2414/2351 1274/2415/2352
f 1274/2415/2352 1337/2414/2351 1338/2416/2353
f 1274/2415/2352 1338/2416/2353 1273/2417/2354
f 1273/2417/2354 1338/2416/2353 1339/2418/2355
f 1273/2417/2354 1339/2418/2355 1272/2419/2356
f 1272/2419/2356 1339/2418/2355 1340/2420/2357
f 1272/2419/2356 1340/2420/2357 1271/2421/2358
f 1271/2421/2358 1340/2420/2357 1341/2422/2359
f 1271/2421/2358 1341/2422/2359 1270/2423/2360
f 1270/2423/2360 1341/2422/2359 1342/2424/2361
f 1270/2423/2360 1342/2424/2361 1269/2425/2362
f 1269/2425/2362 1342/2424/2361 1343/2426/2363
f 1269/2425/2362 1343/2426/2363 1268/2427/2364
f 1268/2427/2364 1343/2426/2363 1344/2428/2365
f 1268/2427/2364 1344/2428/2365 1267/2429/2366
f 1267/2429/2366 1344/2428/2365 1345/2430/2367
f 1267/2429/2366 1345/2430/2367 1266/2347/2286
f 1266/2347/2286 1345/2430/2367 1346/2348/2287
f 1192/2431/2368 1286/2432/2369 1169/2433/2370
f 1169/2433/2370 1286/2432/2369 1285/2434/2371
f 1169/2433/2370 1285/2434/2371 1170/2435/2372
f 1170/2435/2372 1285/2434/2371 1284/2436/2373
f 1170/2435/2372 1284/2436/2373 1283/2437/2374
f 1191/2438/2375 1288/2439/2376 1192/2431/2368
f 1192/2431/2368 1288/2439/2376 1287/2440/2377
f 1192/2431/2368 1287/2440/2377 1286/2432/2369
f 1190/2441/2378 1290/2442/2379 1191/2438/2375
f 1191/2438/2375 1290/2442/2379 1289/2443/2380
f 1191/2438/2375 1289/2443/2380 1288/2439/2376
f 1290/2442/2379 1190/2441/2378 1291/2444/2381
f 1291/2444/2381 1190/2441/2378 1189/2445/2382
f 1291/2444/2381 1189/2445/2382 1292/2446/2383
f 1292/2446/2383 1189/2445/2382 1293/2447/2384
f 1293/2447/2384 1189/2445/2382 1188/2448/2385
f 1293/2447/2384 1188/2448/2385 1294/2449/2386
f 1294/2449/2386 1188/2448/2385 1295/2450/2387
f 1295/2450/2387 1188/2448/2385 1187/2451/2388
f 1295/2450/2387 1187/2451/2388 1296/2452/2389
f 1296/2452/2389 1187/2451/2388 1297/2453/2390
f 1297/2453/2390 1187/2451/2388 1186/2454/2391
f 1297/2453/2390 1186/2454/2391 1298/2455/2392
f 1298/2455/2392 1186/2454/2391 1185/2456/2393
f 1298/2455/2392 1185/2456/2393 1299/2457/2394
f 1299/2457/2394 1185/2456/2393 1300/2458/2395
f 1300/2458/2395 1185/2456/2393 1301/2459/2396
f 1301/2459/2396 1185/2456/2393 1184/2460/2397
f 1301/2459/2396 1184/2460/2397 1302/2461/2398
f 1302/2461/2398 1184/2460/2397 1183/2462/2399
f 1302/2461/2398 1183/2462/2399 1303/2463/2400
f 1303/2463/2400 1183/2462/2399 1182/2464/2401
f 1303/2463/2400 1182/2464/2401 1304/2465/2402
f 1304/2465/2402 1182/2464/2401 1305/2466/2403
f 1305/2466/2403 1182/2464/2401 1181/2467/2404
f 1305/2466/2403 1181/2467/2404 1265/2468/2405
f 1265/2468/2405 1181/2467/2404 1266/2469/2406
f 1266/2469/2406 1181/2467/2404 1180/2470/2407
f 1266/2469/2406 1180/2470/2407 1267/2471/2408
f 1267/2471/2408 1180/2470/2407 1268/2472/2409
f 1268/2472/2409 1180/2470/2407 1179/2473/2410
f 1268/2472/2409 1179/2473/2410 1269/2474/2411
f 1269/2474/2411 1179/2473/2410 1178/2475/2412
f 1269/2474/2411 1178/2475/2412 1270/2476/2413
f 1270/2476/2413 1178/2475/2412 1271/2477/2414
f 1271/2477/2414 1178/2475/2412 1177/2478/2415
f 1271/2477/2414 1177/2478/2415 1272/2479/2416
f 1272/2479/2416 1177/2478/2415 1273/2480/2417
f 1273/2480/2417 1177/2478/2415 1176/2481/2418
f 1273/2480/2417 1176/2481/2418 1274/2482/2419
f 1274/2482/2419 1176/2481/2418 1175/2483/2420
f 1274/2482/2419 1175/2483/2420 1275/2484/2421
f 1275/2484/2421 1175/2483/2420 1276/2485/2422
f 1276/2485/2422 1175/2483/2420 1174/2486/2423
f 1276/2485/2422 1174/2486/2423 1277/2487/2424
f 1277/2487/2424 1174/2486/2423 1278/2488/2425
f 1278/2488/2425 1174/2486/2423 1173/2489/2426
f 1278/2488/2425 1173/2489/2426 1279/2490/2427
f 1279/2490/2427 1173/2489/2426 1280/2491/2428
f 1280/2491/2428 1173/2489/2426 1172/2492/2429
f 1280/2491/2428 1172/2492/2429 1281/2493/2430
f 1281/2493/2430 1172/2492/2429 1171/2494/2431
f 1281/2493/2430 1171/2494/2431 1282/2495/2432
f 1282/2495/2432 1171/2494/2431 1283/2437/2374
f 1283/2437/2374 1171/2494/2431 1170/2435/2372
f 1216/2496/2433 1327/2497/2434 1193/2498/2435
f 1193/2498/2435 1327/2497/2434 1326/2499/2436
f 1193/2498/2435 1326/2499/2436 1194/2500/2437
f 1194/2500/2437 1326/2499/2436 1325/2501/2438
f 1194/2500/2437 1325/2501/2438 1324/2502/2439
f 1215/2503/2440 1329/2504/2441 1216/2496/2433
f 1216/2496/2433 1329/2504/2441 1328/2505/2442
f 1216/2496/2433 1328/2505/2442 1327/2497/2434
f 1214/2506/2443 1331/2507/2444 1215/2503/2440
f 1215/2503/2440 1331/2507/2444 1330/2508/2445
f 1215/2503/2440 1330/2508/2445 1329/2504/2441
f 1331/2507/2444 1214/2506/2443 1332/2509/2446
f 1332/2509/2446 1214/2506/2443 1213/2510/2447
f 1332/2509/2446 1213/2510/2447 1333/2511/2448
f 1333/2511/2448 1213/2510/2447 1334/2512/2449
f 1334/2512/2449 1213/2510/2447 1212/2513/2450
f 1334/2512/2449 1212/2513/2450 1335/2514/2451
f 1335/2514/2451 1212/2513/2450 1336/2515/2452
f 1336/2515/2452 1212/2513/2450 1211/2516/2453
f 1336/2515/2452 1211/2516/2453 1337/2517/2454
f 1337/2517/2454 1211/2516/2453 1338/2518/2455
f 1338/2518/2455 1211/2516/2453 1210/2519/2456
f 1338/2518/2455 1210/2519/2456 1339/2520/2457
f 1339/2520/2457 1210/2519/2456 1209/2521/2458
f 1339/2520/2457 1209/2521/2458 1340/2522/2459
f 1340/2522/2459 1209/2521/2458 1341/2523/2460
f 1341/2523/2460 1209/2521/2458 1208/2524/2461
f 1341/2523/2460 1208/2524/2461 1342/2525/2462
f 1342/2525/2462 1208/2524/2461 1343/2526/2463
f 1343/2526/2463 1208/2524/2461 1207/2527/2464
f 1343/2526/2463 1207/2527/2464 1344/2528/2465
f 1344/2528/2465 1207/2527/2464 1206/2529/2466
f 1344/2528/2465 1206/2529/2466 1345/2530/2467
f 1345/2530/2467 1206/2529/2466 1346/2531/2468
f 1346/2531/2468 1206/2529/2466 1205/2532/2469
f 1346/2531/2468 1205/2532/2469 1306/2533/2470
f 1306/2533/2470 1205/2532/2469 1307/2534/2471
f 1307/2534/2471 1205/2532/2469 1204/2535/2472
f 1307/2534/2471 1204/2535/2472 1308/2536/2473
f 1308/2536/2473 1204/2535/2472 1309/2537/2474
f 1309/2537/2474 1204/2535/2472 1203/2538/2475
f 1309/2537/2474 1203/2538/2475 1310/2539/2476
f 1310/2539/2476 1203/2538/2475 1202/2540/2477
f 1310/2539/2476 1202/2540/2477 1311/2541/2478
f 1311/2541/2478 1202/2540/2477 1312/2542/2479
f 1312/2542/2479 1202/2540/2477 1201/2543/2480
f 1312/2542/2479 1201/2543/2480 1313/2544/2481
f 1313/2544/2481 1201/2543/2480 1314/2545/2482
f 1314/2545/2482 1201/2543/2480 1200/2546/2483
f 1314/2545/2482 1200/2546/2483 1315/2547/2484
f 1315/2547/2484 1200/2546/2483 1199/2548/2485
f 1315/2547/2484 1199/2548/2485 1316/2549/2486
f 1316/2549/2486 1199/2548/2485 1317/2550/2487
f 1317/2550/2487 1199/2548/2485 1198/2551/2488
f 1317/2550/2487 1198/2551/2488 1318/2552/2489
f 1318/2552/2489 1198/2551/2488 1319/2553/2490
f 1319/2553/2490 1198/2551/2488 1197/2554/2491
f 1319/2553/2490 1197/2554/2491 1320/2555/2492
f 1320/2555/2492 1197/2554/2491 1321/2556/2493
f 1321/2556/2493 1197/2554/2491 1196/2557/2494
f 1321/2556/2493 1196/2557/2494 1322/2558/2495
f 1322/2558/2495 1196/2557/2494 1195/2559/2496
f 1322/2558/2495 1195/2559/2496 1323/2560/2497
f 1323/2560/2497 1195/2559/2496 1324/2502/2439
f 1324/2502/2439 1195/2559/2496 1194/2500/2437
g Body1:5

v 13.757557 2.092011 18.000000
v 13.747334 2.169657 18.000000
v 13.717364 2.242011 18.000000
v 13.669689 2.304143 18.000000
v 13.607557 2.351819 18.000000
v 13.535202 2.381789 18.000000
v 13.457557 2.392011 18.000000
v 13.379911 2.381789 18.000000
v 13.307557 2.351819 18.000000
v 13.245425 2.304143 18.000000
v 13.197749 2.242011 18.000000
v 13.167779 2.169657 18.000000
v 13.157557 2.092011 18.000000
v 13.167779 2.014365 18.000000
v 13.197749 1.942011 18.000000
v 13.245425 1.879879 18.000000
v 13.307557 1.832203 18.000000
v 13.379911 1.802233 18.000000
v 13.457557 1.792011 18.000000
v 13.535202 1.802233 18.000000
v 13.607557 1.832203 18.000000
v 13.669689 1.879879 18.000000
v 13.717364 1.942011 18.000000
v 13.747334 2.014365 18.000000
v 13.757557 2.092011 14.000000
v 13.747334 2.014365 14.000000
v 13.717364 1.942011 14.000000
v 13.669689 1.879879 14.000000
v 13.607557 1.832203 14.000000
v 13.535202 1.802233 14.000000
v 13.457557 1.792011 14.000000
v 13.379911 1.802233 14.000000
v 13.307557 1.832203 14.000000
v 13.245425 1.879879 14.000000
v 13.197749 1.942011 14.000000
v 13.167779 2.014365 14.000000
v 13.157557 2.092011 14.000000
v 13.167779 2.169657 14.000000
v 13.197749 2.242011 14.000000
v 13.245425 2.304143 14.000000
v 13.307557 2.351819 14.000000
v 13.379911 2.381789 14.000000
v 13.457557 2.392011 14.000000
v 13.535202 2.381789 14.000000
v 13.607557 2.351819 14.000000
v 13.669689 2.304143 14.000000
v 13.717364 2.242011 14.000000
v 13.747334 2.169657 14.000000
v 13.757557 2.092011 16.666667
v 13.757557 2.092011 15.333333
v 13.747334 2.169657 16.666667
v 13.747334 2.169657 15.333333
v 13.717364 2.242011 16.666667
v 13.717364 2.242011 15.333333
v 13.669689 2.304143 16.666667
v 13.669689 2.304143 15.333333
v 13.607557 2.351819 16.666667
v 13.607557 2.351819 15.333333
v 13.535202 2.381789 16.666667
v 13.535202 2.381789 15.333333
v 13.457557 2.392011 16.666667
v 13.457557 2.392011 15.333333
v 13.379911 2.381789 16.666667
v 13.379911 2.381789 15.333333
v 13.307557 2.351819 16.666667
v 13.307557 2.351819 15.333333
v 13.245425 2.304143 16.666667
v 13.245425 2.304143 15.333333
v 13.197749 2.242011 16.666667
v 13.197749 2.242011 15.333333
v 13.167779 2.169657 16.666667
v 13.167779 2.169657 15.333333
v 13.157557 2.092011 16.666667
v 13.157557 2.092011 15.333333
v 13.167779 2.014365 16.666667
v 13.167779 2.014365 15.333333
v 13.197749 1.942011 16.666667
v 13.197749 1.942011 15.333333
v 13.245425 1.879879 16.666667
v 13.245425 1.879879 15.333333
v 13.307557 1.832203 16.666667
v 13.307557 1.832203 15.333333
v 13.379911 1.802233 16.666667
v 13.379911 1.802233 15.333333
v 13.457557 1.792011 16.666667
v 13.457557 1.792011 15.333333
v 13.535202 1.802233 16.666667
v 13.535202 1.802233 15.333333
v 13.607557 1.832203 16.666667
v 13.607557 1.832203 15.333333
v 13.669689 1.879879 16.666667
v 13.669689 1.879879 15.333333
v 13.717364 1.942011 16.666667
v 13.717364 1.942011 15.333333
v 13.747334 2.014365 16.666667
v 13.747334 2.014365 15.333333
v 9.957557 2.092011 18.000000
v 9.998575 2.626283 18.000000
v 10.120669 3.148033 18.000000
v 10.320977 3.645030 18.000000
v 10.594804 4.105626 18.000000
v 10.935731 4.519025 18.000000
v 11.335768 4.875536 18.000000
v 11.785537 5.166804 18.000000
v 12.274498 5.386001 18.000000
v 12.791188 5.527990 18.000000
v 13.323497 5.589443 18.000000
v 13.858949 5.568918 18.000000
v 14.384992 5.466898 18.000000
v 14.889297 5.285774 18.000000
v 15.360043 5.029790 18.000000
v 15.786197 4.704947 18.000000
v 16.157769 4.318859 18.000000
v 16.466050 3.880576 18.000000
v 16.703815 3.400371 18.000000
v 16.865491 2.889498 18.000000
v 16.947287 2.359933 18.000000
v 16.947287 1.824089 18.000000
v 16.865491 1.294524 18.000000
v 16.703815 0.783651 18.000000
v 16.466050 0.303446 18.000000
v 16.157769 -0.134838 18.000000
v 15.786197 -0.520925 18.000000
v 15.360043 -0.845768 18.000000
v 14.889297 -1.101752 18.000000
v 14.384992 -1.282876 18.000000
v 13.858949 -1.384896 18.000000
v 13.323497 -1.405421 18.000000
v 12.791188 -1.343968 18.000000
v 12.274498 -1.201979 18.000000
v 11.785537 -0.982782 18.000000
v 11.335768 -0.691514 18.000000
v 10.935731 -0.335003 18.000000
v 10.594804 0.078396 18.000000
v 10.320977 0.538991 18.000000
v 10.120669 1.035989 18.000000
v 9.998575 1.557738 18.000000
v 9.957557 2.092011 14.000000
v 9.998575 1.557738 14.000000
v 10.120669 1.035989 14.000000
v 10.320977 0.538991 14.000000
v 10.594804 0.078396 14.000000
v 10.935731 -0.335003 14.000000
v 11.335768 -0.691514 14.000000
v 11.785537 -0.982782 14.000000
v 12.274498 -1.201979 14.000000
v 12.791188 -1.343968 14.000000
v 13.323497 -1.405421 14.000000
v 13.858949 -1.384896 14.000000
v 14.384992 -1.282876 14.000000
v 14.889297 -1.101752 14.000000
v 15.360043 -0.845768 14.000000
v 15.786197 -0.520925 14.000000
v 16.157769 -0.134838 14.000000
v 16.466050 0.303446 14.000000
v 16.703815 0.783651 14.000000
v 16.865491 1.294524 14.000000
v 16.947287 1.824089 14.000000
v 16.947287 2.359933 14.000000
v 16.865491 2.889498 14.000000
v 16.703815 3.400371 14.000000
v 16.466050 3.880576 14.000000
v 16.157769 4.318859 14.000000
v 15.786197 4.704947 14.000000
v 15.360043 5.029790 14.000000
v 14.889297 5.285774 14.000000
v 14.384992 5.466898 14.000000
v 13.858949 5.568918 14.000000
v 13.323497 5.589443 14.000000
v 12.791188 5.527990 14.000000
v 12.274498 5.386001 14.000000
v 11.785537 5.166804 14.000000
v 11.335768 4.875536 14.000000
v 10.935731 4.519025 14.000000
v 10.594804 4.105626 14.000000
v 10.320977 3.645030 14.000000
v 10.120669 3.148033 14.000000
v 9.998575 2.626283 14.000000
vt 4.000000 -0.863938 0.000000
vt 2.666667 -0.863938 0.000000
vt 4.000000 -0.942478 0.000000
vt 2.666667 -0.942478 0.000000
vt 4.000000 0.942478 0.000000
vt 2.666667 0.942478 0.000000
vt 4.000000 0.863938 0.000000
vt 2.666667 0.863938 0.000000
vt 4.000000 0.785398 0.000000
vt 2.666667 0.785398 0.000000
vt 4.000000 0.706858 0.000000
vt 2.666667 0.706858 0.000000
vt 4.000000 0.628319 0.000000
vt 2.666667 0.628319 0.000000
vt 4.000000 0.549779 0.000000
vt 2.666667 0.549779 0.000000
vt 4.000000 0.471239 0.000000
vt 2.666667 0.471239 0.000000
vt 4.000000 0.392699 0.000000
vt 2.666667 0.392699 0.000000
vt 4.000000 0.314159 0.000000
vt 2.666667 0.314159 0.000000
vt 4.000000 0.235619 0.000000
vt 2.666667 0.235619 0.000000
vt 4.000000 0.157080 0.000000
vt 2.666667 0.157080 0.000000
vt 4.000000 0.078540 0.000000
vt 2.666667 0.078540 0.000000
vt 4.000000 0.000000 0.000000
vt 2.666667 0.000000 0.000000
vt 4.000000 -0.078540 0.000000
vt 2.666667 -0.078540 0.000000
vt 4.000000 -0.157080 0.000000
vt 2.666667 -0.157080 0.000000
vt 4.000000 -0.235619 0.000000
vt 2.666667 -0.235619 0.000000
vt 4.000000 -0.314159 0.000000
vt 2.666667 -0.314159 0.000000
vt 4.000000 -0.392699 0.000000
vt 2.666667 -0.392699 0.000000
vt 4.000000 -0.471239 0.000000
vt 2.666667 -0.471239 0.000000
vt 4.000000 -0.549779 0.000000
vt 2.666667 -0.549779 0.000000
vt 4.000000 -0.628319 0.000000
vt 2.666667 -0.628319 0.000000
vt 4.000000 -0.706858 0.000000
vt 2.666667 -0.706858 0.000000
vt 4.000000 -0.785398 0.000000
vt 2.666667 -0.785398 0.000000
vt 0.000000 0.863938 0.000000
vt 1.333333 0.863938 0.000000
vt 0.000000 0.942478 0.000000
vt 1.333333 0.942478 0.000000
vt 0.000000 -0.942478 0.000000
vt 1.333333 -0.942478 0.000000
vt 0.000000 -0.863938 0.000000
vt 1.333333 -0.863938 0.000000
vt 0.000000 -0.785398 0.000000
vt 1.333333 -0.785398 0.000000
vt 0.000000 -0.706858 0.000000
vt 1.333333 -0.706858 0.000000
vt 0.000000 -0.628319 0.000000
vt 1.333333 -0.628319 0.000000
vt 0.000000 -0.549779 0.000000
vt 1.333333 -0.549779 0.000000
vt 0.000000 -0.471239 0.000000
vt 1.333333 -0.471239 0.000000
vt 0.000000 -0.392699 0.000000
vt 1.333333 -0.392699 0.000000
vt 0.000000 -0.314159 0.000000
vt 1.333333 -0.314159 0.000000
vt 0.000000 -0.235619 0.000000
vt 1.333333 -0.235619 0.000000
vt 0.000000 -0.157080 0.000000
vt 1.333333 -0.157080 0.000000
vt 0.000000 -0.078540 0.000000
vt 1.333333 -0.078540 0.000000
vt 0.000000 0.000000 0.000000
vt 1.333333 0.000000 0.000000
vt 0.000000 0.078540 0.000000
vt 1.333333 0.078540 0.000000
vt 0.000000 0.157080 0.000000
vt 1.333333 0.157080 0.000000
vt 0.000000 0.235619 0.000000
vt 1.333333 0.235619 0.000000
vt 0.000000 0.314159 0.000000
vt 1.333333 0.314159 0.000000
vt 0.000000 0.392699 0.000000
vt 1.333333 0.392699 0.000000
vt 0.000000 0.471239 0.000000
vt 1.333333 0.471239 0.000000
vt 0.000000 0.549779 0.000000
vt 1.333333 0.549779 0.000000
vt 0.000000 0.628319 0.000000
vt 1.333333 0.628319 0.000000
vt 0.000000 0.706858 0.000000
vt 1.333333 0.706858 0.000000
vt 0.000000 0.785398 0.000000
vt 1.333333 0.785398 0.000000
vt -4.000000 10.459205 0.000000
vt -0.000000 10.459205 0.000000
vt -4.000000 10.995574 0.000000
vt -0.000000 10.995574 0.000000
vt -4.000000 -10.995574 0.000000
vt -0.000000 -10.995574 0.000000
vt -4.000000 -10.459205 0.000000
vt -0.000000 -10.459205 0.000000
vt -4.000000 -9.922835 0.000000
vt -0.000000 -9.922835 0.000000
vt -4.000000 -9.386466 0.000000
vt -0.000000 -9.386466 0.000000
vt -4.000000 -8.850096 0.000000
vt -0.000000 -8.850096 0.000000
vt -4.000000 -8.313727 0.000000
vt -0.000000 -8.313727 0.000000
vt -4.000000 -7.777357 0.000000
vt -0.000000 -7.777357 0.000000
vt -4.000000 -7.240988 0.000000
vt -0.000000 -7.240988 0.000000
vt -4.000000 -6.704618 0.000000
vt -0.000000 -6.704618 0.000000
vt -4.000000 -6.168249 0.000000
vt -0.000000 -6.168249 0.000000
vt -4.000000 -5.631880 0.000000
vt -0.000000 -5.631880 0.000000
vt -4.000000 -5.095510 0.000000
vt -0.000000 -5.095510 0.000000
vt -4.000000 -4.559141 0.000000
vt -0.000000 -4.559141 0.000000
vt -4.000000 -4.022771 0.000000
vt -0.000000 -4.022771 0.000000
vt -4.000000 -3.486402 0.000000
vt -0.000000 -3.486402 0.000000
vt -4.000000 -2.950032 0.000000
vt -0.000000 -2.950032 0.000000
vt -4.000000 -2.413663 0.000000
vt -0.000000 -2.413663 0.000000
vt -4.000000 -1.877293 0.000000
vt -0.000000 -1.877293 0.000000
vt -4.000000 -1.340924 0.000000
vt -0.000000 -1.340924 0.000000
vt -4.000000 -0.804554 0.000000
vt -0.000000 -0.804554 0.000000
vt -4.000000 -0.268185 0.000000
vt -0.000000 -0.268185 0.000000
vt -4.000000 0.268185 0.000000
vt -0.000000 0.268185 0.000000
vt -4.000000 0.804554 0.000000
vt -0.000000 0.804554 0.000000
vt -4.000000 1.340924 0.000000
vt -0.000000 1.340924 0.000000
vt -4.000000 1.877293 0.000000
vt -0.000000 1.877293 0.000000
vt -4.000000 2.413663 0.000000
vt -0.000000 2.413663 0.000000
vt -4.000000 2.950032 0.000000
vt -0.000000 2.950032 0.000000
vt -4.000000 3.486402 0.000000
vt -0.000000 3.486402 0.000000
vt -4.000000 4.022771 0.000000
vt -0.000000 4.022771 0.000000
vt -4.000000 4.559141 0.000000
vt -0.000000 4.559141 0.000000
vt -4.000000 5.095510 0.000000
vt -0.000000 5.095510 0.000000
vt -4.000000 5.631880 0.000000
vt -0.000000 5.631880 0.000000
vt -4.000000 6.168249 0.000000
vt -0.000000 6.168249 0.000000
vt -4.000000 6.704618 0.000000
vt -0.000000 6.704618 0.000000
vt -4.000000 7.240988 0.000000
vt -0.000000 7.240988 0.000000
vt -4.000000 7.777357 0.000000
vt -0.000000 7.777357 0.000000
vt -4.000000 8.313727 0.000000
vt -0.000000 8.313727 0.000000
vt -4.000000 8.850096 0.000000
vt -0.000000 8.850096 0.000000
vt -4.000000 9.386466 0.000000
vt -0.000000 9.386466 0.000000
vt -4.000000 9.922835 0.000000
vt -0.000000 9.922835 0.000000
vt 0.289778 -0.077646 0.000000
vt 3.489730 -0.267922 0.000000
vt 0.300000 0.000000 0.000000
vt 3.489730 0.267922 0.000000
vt 0.289778 0.077646 0.000000
vt 3.407934 0.797487 0.000000
vt 3.246259 1.308360 0.000000
vt 0.259808 -0.150000 0.000000
vt 3.246259 -1.308360 0.000000
vt 3.407934 -0.797487 0.000000
vt 0.212132 -0.212132 0.000000
vt 2.700212 -2.226849 0.000000
vt 3.008494 -1.788565 0.000000
vt 2.328640 -2.612936 0.000000
vt 0.150000 -0.259808 0.000000
vt 1.902486 -2.937779 0.000000
vt 1.431740 -3.193763 0.000000
vt 0.077646 -0.289778 0.000000
vt 0.927435 -3.374887 0.000000
vt 0.401392 -3.476907 0.000000
vt 0.000000 -0.300000 0.000000
vt -0.134060 -3.497432 0.000000
vt -0.666369 -3.435979 0.000000
vt -0.077646 -0.289778 0.000000
vt -1.183059 -3.293990 0.000000
vt -0.150000 -0.259808 0.000000
vt -1.672019 -3.074793 0.000000
vt -2.121789 -2.783525 0.000000
vt -2.521826 -2.427014 0.000000
vt -0.212132 -0.212132 0.000000
vt -2.862753 -2.013615 0.000000
vt -0.259808 -0.150000 0.000000
vt -3.136579 -1.553019 0.000000
vt -0.289778 -0.077646 0.000000
vt -3.336887 -1.056022 0.000000
vt -3.458981 -0.534272 0.000000
vt -0.300000 0.000000 0.000000
vt -3.500000 0.000000 0.000000
vt -3.458981 0.534272 0.000000
vt -0.289778 0.077646 0.000000
vt -3.336887 1.056022 0.000000
vt -3.136579 1.553019 0.000000
vt -0.259808 0.150000 0.000000
vt -2.862753 2.013615 0.000000
vt -0.212132 0.212132 0.000000
vt -2.521826 2.427014 0.000000
vt -2.121789 2.783525 0.000000
vt -0.150000 0.259808 0.000000
vt -1.672019 3.074793 0.000000
vt -1.183059 3.293990 0.000000
vt -0.077646 0.289778 0.000000
vt -0.666369 3.435979 0.000000
vt 0.000000 0.300000 0.000000
vt -0.134060 3.497432 0.000000
vt 0.401392 3.476907 0.000000
vt 0.077646 0.289778 0.000000
vt 0.927435 3.374887 0.000000
vt 1.431740 3.193763 0.000000
vt 0.150000 0.259808 0.000000
vt 1.902486 2.937779 0.000000
vt 2.328640 2.612936 0.000000
vt 0.212132 0.212132 0.000000
vt 2.700212 2.226849 0.000000
vt 0.259808 0.150000 0.000000
vt 3.008494 1.788565 0.000000
vt -0.289778 0.077646 0.000000
vt -3.489730 0.267922 0.000000
vt -0.300000 0.000000 0.000000
vt -3.489730 -0.267922 0.000000
vt -0.289778 -0.077646 0.000000
vt -3.407934 -0.797487 0.000000
vt -3.246259 -1.308360 0.000000
vt -0.259808 0.150000 0.000000
vt -3.246259 1.308360 0.000000
vt -3.407934 0.797487 0.000000
vt -0.212132 0.212132 0.000000
vt -2.700212 2.226849 0.000000
vt -3.008494 1.788565 0.000000
vt -2.328640 2.612936 0.000000
vt -0.150000 0.259808 0.000000
vt -1.902486 2.937779 0.000000
vt -1.431740 3.193763 0.000000
vt -0.077646 0.289778 0.000000
vt -0.927435 3.374887 0.000000
vt -0.401392 3.476907 0.000000
vt -0.000000 0.300000 0.000000
vt 0.134060 3.497432 0.000000
vt 0.666369 3.435979 0.000000
vt 0.077646 0.289778 0.000000
vt 1.183059 3.293990 0.000000
vt 0.150000 0.259808 0.000000
vt 1.672019 3.074793 0.000000
vt 2.121789 2.783525 0.000000
vt 0.212132 0.212132 0.000000
vt 2.521826 2.427014 0.000000
vt 2.862753 2.013615 0.000000
vt 0.259808 0.150000 0.000000
vt 3.136579 1.553019 0.000000
vt 0.289778 0.077646 0.000000
vt 3.336887 1.056022 0.000000
vt 3.458981 0.534272 0.000000
vt 0.300000 0.000000 0.000000
vt 3.500000 0.000000 0.000000
vt 3.458981 -0.534272 0.000000
vt 0.289778 -0.077646 0.000000
vt 3.336887 -1.056022 0.000000
vt 3.136579 -1.553019 0.000000
vt 0.259808 -0.150000 0.000000
vt 2.862753 -2.013615 0.000000
vt 0.212132 -0.212132 0.000000
vt 2.521826 -2.427014 0.000000
vt 2.121789 -2.783525 0.000000
vt 0.150000 -0.259808 0.000000
vt 1.672019 -3.074793 0.000000
vt 1.183059 -3.293990 0.000000
vt 0.077646 -0.289778 0.000000
vt 0.666369 -3.435979 0.000000
vt -0.000000 -0.300000 0.000000
vt 0.134060 -3.497432 0.000000
vt -0.401392 -3.476907 0.000000
vt -0.077646 -0.289778 0.000000
vt -0.927435 -3.374887 0.000000
vt -1.431740 -3.193763 0.000000
vt -0.150000 -0.259808 0.000000
vt -1.902486 -2.937779 0.000000
vt -2.328640 -2.612936 0.000000
vt -0.212132 -0.212132 0.000000
vt -2.700212 -2.226849 0.000000
vt -0.259808 -0.150000 0.000000
vt -3.008494 -1.788565 0.000000
vn -0.965926 -0.258819 0.000000
vn -0.965926 -0.258819 0.000000
vn -1.000000 -0.000000 0.000000
vn -1.000000 -0.000000 0.000000
vn -0.965926 0.258819 0.000000
vn -0.965926 0.258819 0.000000
vn -0.866025 0.500000 0.000000
vn -0.866025 0.500000 0.000000
vn -0.707107 0.707107 0.000000
vn -0.707107 0.707107 0.000000
vn -0.500000 0.866025 0.000000
vn -0.500000 0.866025 0.000000
vn -0.258819 0.965926 0.000000
vn -0.258819 0.965926 0.000000
vn 0.000000 1.000000 -0.000000
vn 0.000000 1.000000 -0.000000
vn 0.258819 0.965926 -0.000000
vn 0.258819 0.965926 -0.000000
vn 0.500000 0.866025 -0.000000
vn 0.500000 0.866025 -0.000000
vn 0.707107 0.707107 -0.000000
vn 0.707107 0.707107 -0.000000
vn 0.866025 0.500000 -0.000000
vn 0.866025 0.500000 -0.000000
vn 0.965926 0.258819 -0.000000
vn 0.965926 0.258819 -0.000000
vn 1.000000 0.000000 -0.000000
vn 1.000000 0.000000 -0.000000
vn 0.965926 -0.258819 0.000000
vn 0.965926 -0.258819 0.000000
vn 0.866025 -0.500000 0.000000
vn 0.866025 -0.500000 0.000000
vn 0.707107 -0.707107 0.000000
vn 0.707107 -0.707107 0.000000
vn 0.500000 -0.866025 0.000000
vn 0.500000 -0.866025 0.000000
vn 0.258819 -0.965926 0.000000
vn 0.258819 -0.965926 0.000000
vn 0.000000 -1.000000 0.000000
vn 0.000000 -1.000000 0.000000
vn -0.258819 -0.965926 0.000000
vn -0.258819 -0.965926 0.000000
vn -0.500000 -0.866025 0.000000
vn -0.500000 -0.866025 0.000000
vn -0.707107 -0.707107 0.000000
vn -0.707107 -0.707107 0.000000
vn -0.866025 -0.500000 0.000000
vn -0.866025 -0.500000 0.000000
vn -0.965926 0.258819 0.000000
vn -0.965926 0.258819 0.000000
vn -1.000000 0.000000 0.000000
vn -1.000000 0.000000 0.000000
vn -0.965926 -0.258819 0.000000
vn -0.965926 -0.258819 0.000000
vn -0.866025 -0.500000 0.000000
vn -0.866025 -0.500000 0.000000
vn -0.707107 -0.707107 0.000000
vn -0.707107 -0.707107 0.000000
vn -0.500000 -0.866025 0.000000
vn -0.500000 -0.866025 0.000000
vn -0.258819 -0.965926 0.000000
vn -0.258819 -0.965926 0.000000
vn 0.000000 -1.000000 0.000000
vn 0.000000 -1.000000 0.000000
vn 0.258819 -0.965926 0.000000
vn 0.258819 -0.965926 0.000000
vn 0.500000 -0.866025 0.000000
vn 0.500000 -0.866025 0.000000
vn 0.707107 -0.707107 0.000000
vn 0.707107 -0.707107 0.000000
vn 0.866025 -0.500000 0.000000
vn 0.866025 -0.500000 0.000000
vn 0.965926 -0.258819 0.000000
vn 0.965926 -0.258819 0.000000
vn 1.000000 0.000000 -0.000000
vn 1.000000 0.000000 -0.000000
vn 0.965926 0.258819 -0.000000
vn 0.965926 0.258819 -0.000000
vn 0.866025 0.500000 -0.000000
vn 0.866025 0.500000 -0.000000
vn 0.707107 0.707107 -0.000000
vn 0.707107 0.707107 -0.000000
vn 0.500000 0.866025 -0.000000
vn 0.500000 0.866025 -0.000000
vn 0.258819 0.965926 -0.000000
vn 0.258819 0.965926 -0.000000
vn 0.000000 1.000000 -0.000000
vn 0.000000 1.000000 -0.000000
vn -0.258819 0.965926 0.000000
vn -0.258819 0.965926 0.000000
vn -0.500000 0.866025 0.000000
vn -0.500000 0.866025 0.000000
vn -0.707107 0.707107 0.000000
vn -0.707107 0.707107 0.000000
vn -0.866025 0.500000 0.000000
vn -0.866025 0.500000 0.000000
vn -0.988280 0.152649 -0.000000
vn -0.988280 0.152649 -0.000000
vn -1.000000 0.000000 -0.000000
vn -1.000000 0.000000 -0.000000
vn -0.988280 -0.152649 0.000000
vn -0.988280 -0.152649 0.000000
vn -0.953396 -0.301721 0.000000
vn -0.953396 -0.301721 0.000000
vn -0.896166 -0.443720 0.000000
vn -0.896166 -0.443720 0.000000
vn -0.817929 -0.575319 0.000000
vn -0.817929 -0.575319 0.000000
vn -0.720522 -0.693433 0.000000
vn -0.720522 -0.693433 0.000000
vn -0.606225 -0.795293 0.000000
vn -0.606225 -0.795293 0.000000
vn -0.477720 -0.878512 0.000000
vn -0.477720 -0.878512 0.000000
vn -0.338017 -0.941140 0.000000
vn -0.338017 -0.941140 0.000000
vn -0.190391 -0.981708 0.000000
vn -0.190391 -0.981708 0.000000
vn -0.038303 -0.999266 0.000000
vn -0.038303 -0.999266 0.000000
vn 0.114683 -0.993402 -0.000000
vn 0.114683 -0.993402 -0.000000
vn 0.264982 -0.964253 -0.000000
vn 0.264982 -0.964253 -0.000000
vn 0.409069 -0.912504 -0.000000
vn 0.409069 -0.912504 -0.000000
vn 0.543568 -0.839365 -0.000000
vn 0.543568 -0.839365 -0.000000
vn 0.665326 -0.746553 -0.000000
vn 0.665326 -0.746553 -0.000000
vn 0.771489 -0.636242 -0.000000
vn 0.771489 -0.636242 -0.000000
vn 0.859570 -0.511019 -0.000000
vn 0.859570 -0.511019 -0.000000
vn 0.927502 -0.373817 -0.000000
vn 0.927502 -0.373817 -0.000000
vn 0.973695 -0.227854 -0.000000
vn 0.973695 -0.227854 -0.000000
vn 0.997066 -0.076549 -0.000000
vn 0.997066 -0.076549 -0.000000
vn 0.997066 0.076549 -0.000000
vn 0.997066 0.076549 -0.000000
vn 0.973695 0.227854 -0.000000
vn 0.973695 0.227854 -0.000000
vn 0.927502 0.373817 -0.000000
vn 0.927502 0.373817 -0.000000
vn 0.859570 0.511019 -0.000000
vn 0.859570 0.511019 -0.000000
vn 0.771489 0.636242 -0.000000
vn 0.771489 0.636242 -0.000000
vn 0.665326 0.746553 -0.000000
vn 0.665326 0.746553 -0.000000
vn 0.543568 0.839365 -0.000000
vn 0.543568 0.839365 -0.000000
vn 0.409069 0.912504 -0.000000
vn 0.409069 0.912504 -0.000000
vn 0.264982 0.964253 -0.000000
vn 0.264982 0.964253 -0.000000
vn 0.114683 0.993402 -0.000000
vn 0.114683 0.993402 -0.000000
vn -0.038303 0.999266 -0.000000
vn -0.038303 0.999266 -0.000000
vn -0.190391 0.981708 -0.000000
vn -0.190391 0.981708 -0.000000
vn -0.338017 0.941140 -0.000000
vn -0.338017 0.941140 -0.000000
vn -0.477720 0.878512 -0.000000
vn -0.477720 0.878512 -0.000000
vn -0.606225 0.795293 -0.000000
vn -0.606225 0.795293 -0.000000
vn -0.720522 0.693433 -0.000000
vn -0.720522 0.693433 -0.000000
vn -0.817929 0.575319 -0.000000
vn -0.817929 0.575319 -0.000000
vn -0.896166 0.443720 -0.000000
vn -0.896166 0.443720 -0.000000
vn -0.953396 0.301721 -0.000000
vn -0.953396 0.301721 -0.000000
vn 0.000000 0.000000 1.000000
vn 0.000000 0.000000 1.000000
vn 0.000000 0.000000 1.000000
vn 0.000000 0.000000 1.000000
vn 0.000000 0.000000 1.000000
vn 0.000000 0.000000 1.000000
vn 0.000000 0.000000 1.000000
vn 0.000000 0.000000 1.000000
vn 0.000000 0.000000 1.000000
vn 0.000000 0.000000 1.000000
vn 0.000000 0.000000 1.000000
vn 0.000000 0.000000 1.000000
vn 0.000000 0.000000 1.000000
vn 0.000000 0.000000 1.000000
vn 0.000000 0.000000 1.000000
vn 0.000000 0.000000 1.000000
vn 0.000000 0.000000 1.000000
vn 0.000000 0.000000 1.000000
vn 0.000000 0.000000 1.000000
vn 0.000000 0.000000 1.000000
vn 0.000000 0.000000 1.000000
vn 0.000000 0.000000 1.000000
vn 0.000000 0.000000 1.000000
vn 0.000000 0.000000 1.000000
vn 0.000000 0.000000 1.000000
vn 0.000000 0.000000 1.000000
vn 0.000000 0.000000 1.000000
vn 0.000000 0.000000 1.000000
vn 0.000000 0.000000 1.000000
vn 0.000000 0.000000 1.000000
vn 0.000000 0.000000 1.000000
vn 0.000000 0.000000 1.000000
vn 0.000000 0.000000 1.000000
vn 0.000000 0.000000 1.000000
vn 0.000000 0.000000 1.000000
vn 0.000000 0.000000 1.000000
vn 0.000000 0.000000 1.000000
vn 0.000000 0.000000 1.000000
vn 0.000000 0.000000 1.000000
vn 0.000000 0.000000 1.000000
vn 0.000000 0.000000 1.000000
vn 0.000000 0.000000 1.000000
vn 0.000000 0.000000 1.000000
vn 0.000000 0.000000 1.000000
vn 0.000000 0.000000 1.000000
vn 0.000000 0.000000 1.000000
vn 0.000000 0.000000 1.000000
vn 0.000000 0.000000 1.000000
vn 0.000000 0.000000 1.000000
vn 0.000000 0.000000 1.000000
vn 0.000000 0.000000 1.000000
vn 0.000000 0.000000 1.000000
vn 0.000000 0.000000 1.000000
vn 0.000000 0.000000 1.000000
vn 0.000000 0.000000 1.000000
vn 0.000000 0.000000 1.000000
vn 0.000000 0.000000 1.000000
vn 0.000000 0.000000 1.000000
vn 0.000000 0.000000 1.000000
vn 0.000000 0.000000 1.000000
vn 0.000000 0.000000 1.000000
vn 0.000000 0.000000 1.000000
vn 0.000000 0.000000 1.000000
vn 0.000000 0.000000 1.000000
vn 0.000000 0.000000 1.000000
vn -0.000000 -0.000000 -1.000000
vn -0.000000 -0.000000 -1.000000
vn -0.000000 -0.000000 -1.000000
vn -0.000000 -0.000000 -1.000000
vn -0.000000 -0.000000 -1.000000
vn -0.000000 -0.000000 -1.000000
vn -0.000000 -0.000000 -1.000000
vn -0.000000 -0.000000 -1.000000
vn -0.000000 -0.000000 -1.000000
vn -0.000000 -0.000000 -1.000000
vn -0.000000 -0.000000 -1.000000
vn -0.000000 -0.000000 -1.000000
vn -0.000000 -0.000000 -1.000000
vn -0.000000 -0.000000 -1.000000
vn -0.000000 -0.000000 -1.000000
vn -0.000000 -0.000000 -1.000000
vn -0.000000 -0.000000 -1.000000
vn -0.000000 -0.000000 -1.000000
vn -0.000000 -0.000000 -1.000000
vn -0.000000 -0.000000 -1.000000
vn -0.000000 -0.000000 -1.000000
vn -0.000000 -0.000000 -1.000000
vn -0.000000 -0.000000 -1.000000
vn -0.000000 -0.000000 -1.000000
vn -0.000000 -0.000000 -1.000000
vn -0.000000 -0.000000 -1.000000
vn -0.000000 -0.000000 -1.000000
vn -0.000000 -0.000000 -1.000000
vn -0.000000 -0.000000 -1.000000
vn -0.000000 -0.000000 -1.000000
vn -0.000000 -0.000000 -1.000000
vn -0.000000 -0.000000 -1.000000
vn -0.000000 -0.000000 -1.000000
vn -0.000000 -0.000000 -1.000000
vn -0.000000 -0.000000 -1.000000
vn -0.000000 -0.000000 -1.000000
vn -0.000000 -0.000000 -1.000000
vn -0.000000 -0.000000 -1.000000
vn -0.000000 -0.000000 -1.000000
vn -0.000000 -0.000000 -1.000000
vn -0.000000 -0.000000 -1.000000
vn -0.000000 -0.000000 -1.000000
vn -0.000000 -0.000000 -1.000000
vn -0.000000 -0.000000 -1.000000
vn -0.000000 -0.000000 -1.000000
vn -0.000000 -0.000000 -1.000000
vn -0.000000 -0.000000 -1.000000
vn -0.000000 -0.000000 -1.000000
vn -0.000000 -0.000000 -1.000000
vn -0.000000 -0.000000 -1.000000
vn -0.000000 -0.000000 -1.000000
vn -0.000000 -0.000000 -1.000000
vn -0.000000 -0.000000 -1.000000
vn -0.000000 -0.000000 -1.000000
vn -0.000000 -0.000000 -1.000000
vn -0.000000 -0.000000 -1.000000
vn -0.000000 -0.000000 -1.000000
vn -0.000000 -0.000000 -1.000000
vn -0.000000 -0.000000 -1.000000
vn -0.000000 -0.000000 -1.000000
vn -0.000000 -0.000000 -1.000000
vn -0.000000 -0.000000 -1.000000
vn -0.000000 -0.000000 -1.000000
vn -0.000000 -0.000000 -1.000000
vn -0.000000 -0.000000 -1.000000
f 1348/2561/2498 1397/2562/2499 1347/2563/2500
f 1347/2563/2500 1397/2562/2499 1395/2564/2501
f 1347/2565/2500 1395/2566/2501 1370/2567/2502
f 1370/2567/2502 1395/2566/2501 1441/2568/2503
f 1370/2567/2502 1441/2568/2503 1369/2569/2504
f 1369/2569/2504 1441/2568/2503 1439/2570/2505
f 1369/2569/2504 1439/2570/2505 1368/2571/2506
f 1368/2571/2506 1439/2570/2505 1437/2572/2507
f 1368/2571/2506 1437/2572/2507 1367/2573/2508
f 1367/2573/2508 1437/2572/2507 1435/2574/2509
f 1367/2573/2508 1435/2574/2509 1366/2575/2510
f 1366/2575/2510 1435/2574/2509 1433/2576/2511
f 1366/2575/2510 1433/2576/2511 1365/2577/2512
f 1365/2577/2512 1433/2576/2511 1431/2578/2513
f 1365/2577/2512 1431/2578/2513 1364/2579/2514
f 1364/2579/2514 1431/2578/2513 1429/2580/2515
f 1364/2579/2514 1429/2580/2515 1363/2581/2516
f 1363/2581/2516 1429/2580/2515 1427/2582/2517
f 1363/2581/2516 1427/2582/2517 1362/2583/2518
f 1362/2583/2518 1427/2582/2517 1425/2584/2519
f 1362/2583/2518 1425/2584/2519 1361/2585/2520
f 1361/2585/2520 1425/2584/2519 1423/2586/2521
f 1361/2585/2520 1423/2586/2521 1360/2587/2522
f 1360/2587/2522 1423/2586/2521 1421/2588/2523
f 1360/2587/2522 1421/2588/2523 1359/2589/2524
f 1359/2589/2524 1421/2588/2523 1419/2590/2525
f 1359/2589/2524 1419/2590/2525 1358/2591/2526
f 1358/2591/2526 1419/2590/2525 1417/2592/2527
f 1358/2591/2526 1417/2592/2527 1357/2593/2528
f 1357/2593/2528 1417/2592/2527 1415/2594/2529
f 1357/2593/2528 1415/2594/2529 1356/2595/2530
f 1356/2595/2530 1415/2594/2529 1413/2596/2531
f 1356/2595/2530 1413/2596/2531 1355/2597/2532
f 1355/2597/2532 1413/2596/2531 1411/2598/2533
f 1355/2597/2532 1411/2598/2533 1354/2599/2534
f 1354/2599/2534 1411/2598/2533 1409/2600/2535
f 1354/2599/2534 1409/2600/2535 1353/2601/2536
f 1353/2601/2536 1409/2600/2535 1407/2602/2537
f 1353/2601/2536 1407/2602/2537 1352/2603/2538
f 1352/2603/2538 1407/2602/2537 1405/2604/2539
f 1352/2603/2538 1405/2604/2539 1351/2605/2540
f 1351/2605/2540 1405/2604/2539 1403/2606/2541
f 1351/2605/2540 1403/2606/2541 1350/2607/2542
f 1350/2607/2542 1403/2606/2541 1401/2608/2543
f 1350/2607/2542 1401/2608/2543 1349/2609/2544
f 1349/2609/2544 1401/2608/2543 1399/2610/2545
f 1349/2609/2544 1399/2610/2545 1348/2561/2498
f 1348/2561/2498 1399/2610/2545 1397/2562/2499
f 1372/2611/2546 1442/2612/2547 1371/2613/2548
f 1371/2613/2548 1442/2612/2547 1396/2614/2549
f 1371/2615/2548 1396/2616/2549 1394/2617/2550
f 1394/2617/2550 1396/2616/2549 1398/2618/2551
f 1394/2617/2550 1398/2618/2551 1393/2619/2552
f 1393/2619/2552 1398/2618/2551 1400/2620/2553
f 1393/2619/2552 1400/2620/2553 1392/2621/2554
f 1392/2621/2554 1400/2620/2553 1402/2622/2555
f 1392/2621/2554 1402/2622/2555 1391/2623/2556
f 1391/2623/2556 1402/2622/2555 1404/2624/2557
f 1391/2623/2556 1404/2624/2557 1390/2625/2558
f 1390/2625/2558 1404/2624/2557 1406/2626/2559
f 1390/2625/2558 1406/2626/2559 1389/2627/2560
f 1389/2627/2560 1406/2626/2559 1408/2628/2561
f 1389/2627/2560 1408/2628/2561 1388/2629/2562
f 1388/2629/2562 1408/2628/2561 1410/2630/2563
f 1388/2629/2562 1410/2630/2563 1387/2631/2564
f 1387/2631/2564 1410/2630/2563 1412/2632/2565
f 1387/2631/2564 1412/2632/2565 1386/2633/2566
f 1386/2633/2566 1412/2632/2565 1414/2634/2567
f 1386/2633/2566 1414/2634/2567 1385/2635/2568
f 1385/2635/2568 1414/2634/2567 1416/2636/2569
f 1385/2635/2568 1416/2636/2569 1384/2637/2570
f 1384/2637/2570 1416/2636/2569 1418/2638/2571
f 1384/2637/2570 1418/2638/2571 1383/2639/2572
f 1383/2639/2572 1418/2638/2571 1420/2640/2573
f 1383/2639/2572 1420/2640/2573 1382/2641/2574
f 1382/2641/2574 1420/2640/2573 1422/2642/2575
f 1382/2641/2574 1422/2642/2575 1381/2643/2576
f 1381/2643/2576 1422/2642/2575 1424/2644/2577
f 1381/2643/2576 1424/2644/2577 1380/2645/2578
f 1380/2645/2578 1424/2644/2577 1426/2646/2579
f 1380/2645/2578 1426/2646/2579 1379/2647/2580
f 1379/2647/2580 1426/2646/2579 1428/2648/2581
f 1379/2647/2580 1428/2648/2581 1378/2649/2582
f 1378/2649/2582 1428/2648/2581 1430/2650/2583
f 1378/2649/2582 1430/2650/2583 1377/2651/2584
f 1377/2651/2584 1430/2650/2583 1432/2652/2585
f 1377/2651/2584 1432/2652/2585 1376/2653/2586
f 1376/2653/2586 1432/2652/2585 1434/2654/2587
f 1376/2653/2586 1434/2654/2587 1375/2655/2588
f 1375/2655/2588 1434/2654/2587 1436/2656/2589
f 1375/2655/2588 1436/2656/2589 1374/2657/2590
f 1374/2657/2590 1436/2656/2589 1438/2658/2591
f 1374/2657/2590 1438/2658/2591 1373/2659/2592
f 1373/2659/2592 1438/2658/2591 1440/2660/2593
f 1373/2659/2592 1440/2660/2593 1372/2611/2546
f 1372/2611/2546 1440/2660/2593 1442/2612/2547
f 1395/2566/2501 1396/2614/2549 1441/2568/2503
f 1441/2568/2503 1396/2614/2549 1442/2612/2547
f 1441/2568/2503 1442/2612/2547 1439/2570/2505
f 1439/2570/2505 1442/2612/2547 1440/2660/2593
f 1439/2570/2505 1440/2660/2593 1437/2572/2507
f 1437/2572/2507 1440/2660/2593 1438/2658/2591
f 1437/2572/2507 1438/2658/2591 1435/2574/2509
f 1435/2574/2509 1438/2658/2591 1436/2656/2589
f 1435/2574/2509 1436/2656/2589 1433/2576/2511
f 1433/2576/2511 1436/2656/2589 1434/2654/2587
f 1433/2576/2511 1434/2654/2587 1431/2578/2513
f 1431/2578/2513 1434/2654/2587 1432/2652/2585
f 1431/2578/2513 1432/2652/2585 1429/2580/2515
f 1429/2580/2515 1432/2652/2585 1430/2650/2583
f 1429/2580/2515 1430/2650/2583 1427/2582/2517
f 1427/2582/2517 1430/2650/2583 1428/2648/2581
f 1427/2582/2517 1428/2648/2581 1425/2584/2519
f 1425/2584/2519 1428/2648/2581 1426/2646/2579
f 1425/2584/2519 1426/2646/2579 1423/2586/2521
f 1423/2586/2521 1426/2646/2579 1424/2644/2577
f 1423/2586/2521 1424/2644/2577 1421/2588/2523
f 1421/2588/2523 1424/2644/2577 1422/2642/2575
f 1421/2588/2523 1422/2642/2575 1419/2590/2525
f 1419/2590/2525 1422/2642/2575 1420/2640/2573
f 1419/2590/2525 1420/2640/2573 1417/2592/2527
f 1417/2592/2527 1420/2640/2573 1418/2638/2571
f 1417/2592/2527 1418/2638/2571 1415/2594/2529
f 1415/2594/2529 1418/2638/2571 1416/2636/2569
f 1415/2594/2529 1416/2636/2569 1413/2596/2531
f 1413/2596/2531 1416/2636/2569 1414/2634/2567
f 1413/2596/2531 1414/2634/2567 1411/2598/2533
f 1411/2598/2533 1414/2634/2567 1412/2632/2565
f 1411/2598/2533 1412/2632/2565 1409/2600/2535
f 1409/2600/2535 1412/2632/2565 1410/2630/2563
f 1409/2600/2535 1410/2630/2563 1407/2602/2537
f 1407/2602/2537 1410/2630/2563 1408/2628/2561
f 1407/2602/2537 1408/2628/2561 1405/2604/2539
f 1405/2604/2539 1408/2628/2561 1406/2626/2559
f 1405/2604/2539 1406/2626/2559 1403/2606/2541
f 1403/2606/2541 1406/2626/2559 1404/2624/2557
f 1403/2606/2541 1404/2624/2557 1401/2608/2543
f 1401/2608/2543 1404/2624/2557 1402/2622/2555
f 1401/2608/2543 1402/2622/2555 1399/2610/2545
f 1399/2610/2545 1402/2622/2555 1400/2620/2553
f 1399/2610/2545 1400/2620/2553 1397/2562/2499
f 1397/2562/2499 1400/2620/2553 1398/2618/2551
f 1397/2562/2499 1398/2618/2551 1395/2564/2501
f 1395/2564/2501 1398/2618/2551 1396/2616/2549
f 1444/2661/2594 1524/2662/2595 1443/2663/2596
f 1443/2663/2596 1524/2662/2595 1484/2664/2597
f 1443/2665/2596 1484/2666/2597 1483/2667/2598
f 1483/2667/2598 1484/2666/2597 1485/2668/2599
f 1483/2667/2598 1485/2668/2599 1482/2669/2600
f 1482/2669/2600 1485/2668/2599 1486/2670/2601
f 1482/2669/2600 1486/2670/2601 1481/2671/2602
f 1481/2671/2602 1486/2670/2601 1487/2672/2603
f 1481/2671/2602 1487/2672/2603 1480/2673/2604
f 1480/2673/2604 1487/2672/2603 1488/2674/2605
f 1480/2673/2604 1488/2674/2605 1479/2675/2606
f 1479/2675/2606 1488/2674/2605 1489/2676/2607
f 1479/2675/2606 1489/2676/2607 1478/2677/2608
f 1478/2677/2608 1489/2676/2607 1490/2678/2609
f 1478/2677/2608 1490/2678/2609 1477/2679/2610
f 1477/2679/2610 1490/2678/2609 1491/2680/2611
f 1477/2679/2610 1491/2680/2611 1476/2681/2612
f 1476/2681/2612 1491/2680/2611 1492/2682/2613
f 1476/2681/2612 1492/2682/2613 1475/2683/2614
f 1475/2683/2614 1492/2682/2613 1493/2684/2615
f 1475/2683/2614 1493/2684/2615 1474/2685/2616
f 1474/2685/2616 1493/2684/2615 1494/2686/2617
f 1474/2685/2616 1494/2686/2617 1473/2687/2618
f 1473/2687/2618 1494/2686/2617 1495/2688/2619
f 1473/2687/2618 1495/2688/2619 1472/2689/2620
f 1472/2689/2620 1495/2688/2619 1496/2690/2621
f 1472/2689/2620 1496/2690/2621 1471/2691/2622
f 1471/2691/2622 1496/2690/2621 1497/2692/2623
f 1471/2691/2622 1497/2692/2623 1470/2693/2624
f 1470/2693/2624 1497/2692/2623 1498/2694/2625
f 1470/2693/2624 1498/2694/2625 1469/2695/2626
f 1469/2695/2626 1498/2694/2625 1499/2696/2627
f 1469/2695/2626 1499/2696/2627 1468/2697/2628
f 1468/2697/2628 1499/2696/2627 1500/2698/2629
f 1468/2697/2628 1500/2698/2629 1467/2699/2630
f 1467/2699/2630 1500/2698/2629 1501/2700/2631
f 1467/2699/2630 1501/2700/2631 1466/2701/2632
f 1466/2701/2632 1501/2700/2631 1502/2702/2633
f 1466/2701/2632 1502/2702/2633 1465/2703/2634
f 1465/2703/2634 1502/2702/2633 1503/2704/2635
f 1465/2703/2634 1503/2704/2635 1464/2705/2636
f 1464/2705/2636 1503/2704/2635 1504/2706/2637
f 1464/2705/2636 1504/2706/2637 1463/2707/2638
f 1463/2707/2638 1504/2706/2637 1505/2708/2639
f 1463/2707/2638 1505/2708/2639 1462/2709/2640
f 1462/2709/2640 1505/2708/2639 1506/2710/2641
f 1462/2709/2640 1506/2710/2641 1461/2711/2642
f 1461/2711/2642 1506/2710/2641 1507/2712/2643
f 1461/2711/2642 1507/2712/2643 1460/2713/2644
f 1460/2713/2644 1507/2712/2643 1508/2714/2645
f 1460/2713/2644 1508/2714/2645 1459/2715/2646
f 1459/2715/2646 1508/2714/2645 1509/2716/2647
f 1459/2715/2646 1509/2716/2647 1458/2717/2648
f 1458/2717/2648 1509/2716/2647 1510/2718/2649
f 1458/2717/2648 1510/2718/2649 1457/2719/2650
f 1457/2719/2650 1510/2718/2649 1511/2720/2651
f 1457/2719/2650 1511/2720/2651 1456/2721/2652
f 1456/2721/2652 1511/2720/2651 1512/2722/2653
f 1456/2721/2652 1512/2722/2653 1455/2723/2654
f 1455/2723/2654 1512/2722/2653 1513/2724/2655
f 1455/2723/2654 1513/2724/2655 1454/2725/2656
f 1454/2725/2656 1513/2724/2655 1514/2726/2657
f 1454/2725/2656 1514/2726/2657 1453/2727/2658
f 1453/2727/2658 1514/2726/2657 1515/2728/2659
f 1453/2727/2658 1515/2728/2659 1452/2729/2660
f 1452/2729/2660 1515/2728/2659 1516/2730/2661
f 1452/2729/2660 1516/2730/2661 1451/2731/2662
f 1451/2731/2662 1516/2730/2661 1517/2732/2663
f 1451/2731/2662 1517/2732/2663 1450/2733/2664
f 1450/2733/2664 1517/2732/2663 1518/2734/2665
f 1450/2733/2664 1518/2734/2665 1449/2735/2666
f 1449/2735/2666 1518/2734/2665 1519/2736/2667
f 1449/2735/2666 1519/2736/2667 1448/2737/2668
f 1448/2737/2668 1519/2736/2667 1520/2738/2669
f 1448/2737/2668 1520/2738/2669 1447/2739/2670
f 1447/2739/2670 1520/2738/2669 1521/2740/2671
f 1447/2739/2670 1521/2740/2671 1446/2741/2672
f 1446/2741/2672 1521/2740/2671 1522/2742/2673
f 1446/2741/2672 1522/2742/2673 1445/2743/2674
f 1445/2743/2674 1522/2742/2673 1523/2744/2675
f 1445/2743/2674 1523/2744/2675 1444/2661/2594
f 1444/2661/2594 1523/2744/2675 1524/2662/2595
f 1370/2745/2676 1464/2746/2677 1347/2747/2678
f 1347/2747/2678 1464/2746/2677 1463/2748/2679
f 1347/2747/2678 1463/2748/2679 1348/2749/2680
f 1348/2749/2680 1463/2748/2679 1462/2750/2681
f 1348/2749/2680 1462/2750/2681 1461/2751/2682
f 1369/2752/2683 1466/2753/2684 1370/2745/2676
f 1370/2745/2676 1466/2753/2684 1465/2754/2685
f 1370/2745/2676 1465/2754/2685 1464/2746/2677
f 1368/2755/2686 1468/2756/2687 1369/2752/2683
f 1369/2752/2683 1468/2756/2687 1467/2757/2688
f 1369/2752/2683 1467/2757/2688 1466/2753/2684
f 1468/2756/2687 1368/2755/2686 1469/2758/2689
f 1469/2758/2689 1368/2755/2686 1367/2759/2690
f 1469/2758/2689 1367/2759/2690 1470/2760/2691
f 1470/2760/2691 1367/2759/2690 1471/2761/2692
f 1471/2761/2692 1367/2759/2690 1366/2762/2693
f 1471/2761/2692 1366/2762/2693 1472/2763/2694
f 1472/2763/2694 1366/2762/2693 1473/2764/2695
f 1473/2764/2695 1366/2762/2693 1365/2765/2696
f 1473/2764/2695 1365/2765/2696 1474/2766/2697
f 1474/2766/2697 1365/2765/2696 1475/2767/2698
f 1475/2767/2698 1365/2765/2696 1364/2768/2699
f 1475/2767/2698 1364/2768/2699 1476/2769/2700
f 1476/2769/2700 1364/2768/2699 1363/2770/2701
f 1476/2769/2700 1363/2770/2701 1477/2771/2702
f 1477/2771/2702 1363/2770/2701 1478/2772/2703
f 1478/2772/2703 1363/2770/2701 1479/2773/2704
f 1479/2773/2704 1363/2770/2701 1362/2774/2705
f 1479/2773/2704 1362/2774/2705 1480/2775/2706
f 1480/2775/2706 1362/2774/2705 1361/2776/2707
f 1480/2775/2706 1361/2776/2707 1481/2777/2708
f 1481/2777/2708 1361/2776/2707 1360/2778/2709
f 1481/2777/2708 1360/2778/2709 1482/2779/2710
f 1482/2779/2710 1360/2778/2709 1483/2780/2711
f 1483/2780/2711 1360/2778/2709 1359/2781/2712
f 1483/2780/2711 1359/2781/2712 1443/2782/2713
f 1443/2782/2713 1359/2781/2712 1444/2783/2714
f 1444/2783/2714 1359/2781/2712 1358/2784/2715
f 1444/2783/2714 1358/2784/2715 1445/2785/2716
f 1445/2785/2716 1358/2784/2715 1446/2786/2717
f 1446/2786/2717 1358/2784/2715 1357/2787/2718
f 1446/2786/2717 1357/2787/2718 1447/2788/2719
f 1447/2788/2719 1357/2787/2718 1356/2789/2720
f 1447/2788/2719 1356/2789/2720 1448/2790/2721
f 1448/2790/2721 1356/2789/2720 1449/2791/2722
f 1449/2791/2722 1356/2789/2720 1355/2792/2723
f 1449/2791/2722 1355/2792/2723 1450/2793/2724
f 1450/2793/2724 1355/2792/2723 1451/2794/2725
f 1451/2794/2725 1355/2792/2723 1354/2795/2726
f 1451/2794/2725 1354/2795/2726 1452/2796/2727
f 1452/2796/2727 1354/2795/2726 1353/2797/2728
f 1452/2796/2727 1353/2797/2728 1453/2798/2729
f 1453/2798/2729 1353/2797/2728 1454/2799/2730
f 1454/2799/2730 1353/2797/2728 1352/2800/2731
f 1454/2799/2730 1352/2800/2731 1455/2801/2732
f 1455/2801/2732 1352/2800/2731 1456/2802/2733
f 1456/2802/2733 1352/2800/2731 1351/2803/2734
f 1456/2802/2733 1351/2803/2734 1457/2804/2735
f 1457/2804/2735 1351/2803/2734 1458/2805/2736
f 1458/2805/2736 1351/2803/2734 1350/2806/2737
f 1458/2805/2736 1350/2806/2737 1459/2807/2738
f 1459/2807/2738 1350/2806/2737 1349/2808/2739
f 1459/2807/2738 1349/2808/2739 1460/2809/2740
f 1460/2809/2740 1349/2808/2739 1461/2751/2682
f 1461/2751/2682 1349/2808/2739 1348/2749/2680
f 1394/2810/2741 1505/2811/2742 1371/2812/2743
f 1371/2812/2743 1505/2811/2742 1504/2813/2744
f 1371/2812/2743 1504/2813/2744 1372/2814/2745
f 1372/2814/2745 1504/2813/2744 1503/2815/2746
f 1372/2814/2745 1503/2815/2746 1502/2816/2747
f 1393/2817/2748 1507/2818/2749 1394/2810/2741
f 1394/2810/2741 1507/2818/2749 1506/2819/2750
f 1394/2810/2741 1506/2819/2750 1505/2811/2742
f 1392/2820/2751 1509/2821/2752 1393/2817/2748
f 1393/2817/2748 1509/2821/2752 1508/2822/2753
f 1393/2817/2748 1508/2822/2753 1507/2818/2749
f 1509/2821/2752 1392/2820/2751 1510/2823/2754
f 1510/2823/2754 1392/2820/2751 1391/2824/2755
f 1510/2823/2754 1391/2824/2755 1511/2825/2756
f 1511/2825/2756 1391/2824/2755 1512/2826/2757
f 1512/2826/2757 1391/2824/2755 1390/2827/2758
f 1512/2826/2757 1390/2827/2758 1513/2828/2759
f 1513/2828/2759 1390/2827/2758 1514/2829/2760
f 1514/2829/2760 1390/2827/2758 1389/2830/2761
f 1514/2829/2760 1389/2830/2761 1515/2831/2762
f 1515/2831/2762 1389/2830/2761 1516/2832/2763
f 1516/2832/2763 1389/2830/2761 1388/2833/2764
f 1516/2832/2763 1388/2833/2764 1517/2834/2765
f 1517/2834/2765 1388/2833/2764 1387/2835/2766
f 1517/2834/2765 1387/2835/2766 1518/2836/2767
f 1518/2836/2767 1387/2835/2766 1519/2837/2768
f 1519/2837/2768 1387/2835/2766 1386/2838/2769
f 1519/2837/2768 1386/2838/2769 1520/2839/2770
f 1520/2839/2770 1386/2838/2769 1521/2840/2771
f 1521/2840/2771 1386/2838/2769 1385/2841/2772
f 1521/2840/2771 1385/2841/2772 1522/2842/2773
f 1522/2842/2773 1385/2841/2772 1384/2843/2774
f 1522/2842/2773 1384/2843/2774 1523/2844/2775
f 1523/2844/2775 1384/2843/2774 1524/2845/2776
f 1524/2845/2776 1384/2843/2774 1383/2846/2777
f 1524/2845/2776 1383/2846/2777 1484/2847/2778
f 1484/2847/2778 1383/2846/2777 1485/2848/2779
f 1485/2848/2779 1383/2846/2777 1382/2849/2780
f 1485/2848/2779 1382/2849/2780 1486/2850/2781
f 1486/2850/2781 1382/2849/2780 1487/2851/2782
f 1487/2851/2782 1382/2849/2780 1381/2852/2783
f 1487/2851/2782 1381/2852/2783 1488/2853/2784
f 1488/2853/2784 1381/2852/2783 1380/2854/2785
f 1488/2853/2784 1380/2854/2785 1489/2855/2786
f 1489/2855/2786 1380/2854/2785 1490/2856/2787
f 1490/2856/2787 1380/2854/2785 1379/2857/2788
f 1490/2856/2787 1379/2857/2788 1491/2858/2789
f 1491/2858/2789 1379/2857/2788 1492/2859/2790
f 1492/2859/2790 1379/2857/2788 1378/2860/2791
f 1492/2859/2790 1378/2860/2791 1493/2861/2792
f 1493/2861/2792 1378/2860/2791 1377/2862/2793
f 1493/2861/2792 1377/2862/2793 1494/2863/2794
f 1494/2863/2794 1377/2862/2793 1495/2864/2795
f 1495/2864/2795 1377/2862/2793 1376/2865/2796
f 1495/2864/2795 1376/2865/2796 1496/2866/2797
f 1496/2866/2797 1376/2865/2796 1497/2867/2798
f 1497/2867/2798 1376/2865/2796 1375/2868/2799
f 1497/2867/2798 1375/2868/2799 1498/2869/2800
f 1498/2869/2800 1375/2868/2799 1499/2870/2801
f 1499/2870/2801 1375/2868/2799 1374/2871/2802
f 1499/2870/2801 1374/2871/2802 1500/2872/2803
f 1500/2872/2803 1374/2871/2802 1373/2873/2804
f 1500/2872/2803 1373/2873/2804 1501/2874/2805
f 1501/2874/2805 1373/2873/2804 1502/2816/2747
f 1502/2816/2747 1373/2873/2804 1372/2814/2745
g Body1:6

v -17.292443 1.992011 -22.000000
v -17.302666 2.069657 -22.000000
v -17.332636 2.142011 -22.000000
v -17.380311 2.204143 -22.000000
v -17.442443 2.251819 -22.000000
v -17.514798 2.281789 -22.000000
v -17.592443 2.292011 -22.000000
v -17.670089 2.281789 -22.000000
v -17.742443 2.251819 -22.000000
v -17.804575 2.204143 -22.000000
v -17.852251 2.142011 -22.000000
v -17.882221 2.069657 -22.000000
v -17.892443 1.992011 -22.000000
v -17.882221 1.914365 -22.000000
v -17.852251 1.842011 -22.000000
v -17.804575 1.779879 -22.000000
v -17.742443 1.732203 -22.000000
v -17.670089 1.702233 -22.000000
v -17.592443 1.692011 -22.000000
v -17.514798 1.702233 -22.000000
v -17.442443 1.732203 -22.000000
v -17.380311 1.779879 -22.000000
v -17.332636 1.842011 -22.000000
v -17.302666 1.914365 -22.000000
v -17.292443 1.992011 -26.000000
v -17.302666 1.914365 -26.000000
v -17.332636 1.842011 -26.000000
v -17.380311 1.779879 -26.000000
v -17.442443 1.732203 -26.000000
v -17.514798 1.702233 -26.000000
v -17.592443 1.692011 -26.000000
v -17.670089 1.702233 -26.000000
v -17.742443 1.732203 -26.000000
v -17.804575 1.779879 -26.000000
v -17.852251 1.842011 -26.000000
v -17.882221 1.914365 -26.000000
v -17.892443 1.992011 -26.000000
v -17.882221 2.069657 -26.000000
v -17.852251 2.142011 -26.000000
v -17.804575 2.204143 -26.000000
v -17.742443 2.251819 -26.000000
v -17.670089 2.281789 -26.000000
v -17.592443 2.292011 -26.000000
v -17.514798 2.281789 -26.000000
v -17.442443 2.251819 -26.000000
v -17.380311 2.204143 -26.000000
v -17.332636 2.142011 -26.000000
v -17.302666 2.069657 -26.000000
v -17.292443 1.992011 -23.333333
v -17.292443 1.992011 -24.666667
v -17.302666 2.069657 -23.333333
v -17.302666 2.069657 -24.666667
v -17.332636 2.142011 -23.333333
v -17.332636 2.142011 -24.666667
v -17.380311 2.204143 -23.333333
v -17.380311 2.204143 -24.666667
v -17.442443 2.251819 -23.333333
v -17.442443 2.251819 -24.666667
v -17.514798 2.281789 -23.333333
v -17.514798 2.281789 -24.666667
v -17.592443 2.292011 -23.333333
v -17.592443 2.292011 -24.666667
v -17.670089 2.281789 -23.333333
v -17.670089 2.281789 -24.666667
v -17.742443 2.251819 -23.333333
v -17.742443 2.251819 -24.666667
v -17.804575 2.204143 -23.333333
v -17.804575 2.204143 -24.666667
v -17.852251 2.142011 -23.333333
v -17.852251 2.142011 -24.666667
v -17.882221 2.069657 -23.333333
v -17.882221 2.069657 -24.666667
v -17.892443 1.992011 -23.333333
v -17.892443 1.992011 -24.666667
v -17.882221 1.914365 -23.333333
v -17.882221 1.914365 -24.666667
v -17.852251 1.842011 -23.333333
v -17.852251 1.842011 -24.666667
v -17.804575 1.779879 -23.333333
v -17.804575 1.779879 -24.666667
v -17.742443 1.732203 -23.333333
v -17.742443 1.732203 -24.666667
v -17.670089 1.702233 -23.333333
v -17.670089 1.702233 -24.666667
v -17.592443 1.692011 -23.333333
v -17.592443 1.692011 -24.666667
v -17.514798 1.702233 -23.333333
v -17.514798 1.702233 -24.666667
v -17.442443 1.732203 -23.333333
v -17.442443 1.732203 -24.666667
v -17.380311 1.779879 -23.333333
v -17.380311 1.779879 -24.666667
v -17.332636 1.842011 -23.333333
v -17.332636 1.842011 -24.666667
v -17.302666 1.914365 -23.333333
v -17.302666 1.914365 -24.666667
v -21.092443 1.992011 -22.000000
v -21.051425 2.526283 -22.000000
v -20.929331 3.048033 -22.000000
v -20.729023 3.545030 -22.000000
v -20.455196 4.005626 -22.000000
v -20.114269 4.419025 -22.000000
v -19.714232 4.775536 -22.000000
v -19.264463 5.066804 -22.000000
v -18.775502 5.286001 -22.000000
v -18.258812 5.427990 -22.000000
v -17.726503 5.489443 -22.000000
v -17.191051 5.468918 -22.000000
v -16.665008 5.366898 -22.000000
v -16.160703 5.185774 -22.000000
v -15.689957 4.929790 -22.000000
v -15.263803 4.604947 -22.000000
v -14.892231 4.218859 -22.000000
v -14.583950 3.780576 -22.000000
v -14.346185 3.300371 -22.000000
v -14.184509 2.789498 -22.000000
v -14.102713 2.259933 -22.000000
v -14.102713 1.724089 -22.000000
v -14.184509 1.194524 -22.000000
v -14.346185 0.683651 -22.000000
v -14.583950 0.203446 -22.000000
v -14.892231 -0.234838 -22.000000
v -15.263803 -0.620925 -22.000000
v -15.689957 -0.945768 -22.000000
v -16.160703 -1.201752 -22.000000
v -16.665008 -1.382876 -22.000000
v -17.191051 -1.484896 -22.000000
v -17.726503 -1.505421 -22.000000
v -18.258812 -1.443968 -22.000000
v -18.775502 -1.301979 -22.000000
v -19.264463 -1.082782 -22.000000
v -19.714232 -0.791514 -22.000000
v -20.114269 -0.435003 -22.000000
v -20.455196 -0.021604 -22.000000
v -20.729023 0.438991 -22.000000
v -20.929331 0.935989 -22.000000
v -21.051425 1.457738 -22.000000
v -21.092443 1.992011 -26.000000
v -21.051425 1.457738 -26.000000
v -20.929331 0.935989 -26.000000
v -20.729023 0.438991 -26.000000
v -20.455196 -0.021604 -26.000000
v -20.114269 -0.435003 -26.000000
v -19.714232 -0.791514 -26.000000
v -19.264463 -1.082782 -26.000000
v -18.775502 -1.301979 -26.000000
v -18.258812 -1.443968 -26.000000
v -17.726503 -1.505421 -26.000000
v -17.191051 -1.484896 -26.000000
v -16.665008 -1.382876 -26.000000
v -16.160703 -1.201752 -26.000000
v -15.689957 -0.945768 -26.000000
v -15.263803 -0.620925 -26.000000
v -14.892231 -0.234838 -26.000000
v -14.583950 0.203446 -26.000000
v -14.346185 0.683651 -26.000000
v -14.184509 1.194524 -26.000000
v -14.102713 1.724089 -26.000000
v -14.102713 2.259933 -26.000000
v -14.184509 2.789498 -26.000000
v -14.346185 3.300371 -26.000000
v -14.583950 3.780576 -26.000000
v -14.892231 4.218859 -26.000000
v -15.263803 4.604947 -26.000000
v -15.689957 4.929790 -26.000000
v -16.160703 5.185774 -26.000000
v -16.665008 5.366898 -26.000000
v -17.191051 5.468918 -26.000000
v -17.726503 5.489443 -26.000000
v -18.258812 5.427990 -26.000000
v -18.775502 5.286001 -26.000000
v -19.264463 5.066804 -26.000000
v -19.714232 4.775536 -26.000000
v -20.114269 4.419025 -26.000000
v -20.455196 4.005626 -26.000000
v -20.729023 3.545030 -26.000000
v -20.929331 3.048033 -26.000000
v -21.051425 2.526283 -26.000000
vt 4.000000 -0.863938 0.000000
vt 2.666667 -0.863938 0.000000
vt 4.000000 -0.942478 0.000000
vt 2.666667 -0.942478 0.000000
vt 4.000000 0.942478 0.000000
vt 2.666667 0.942478 0.000000
vt 4.000000 0.863938 0.000000
vt 2.666667 0.863938 0.000000
vt 4.000000 0.785398 0.000000
vt 2.666667 0.785398 0.000000
vt 4.000000 0.706858 0.000000
vt 2.666667 0.706858 0.000000
vt 4.000000 0.628319 0.000000
vt 2.666667 0.628319 0.000000
vt 4.000000 0.549779 0.000000
vt 2.666667 0.549779 0.000000
vt 4.000000 0.471239 0.000000
vt 2.666667 0.471239 0.000000
vt 4.000000 0.392699 0.000000
vt 2.666667 0.392699 0.000000
vt 4.000000 0.314159 0.000000
vt 2.666667 0.314159 0.000000
vt 4.000000 0.235619 0.000000
vt 2.666667 0.235619 0.000000
vt 4.000000 0.157080 0.000000
vt 2.666667 0.157080 0.000000
vt 4.000000 0.078540 0.000000
vt 2.666667 0.078540 0.000000
vt 4.000000 0.000000 0.000000
vt 2.666667 0.000000 0.000000
vt 4.000000 -0.078540 0.000000
vt 2.666667 -0.078540 0.000000
vt 4.000000 -0.157080 0.000000
vt 2.666667 -0.157080 0.000000
vt 4.000000 -0.235619 0.000000
vt 2.666667 -0.235619 0.000000
vt 4.000000 -0.314159 0.000000
vt 2.666667 -0.314159 0.000000
vt 4.000000 -0.392699 0.000000
vt 2.666667 -0.392699 0.000000
vt 4.000000 -0.471239 0.000000
vt 2.666667 -0.471239 0.000000
vt 4.000000 -0.549779 0.000000
vt 2.666667 -0.549779 0.000000
vt 4.000000 -0.628319 0.000000
vt 2.666667 -0.628319 0.000000
vt 4.000000 -0.706858 0.000000
vt 2.666667 -0.706858 0.000000
vt 4.000000 -0.785398 0.000000
vt 2.666667 -0.785398 0.000000
vt 0.000000 0.863938 0.000000
vt 1.333333 0.863938 0.000000
vt 0.000000 0.942478 0.000000
vt 1.333333 0.942478 0.000000
vt 0.000000 -0.942478 0.000000
vt 1.333333 -0.942478 0.000000
vt 0.000000 -0.863938 0.000000
vt 1.333333 -0.863938 0.000000
vt 0.000000 -0.785398 0.000000
vt 1.333333 -0.785398 0.000000
vt 0.000000 -0.706858 0.000000
vt 1.333333 -0.706858 0.000000
vt 0.000000 -0.628319 0.000000
vt 1.333333 -0.628319 0.000000
vt 0.000000 -0.549779 0.000000
vt 1.333333 -0.549779 0.000000
vt 0.000000 -0.471239 0.000000
vt 1.333333 -0.471239 0.000000
vt 0.000000 -0.392699 0.000000
vt 1.333333 -0.392699 0.000000
vt 0.000000 -0.314159 0.000000
vt 1.333333 -0.314159 0.000000
vt 0.000000 -0.235619 0.000000
vt 1.333333 -0.235619 0.000000
vt 0.000000 -0.157080 0.000000
vt 1.333333 -0.157080 0.000000
vt 0.000000 -0.078540 0.000000
vt 1.333333 -0.078540 0.000000
vt 0.000000 0.000000 0.000000
vt 1.333333 0.000000 0.000000
vt 0.000000 0.078540 0.000000
vt 1.333333 0.078540 0.000000
vt 0.000000 0.157080 0.000000
vt 1.333333 0.157080 0.000000
vt 0.000000 0.235619 0.000000
vt 1.333333 0.235619 0.000000
vt 0.000000 0.314159 0.000000
vt 1.333333 0.314159 0.000000
vt 0.000000 0.392699 0.000000
vt 1.333333 0.392699 0.000000
vt 0.000000 0.471239 0.000000
vt 1.333333 0.471239 0.000000
vt 0.000000 0.549779 0.000000
vt 1.333333 0.549779 0.000000
vt 0.000000 0.628319 0.000000
vt 1.333333 0.628319 0.000000
vt 0.000000 0.706858 0.000000
vt 1.333333 0.706858 0.000000
vt 0.000000 0.785398 0.000000
vt 1.333333 0.785398 0.000000
vt -4.000000 10.459205 0.000000
vt -0.000000 10.459205 0.000000
vt -4.000000 10.995574 0.000000
vt -0.000000 10.995574 0.000000
vt -4.000000 -10.995574 0.000000
vt -0.000000 -10.995574 0.000000
vt -4.000000 -10.459205 0.000000
vt -0.000000 -10.459205 0.000000
vt -4.000000 -9.922835 0.000000
vt -0.000000 -9.922835 0.000000
vt -4.000000 -9.386466 0.000000
vt -0.000000 -9.386466 0.000000
vt -4.000000 -8.850096 0.000000
vt -0.000000 -8.850096 0.000000
vt -4.000000 -8.313727 0.000000
vt -0.000000 -8.313727 0.000000
vt -4.000000 -7.777357 0.000000
vt -0.000000 -7.777357 0.000000
vt -4.000000 -7.240988 0.000000
vt -0.000000 -7.240988 0.000000
vt -4.000000 -6.704618 0.000000
vt -0.000000 -6.704618 0.000000
vt -4.000000 -6.168249 0.000000
vt -0.000000 -6.168249 0.000000
vt -4.000000 -5.631880 0.000000
vt -0.000000 -5.631880 0.000000
vt -4.000000 -5.095510 0.000000
vt -0.000000 -5.095510 0.000000
vt -4.000000 -4.559141 0.000000
vt -0.000000 -4.559141 0.000000
vt -4.000000 -4.022771 0.000000
vt -0.000000 -4.022771 0.000000
vt -4.000000 -3.486402 0.000000
vt -0.000000 -3.486402 0.000000
vt -4.000000 -2.950032 0.000000
vt -0.000000 -2.950032 0.000000
vt -4.000000 -2.413663 0.000000
vt -0.000000 -2.413663 0.000000
vt -4.000000 -1.877293 0.000000
vt -0.000000 -1.877293 0.000000
vt -4.000000 -1.340924 0.000000
vt -0.000000 -1.340924 0.000000
vt -4.000000 -0.804554 0.000000
vt -0.000000 -0.804554 0.000000
vt -4.000000 -0.268185 0.000000
vt -0.000000 -0.268185 0.000000
vt -4.000000 0.268185 0.000000
vt -0.000000 0.268185 0.000000
vt -4.000000 0.804554 0.000000
vt -0.000000 0.804554 0.000000
vt -4.000000 1.340924 0.000000
vt -0.000000 1.340924 0.000000
vt -4.000000 1.877293 0.000000
vt -0.000000 1.877293 0.000000
vt -4.000000 2.413663 0.000000
vt -0.000000 2.413663 0.000000
vt -4.000000 2.950032 0.000000
vt -0.000000 2.950032 0.000000
vt -4.000000 3.486402 0.000000
vt -0.000000 3.486402 0.000000
vt -4.000000 4.022771 0.000000
vt -0.000000 4.022771 0.000000
vt -4.000000 4.559141 0.000000
vt -0.000000 4.559141 0.000000
vt -4.000000 5.095510 0.000000
vt -0.000000 5.095510 0.000000
vt -4.000000 5.631880 0.000000
vt -0.000000 5.631880 0.000000
vt -4.000000 6.168249 0.000000
vt -0.000000 6.168249 0.000000
vt -4.000000 6.704618 0.000000
vt -0.000000 6.704618 0.000000
vt -4.000000 7.240988 0.000000
vt -0.000000 7.240988 0.000000
vt -4.000000 7.777357 0.000000
vt -0.000000 7.777357 0.000000
vt -4.000000 8.313727 0.000000
vt -0.000000 8.313727 0.000000
vt -4.000000 8.850096 0.000000
vt -0.000000 8.850096 0.000000
vt -4.000000 9.386466 0.000000
vt -0.000000 9.386466 0.000000
vt -4.000000 9.922835 0.000000
vt -0.000000 9.922835 0.000000
vt 0.289778 -0.077646 0.000000
vt 3.489730 -0.267922 0.000000
vt 0.300000 0.000000 0.000000
vt 3.489730 0.267922 0.000000
vt 0.289778 0.077646 0.000000
vt 3.407934 0.797487 0.000000
vt 3.246259 1.308360 0.000000
vt 0.259808 -0.150000 0.000000
vt 3.246259 -1.308360 0.000000
vt 3.407934 -0.797487 0.000000
vt 0.212132 -0.212132 0.000000
vt 2.700212 -2.226849 0.000000
vt 3.008494 -1.788565 0.000000
vt 2.328640 -2.612936 0.000000
vt 0.150000 -0.259808 0.000000
vt 1.902486 -2.937779 0.000000
vt 1.431740 -3.193763 0.000000
vt 0.077646 -0.289778 0.000000
vt 0.927435 -3.374887 0.000000
vt 0.401392 -3.476907 0.000000
vt 0.000000 -0.300000 0.000000
vt -0.134060 -3.497432 0.000000
vt -0.666369 -3.435979 0.000000
vt -0.077646 -0.289778 0.000000
vt -1.183059 -3.293990 0.000000
vt -0.150000 -0.259808 0.000000
vt -1.672019 -3.074793 0.000000
vt -2.121789 -2.783525 0.000000
vt -2.521826 -2.427014 0.000000
vt -0.212132 -0.212132 0.000000
vt -2.862753 -2.013615 0.000000
vt -0.259808 -0.150000 0.000000
vt -3.136579 -1.553019 0.000000
vt -0.289778 -0.077646 0.000000
vt -3.336887 -1.056022 0.000000
vt -3.458981 -0.534272 0.000000
vt -0.300000 0.000000 0.000000
vt -3.500000 0.000000 0.000000
vt -3.458981 0.534272 0.000000
vt -0.289778 0.077646 0.000000
vt -3.336887 1.056022 0.000000
vt -3.136579 1.553019 0.000000
vt -0.259808 0.150000 0.000000
vt -2.862753 2.013615 0.000000
vt -0.212132 0.212132 0.000000
vt -2.521826 2.427014 0.000000
vt -2.121789 2.783525 0.000000
vt -0.150000 0.259808 0.000000
vt -1.672019 3.074793 0.000000
vt -1.183059 3.293990 0.000000
vt -0.077646 0.289778 0.000000
vt -0.666369 3.435979 0.000000
vt 0.000000 0.300000 0.000000
vt -0.134060 3.497432 0.000000
vt 0.401392 3.476907 0.000000
vt 0.077646 0.289778 0.000000
vt 0.927435 3.374887 0.000000
vt 1.431740 3.193763 0.000000
vt 0.150000 0.259808 0.000000
vt 1.902486 2.937779 0.000000
vt 2.328640 2.612936 0.000000
vt 0.212132 0.212132 0.000000
vt 2.700212 2.226849 0.000000
vt 0.259808 0.150000 0.000000
vt 3.008494 1.788565 0.000000
vt -0.289778 0.077646 0.000000
vt -3.489730 0.267922 0.000000
vt -0.300000 0.000000 0.000000
vt -3.489730 -0.267922 0.000000
vt -0.289778 -0.077646 0.000000
vt -3.407934 -0.797487 0.000000
vt -3.246259 -1.308360 0.000000
vt -0.259808 0.150000 0.000000
vt -3.246259 1.308360 0.000000
vt -3.407934 0.797487 0.000000
vt -0.212132 0.212132 0.000000
vt -2.700212 2.226849 0.000000
vt -3.008494 1.788565 0.000000
vt -2.328640 2.612936 0.000000
vt -0.150000 0.259808 0.000000
vt -1.902486 2.937779 0.000000
vt -1.431740 3.193763 0.000000
vt -0.077646 0.289778 0.000000
vt -0.927435 3.374887 0.000000
vt -0.401392 3.476907 0.000000
vt -0.000000 0.300000 0.000000
vt 0.134060 3.497432 0.000000
vt 0.666369 3.435979 0.000000
vt 0.077646 0.289778 0.000000
vt 1.183059 3.293990 0.000000
vt 0.150000 0.259808 0.000000
vt 1.672019 3.074793 0.000000
vt 2.121789 2.783525 0.000000
vt 0.212132 0.212132 0.000000
vt 2.521826 2.427014 0.000000
vt 2.862753 2.013615 0.000000
vt 0.259808 0.150000 0.000000
vt 3.136579 1.553019 0.000000
vt 0.289778 0.077646 0.000000
vt 3.336887 1.056022 0.000000
vt 3.458981 0.534272 0.000000
vt 0.300000 0.000000 0.000000
vt 3.500000 0.000000 0.000000
vt 3.458981 -0.534272 0.000000
vt 0.289778 -0.077646 0.000000
vt 3.336887 -1.056022 0.000000
vt 3.136579 -1.553019 0.000000
vt 0.259808 -0.150000 0.000000
vt 2.862753 -2.013615 0.000000
vt 0.212132 -0.212132 0.000000
vt 2.521826 -2.427014 0.000000
vt 2.121789 -2.783525 0.000000
vt 0.150000 -0.259808 0.000000
vt 1.672019 -3.074793 0.000000
vt 1.183059 -3.293990 0.000000
vt 0.077646 -0.289778 0.000000
vt 0.666369 -3.435979 0.000000
vt -0.000000 -0.300000 0.000000
vt 0.134060 -3.497432 0.000000
vt -0.401392 -3.476907 0.000000
vt -0.077646 -0.289778 0.000000
vt -0.927435 -3.374887 0.000000
vt -1.431740 -3.193763 0.000000
vt -0.150000 -0.259808 0.000000
vt -1.902486 -2.937779 0.000000
vt -2.328640 -2.612936 0.000000
vt -0.212132 -0.212132 0.000000
vt -2.700212 -2.226849 0.000000
vt -0.259808 -0.150000 0.000000
vt -3.008494 -1.788565 0.000000
vn -0.965926 -0.258819 0.000000
vn -0.965926 -0.258819 0.000000
vn -1.000000 -0.000000 0.000000
vn -1.000000 -0.000000 0.000000
vn -0.965926 0.258819 0.000000
vn -0.965926 0.258819 0.000000
vn -0.866025 0.500000 0.000000
vn -0.866025 0.500000 0.000000
vn -0.707107 0.707107 0.000000
vn -0.707107 0.707107 0.000000
vn -0.500000 0.866025 0.000000
vn -0.500000 0.866025 0.000000
vn -0.258819 0.965926 0.000000
vn -0.258819 0.965926 0.000000
vn 0.000000 1.000000 -0.000000
vn 0.000000 1.000000 -0.000000
vn 0.258819 0.965926 -0.000000
vn 0.258819 0.965926 -0.000000
vn 0.500000 0.866025 -0.000000
vn 0.500000 0.866025 -0.000000
vn 0.707107 0.707107 -0.000000
vn 0.707107 0.707107 -0.000000
vn 0.866025 0.500000 -0.000000
vn 0.866025 0.500000 -0.000000
vn 0.965926 0.258819 -0.000000
vn 0.965926 0.258819 -0.000000
vn 1.000000 0.000000 -0.000000
vn 1.000000 0.000000 -0.000000
vn 0.965926 -0.258819 0.000000
vn 0.965926 -0.258819 0.000000
vn 0.866025 -0.500000 0.000000
vn 0.866025 -0.500000 0.000000
vn 0.707107 -0.707107 0.000000
vn 0.707107 -0.707107 0.000000
vn 0.500000 -0.866025 0.000000
vn 0.500000 -0.866025 0.000000
vn 0.258819 -0.965926 0.000000
vn 0.258819 -0.965926 0.000000
vn 0.000000 -1.000000 0.000000
vn 0.000000 -1.000000 0.000000
vn -0.258819 -0.965926 0.000000
vn -0.258819 -0.965926 0.000000
vn -0.500000 -0.866025 0.000000
vn -0.500000 -0.866025 0.000000
vn -0.707107 -0.707107 0.000000
vn -0.707107 -0.707107 0.000000
vn -0.866025 -0.500000 0.000000
vn -0.866025 -0.500000 0.000000
vn -0.965926 0.258819 0.000000
vn -0.965926 0.258819 0.000000
vn -1.000000 0.000000 0.000000
vn -1.000000 0.000000 0.000000
vn -0.965926 -0.258819 0.000000
vn -0.965926 -0.258819 0.000000
vn -0.866025 -0.500000 0.000000
vn -0.866025 -0.500000 0.000000
vn -0.707107 -0.707107 0.000000
vn -0.707107 -0.707107 0.000000
vn -0.500000 -0.866025 0.000000
vn -0.500000 -0.866025 0.000000
vn -0.258819 -0.965926 0.000000
vn -0.258819 -0.965926 0.000000
vn 0.000000 -1.000000 0.000000
vn 0.000000 -1.000000 0.000000
vn 0.258819 -0.965926 0.000000
vn 0.258819 -0.965926 0.000000
vn 0.500000 -0.866025 0.000000
vn 0.500000 -0.866025 0.000000
vn 0.707107 -0.707107 0.000000
vn 0.707107 -0.707107 0.000000
vn 0.866025 -0.500000 0.000000
vn 0.866025 -0.500000 0.000000
vn 0.965926 -0.258819 0.000000
vn 0.965926 -0.258819 0.000000
vn 1.000000 0.000000 -0.000000
vn 1.000000 0.000000 -0.000000
vn 0.965926 0.258819 -0.000000
vn 0.965926 0.258819 -0.000000
vn 0.866025 0.500000 -0.000000
vn 0.866025 0.500000 -0.000000
vn 0.707107 0.707107 -0.000000
vn 0.707107 0.707107 -0.000000
vn 0.500000 0.866025 -0.000000
vn 0.500000 0.866025 -0.000000
vn 0.258819 0.965926 -0.000000
vn 0.258819 0.965926 -0.000000
vn 0.000000 1.000000 -0.000000
vn 0.000000 1.000000 -0.000000
vn -0.258819 0.965926 0.000000
vn -0.258819 0.965926 0.000000
vn -0.500000 0.866025 0.000000
vn -0.500000 0.866025 0.000000
vn -0.707107 0.707107 0.000000
vn -0.707107 0.707107 0.000000
vn -0.866025 0.500000 0.000000
vn -0.866025 0.500000 0.000000
vn -0.988280 0.152649 -0.000000
vn -0.988280 0.152649 -0.000000
vn -1.000000 0.000000 -0.000000
vn -1.000000 0.000000 -0.000000
vn -0.988280 -0.152649 0.000000
vn -0.988280 -0.152649 0.000000
vn -0.953396 -0.301721 0.000000
vn -0.953396 -0.301721 0.000000
vn -0.896166 -0.443720 0.000000
vn -0.896166 -0.443720 0.000000
vn -0.817929 -0.575319 0.000000
vn -0.817929 -0.575319 0.000000
vn -0.720522 -0.693433 0.000000
vn -0.720522 -0.693433 0.000000
vn -0.606225 -0.795293 0.000000
vn -0.606225 -0.795293 0.000000
vn -0.477720 -0.878512 0.000000
vn -0.477720 -0.878512 0.000000
vn -0.338017 -0.941140 0.000000
vn -0.338017 -0.941140 0.000000
vn -0.190391 -0.981708 0.000000
vn -0.190391 -0.981708 0.000000
vn -0.038303 -0.999266 0.000000
vn -0.038303 -0.999266 0.000000
vn 0.114683 -0.993402 -0.000000
vn 0.114683 -0.993402 -0.000000
vn 0.264982 -0.964253 -0.000000
vn 0.264982 -0.964253 -0.000000
vn 0.409069 -0.912504 -0.000000
vn 0.409069 -0.912504 -0.000000
vn 0.543568 -0.839365 -0.000000
vn 0.543568 -0.839365 -0.000000
vn 0.665326 -0.746553 -0.000000
vn 0.665326 -0.746553 -0.000000
vn 0.771489 -0.636242 -0.000000
vn 0.771489 -0.636242 -0.000000
vn 0.859570 -0.511019 -0.000000
vn 0.859570 -0.511019 -0.000000
vn 0.927502 -0.373817 -0.000000
vn 0.927502 -0.373817 -0.000000
vn 0.973695 -0.227854 -0.000000
vn 0.973695 -0.227854 -0.000000
vn 0.997066 -0.076549 -0.000000
vn 0.997066 -0.076549 -0.000000
vn 0.997066 0.076549 -0.000000
vn 0.997066 0.076549 -0.000000
vn 0.973695 0.227854 -0.000000
vn 0.973695 0.227854 -0.000000
vn 0.927502 0.373817 -0.000000
vn 0.927502 0.373817 -0.000000
vn 0.859570 0.511019 -0.000000
vn 0.859570 0.511019 -0.000000
vn 0.771489 0.636242 -0.000000
vn 0.771489 0.636242 -0.000000
vn 0.665326 0.746553 -0.000000
vn 0.665326 0.746553 -0.000000
vn 0.543568 0.839365 -0.000000
vn 0.543568 0.839365 -0.000000
vn 0.409069 0.912504 -0.000000
vn 0.409069 0.912504 -0.000000
vn 0.264982 0.964253 -0.000000
vn 0.264982 0.964253 -0.000000
vn 0.114683 0.993402 -0.000000
vn 0.114683 0.993402 -0.000000
vn -0.038303 0.999266 -0.000000
vn -0.038303 0.999266 -0.000000
vn -0.190391 0.981708 -0.000000
vn -0.190391 0.981708 -0.000000
vn -0.338017 0.941140 -0.000000
vn -0.338017 0.941140 -0.000000
vn -0.477720 0.878512 -0.000000
vn -0.477720 0.878512 -0.000000
vn -0.606225 0.795293 -0.000000
vn -0.606225 0.795293 -0.000000
vn -0.720522 0.693433 -0.000000
vn -0.720522 0.693433 -0.000000
vn -0.817929 0.575319 -0.000000
vn -0.817929 0.575319 -0.000000
vn -0.896166 0.443720 -0.000000
vn -0.896166 0.443720 -0.000000
vn -0.953396 0.301721 -0.000000
vn -0.953396 0.301721 -0.000000
vn 0.000000 0.000000 1.000000
vn 0.000000 0.000000 1.000000
vn 0.000000 0.000000 1.000000
vn 0.000000 0.000000 1.000000
vn 0.000000 0.000000 1.000000
vn 0.000000 0.000000 1.000000
vn 0.000000 0.000000 1.000000
vn 0.000000 0.000000 1.000000
vn 0.000000 0.000000 1.000000
vn 0.000000 0.000000 1.000000
vn 0.000000 0.000000 1.000000
vn 0.000000 0.000000 1.000000
vn 0.000000 0.000000 1.000000
vn 0.000000 0.000000 1.000000
vn 0.000000 0.000000 1.000000
vn 0.000000 0.000000 1.000000
vn 0.000000 0.000000 1.000000
vn 0.000000 0.000000 1.000000
vn 0.000000 0.000000 1.000000
vn 0.000000 0.000000 1.000000
vn 0.000000 0.000000 1.000000
vn 0.000000 0.000000 1.000000
vn 0.000000 0.000000 1.000000
vn 0.000000 0.000000 1.000000
vn 0.000000 0.000000 1.000000
vn 0.000000 0.000000 1.000000
vn 0.000000 0.000000 1.000000
vn 0.000000 0.000000 1.000000
vn 0.000000 0.000000 1.000000
vn 0.000000 0.000000 1.000000
vn 0.000000 0.000000 1.000000
vn 0.000000 0.000000 1.000000
vn 0.000000 0.000000 1.000000
vn 0.000000 0.000000 1.000000
vn 0.000000 0.000000 1.000000
vn 0.000000 0.000000 1.000000
vn 0.000000 0.000000 1.000000
vn 0.000000 0.000000 1.000000
vn 0.000000 0.000000 1.000000
vn 0.000000 0.000000 1.000000
vn 0.000000 0.000000 1.000000
vn 0.000000 0.000000 1.000000
vn 0.000000 0.000000 1.000000
vn 0.000000 0.000000 1.000000
vn 0.000000 0.000000 1.000000
vn 0.000000 0.000000 1.000000
vn 0.000000 0.000000 1.000000
vn 0.000000 0.000000 1.000000
vn 0.000000 0.000000 1.000000
vn 0.000000 0.000000 1.000000
vn 0.000000 0.000000 1.000000
vn 0.000000 0.000000 1.000000
vn 0.000000 0.000000 1.000000
vn 0.000000 0.000000 1.000000
vn 0.000000 0.000000 1.000000
vn 0.000000 0.000000 1.000000
vn 0.000000 0.000000 1.000000
vn 0.000000 0.000000 1.000000
vn 0.000000 0.000000 1.000000
vn 0.000000 0.000000 1.000000
vn 0.000000 0.000000 1.000000
vn 0.000000 0.000000 1.000000
vn 0.000000 0.000000 1.000000
vn 0.000000 0.000000 1.000000
vn 0.000000 0.000000 1.000000
vn -0.000000 -0.000000 -1.000000
vn -0.000000 -0.000000 -1.000000
vn -0.000000 -0.000000 -1.000000
vn -0.000000 -0.000000 -1.000000
vn -0.000000 -0.000000 -1.000000
vn -0.000000 -0.000000 -1.000000
vn -0.000000 -0.000000 -1.000000
vn -0.000000 -0.000000 -1.000000
vn -0.000000 -0.000000 -1.000000
vn -0.000000 -0.000000 -1.000000
vn -0.000000 -0.000000 -1.000000
vn -0.000000 -0.000000 -1.000000
vn -0.000000 -0.000000 -1.000000
vn -0.000000 -0.000000 -1.000000
vn -0.000000 -0.000000 -1.000000
vn -0.000000 -0.000000 -1.000000
vn -0.000000 -0.000000 -1.000000
vn -0.000000 -0.000000 -1.000000
vn -0.000000 -0.000000 -1.000000
vn -0.000000 -0.000000 -1.000000
vn -0.000000 -0.000000 -1.000000
vn -0.000000 -0.000000 -1.000000
vn -0.000000 -0.000000 -1.000000
vn -0.000000 -0.000000 -1.000000
vn -0.000000 -0.000000 -1.000000
vn -0.000000 -0.000000 -1.000000
vn -0.000000 -0.000000 -1.000000
vn -0.000000 -0.000000 -1.000000
vn -0.000000 -0.000000 -1.000000
vn -0.000000 -0.000000 -1.000000
vn -0.000000 -0.000000 -1.000000
vn -0.000000 -0.000000 -1.000000
vn -0.000000 -0.000000 -1.000000
vn -0.000000 -0.000000 -1.000000
vn -0.000000 -0.000000 -1.000000
vn -0.000000 -0.000000 -1.000000
vn -0.000000 -0.000000 -1.000000
vn -0.000000 -0.000000 -1.000000
vn -0.000000 -0.000000 -1.000000
vn -0.000000 -0.000000 -1.000000
vn -0.000000 -0.000000 -1.000000
vn -0.000000 -0.000000 -1.000000
vn -0.000000 -0.000000 -1.000000
vn -0.000000 -0.000000 -1.000000
vn -0.000000 -0.000000 -1.000000
vn -0.000000 -0.000000 -1.000000
vn -0.000000 -0.000000 -1.000000
vn -0.000000 -0.000000 -1.000000
vn -0.000000 -0.000000 -1.000000
vn -0.000000 -0.000000 -1.000000
vn -0.000000 -0.000000 -1.000000
vn -0.000000 -0.000000 -1.000000
vn -0.000000 -0.000000 -1.000000
vn -0.000000 -0.000000 -1.000000
vn -0.000000 -0.000000 -1.000000
vn -0.000000 -0.000000 -1.000000
vn -0.000000 -0.000000 -1.000000
vn -0.000000 -0.000000 -1.000000
vn -0.000000 -0.000000 -1.000000
vn -0.000000 -0.000000 -1.000000
vn -0.000000 -0.000000 -1.000000
vn -0.000000 -0.000000 -1.000000
vn -0.000000 -0.000000 -1.000000
vn -0.000000 -0.000000 -1.000000
vn -0.000000 -0.000000 -1.000000
f 1526/2875/2806 1575/2876/2807 1525/2877/2808
f 1525/2877/2808 1575/2876/2807 1573/2878/2809
f 1525/2879/2808 1573/2880/2809 1548/2881/2810
f 1548/2881/2810 1573/2880/2809 1619/2882/2811
f 1548/2881/2810 1619/2882/2811 1547/2883/2812
f 1547/2883/2812 1619/2882/2811 1617/2884/2813
f 1547/2883/2812 1617/2884/2813 1546/2885/2814
f 1546/2885/2814 1617/2884/2813 1615/2886/2815
f 1546/2885/2814 1615/2886/2815 1545/2887/2816
f 1545/2887/2816 1615/2886/2815 1613/2888/2817
f 1545/2887/2816 1613/2888/2817 1544/2889/2818
f 1544/2889/2818 1613/2888/2817 1611/2890/2819
f 1544/2889/2818 1611/2890/2819 1543/2891/2820
f 1543/2891/2820 1611/2890/2819 1609/2892/2821
f 1543/2891/2820 1609/2892/2821 1542/2893/2822
f 1542/2893/2822 1609/2892/2821 1607/2894/2823
f 1542/2893/2822 1607/2894/2823 1541/2895/2824
f 1541/2895/2824 1607/2894/2823 1605/2896/2825
f 1541/2895/2824 1605/2896/2825 1540/2897/2826
f 1540/2897/2826 1605/2896/2825 1603/2898/2827
f 1540/2897/2826 1603/2898/2827 1539/2899/2828
f 1539/2899/2828 1603/2898/2827 1601/2900/2829
f 1539/2899/2828 1601/2900/2829 1538/2901/2830
f 1538/2901/2830 1601/2900/2829 1599/2902/2831
f 1538/2901/2830 1599/2902/2831 1537/2903/2832
f 1537/2903/2832 1599/2902/2831 1597/2904/2833
f 1537/2903/2832 1597/2904/2833 1536/2905/2834
f 1536/2905/2834 1597/2904/2833 1595/2906/2835
f 1536/2905/2834 1595/2906/2835 1535/2907/2836
f 1535/2907/2836 1595/2906/2835 1593/2908/2837
f 1535/2907/2836 1593/2908/2837 1534/2909/2838
f 1534/2909/2838 1593/2908/2837 1591/2910/2839
f 1534/2909/2838 1591/2910/2839 1533/2911/2840
f 1533/2911/2840 1591/2910/2839 1589/2912/2841
f 1533/2911/2840 1589/2912/2841 1532/2913/2842
f 1532/2913/2842 1589/2912/2841 1587/2914/2843
f 1532/2913/2842 1587/2914/2843 1531/2915/2844
f 1531/2915/2844 1587/2914/2843 1585/2916/2845
f 1531/2915/2844 1585/2916/2845 1530/2917/2846
f 1530/2917/2846 1585/2916/2845 1583/2918/2847
f 1530/2917/2846 1583/2918/2847 1529/2919/2848
f 1529/2919/2848 1583/2918/2847 1581/2920/2849
f 1529/2919/2848 1581/2920/2849 1528/2921/2850
f 1528/2921/2850 1581/2920/2849 1579/2922/2851
f 1528/2921/2850 1579/2922/2851 1527/2923/2852
f 1527/2923/2852 1579/2922/2851 1577/2924/2853
f 1527/2923/2852 1577/2924/2853 1526/2875/2806
f 1526/2875/2806 1577/2924/2853 1575/2876/2807
f 1550/2925/2854 1620/2926/2855 1549/2927/2856
f 1549/2927/2856 1620/2926/2855 1574/2928/2857
f 1549/2929/2856 1574/2930/2857 1572/2931/2858
f 1572/2931/2858 1574/2930/2857 1576/2932/2859
f 1572/2931/2858 1576/2932/2859 1571/2933/2860
f 1571/2933/2860 1576/2932/2859 1578/2934/2861
f 1571/2933/2860 1578/2934/2861 1570/2935/2862
f 1570/2935/2862 1578/2934/2861 1580/2936/2863
f 1570/2935/2862 1580/2936/2863 1569/2937/2864
f 1569/2937/2864 1580/2936/2863 1582/2938/2865
f 1569/2937/2864 1582/2938/2865 1568/2939/2866
f 1568/2939/2866 1582/2938/2865 1584/2940/2867
f 1568/2939/2866 1584/2940/2867 1567/2941/2868
f 1567/2941/2868 1584/2940/2867 1586/2942/2869
f 1567/2941/2868 1586/2942/2869 1566/2943/2870
f 1566/2943/2870 1586/2942/2869 1588/2944/2871
f 1566/2943/2870 1588/2944/2871 1565/2945/2872
f 1565/2945/2872 1588/2944/2871 1590/2946/2873
f 1565/2945/2872 1590/2946/2873 1564/2947/2874
f 1564/2947/2874 1590/2946/2873 1592/2948/2875
f 1564/2947/2874 1592/2948/2875 1563/2949/2876
f 1563/2949/2876 1592/2948/2875 1594/2950/2877
f 1563/2949/2876 1594/2950/2877 1562/2951/2878
f 1562/2951/2878 1594/2950/2877 1596/2952/2879
f 1562/2951/2878 1596/2952/2879 1561/2953/2880
f 1561/2953/2880 1596/2952/2879 1598/2954/2881
f 1561/2953/2880 1598/2954/2881 1560/2955/2882
f 1560/2955/2882 1598/2954/2881 1600/2956/2883
f 1560/2955/2882 1600/2956/2883 1559/2957/2884
f 1559/2957/2884 1600/2956/2883 1602/2958/2885
f 1559/2957/2884 1602/2958/2885 1558/2959/2886
f 1558/2959/2886 1602/2958/2885 1604/2960/2887
f 1558/2959/2886 1604/2960/2887 1557/2961/2888
f 1557/2961/2888 1604/2960/2887 1606/2962/2889
f 1557/2961/2888 1606/2962/2889 1556/2963/2890
f 1556/2963/2890 1606/2962/2889 1608/2964/2891
f 1556/2963/2890 1608/2964/2891 1555/2965/2892
f 1555/2965/2892 1608/2964/2891 1610/2966/2893
f 1555/2965/2892 1610/2966/2893 1554/2967/2894
f 1554/2967/2894 1610/2966/2893 1612/2968/2895
f 1554/2967/2894 1612/2968/2895 1553/2969/2896
f 1553/2969/2896 1612/2968/2895 1614/2970/2897
f 1553/2969/2896 1614/2970/2897 1552/2971/2898
f 1552/2971/2898 1614/2970/2897 1616/2972/2899
f 1552/2971/2898 1616/2972/2899 1551/2973/2900
f 1551/2973/2900 1616/2972/2899 1618/2974/2901
f 1551/2973/2900 1618/2974/2901 1550/2925/2854
f 1550/2925/2854 1618/2974/2901 1620/2926/2855
f 1573/2880/2809 1574/2928/2857 1619/2882/2811
f 1619/2882/2811 1574/2928/2857 1620/2926/2855
f 1619/2882/2811 1620/2926/2855 1617/2884/2813
f 1617/2884/2813 1620/2926/2855 1618/2974/2901
f 1617/2884/2813 1618/2974/2901 1615/2886/2815
f 1615/2886/2815 1618/2974/2901 1616/2972/2899
f 1615/2886/2815 1616/2972/2899 1613/2888/2817
f 1613/2888/2817 1616/2972/2899 1614/2970/2897
f 1613/2888/2817 1614/2970/2897 1611/2890/2819
f 1611/2890/2819 1614/2970/2897 1612/2968/2895
f 1611/2890/2819 1612/2968/2895 1609/2892/2821
f 1609/2892/2821 1612/2968/2895 1610/2966/2893
f 1609/2892/2821 1610/2966/2893 1607/2894/2823
f 1607/2894/2823 1610/2966/2893 1608/2964/2891
f 1607/2894/2823 1608/2964/2891 1605/2896/2825
f 1605/2896/2825 1608/2964/2891 1606/2962/2889
f 1605/2896/2825 1606/2962/2889 1603/2898/2827
f 1603/2898/2827 1606/2962/2889 1604/2960/2887
f 1603/2898/2827 1604/2960/2887 1601/2900/2829
f 1601/2900/2829 1604/2960/2887 1602/2958/2885
f 1601/2900/2829 1602/2958/2885 1599/2902/2831
f 1599/2902/2831 1602/2958/2885 1600/2956/2883
f 1599/2902/2831 1600/2956/2883 1597/2904/2833
f 1597/2904/2833 1600/2956/2883 1598/2954/2881
f 1597/2904/2833 1598/2954/2881 1595/2906/2835
f 1595/2906/2835 1598/2954/2881 1596/2952/2879
f 1595/2906/2835 1596/2952/2879 1593/2908/2837
f 1593/2908/2837 1596/2952/2879 1594/2950/2877
f 1593/2908/2837 1594/2950/2877 1591/2910/2839
f 1591/2910/2839 1594/2950/2877 1592/2948/2875
f 1591/2910/2839 1592/2948/2875 1589/2912/2841
f 1589/2912/2841 1592/2948/2875 1590/2946/2873
f 1589/2912/2841 1590/2946/2873 1587/2914/2843
f 1587/2914/2843 1590/2946/2873 1588/2944/2871
f 1587/2914/2843 1588/2944/2871 1585/2916/2845
f 1585/2916/2845 1588/2944/2871 1586/2942/2869
f 1585/2916/2845 1586/2942/2869 1583/2918/2847
f 1583/2918/2847 1586/2942/2869 1584/2940/2867
f 1583/2918/2847 1584/2940/2867 1581/2920/2849
f 1581/2920/2849 1584/2940/2867 1582/2938/2865
f 1581/2920/2849 1582/2938/2865 1579/2922/2851
f 1579/2922/2851 1582/2938/2865 1580/2936/2863
f 1579/2922/2851 1580/2936/2863 1577/2924/2853
f 1577/2924/2853 1580/2936/2863 1578/2934/2861
f 1577/2924/2853 1578/2934/2861 1575/2876/2807
f 1575/2876/2807 1578/2934/2861 1576/2932/2859
f 1575/2876/2807 1576/2932/2859 1573/2878/2809
f 1573/2878/2809 1576/2932/2859 1574/2930/2857
f 1622/2975/2902 1702/2976/2903 1621/2977/2904
f 1621/2977/2904 1702/2976/2903 1662/2978/2905
f 1621/2979/2904 1662/2980/2905 1661/2981/2906
f 1661/2981/2906 1662/2980/2905 1663/2982/2907
f 1661/2981/2906 1663/2982/2907 1660/2983/2908
f 1660/2983/2908 1663/2982/2907 1664/2984/2909
f 1660/2983/2908 1664/2984/2909 1659/2985/2910
f 1659/2985/2910 1664/2984/2909 1665/2986/2911
f 1659/2985/2910 1665/2986/2911 1658/2987/2912
f 1658/2987/2912 1665/2986/2911 1666/2988/2913
f 1658/2987/2912 1666/2988/2913 1657/2989/2914
f 1657/2989/2914 1666/2988/2913 1667/2990/2915
f 1657/2989/2914 1667/2990/2915 1656/2991/2916
f 1656/2991/2916 1667/2990/2915 1668/2992/2917
f 1656/2991/2916 1668/2992/2917 1655/2993/2918
f 1655/2993/2918 1668/2992/2917 1669/2994/2919
f 1655/2993/2918 1669/2994/2919 1654/2995/2920
f 1654/2995/2920 1669/2994/2919 1670/2996/2921
f 1654/2995/2920 1670/2996/2921 1653/2997/2922
f 1653/2997/2922 1670/2996/2921 1671/2998/2923
f 1653/2997/2922 1671/2998/2923 1652/2999/2924
f 1652/2999/2924 1671/2998/2923 1672/3000/2925
f 1652/2999/2924 1672/3000/2925 1651/3001/2926
f 1651/3001/2926 1672/3000/2925 1673/3002/2927
f 1651/3001/2926 1673/3002/2927 1650/3003/2928
f 1650/3003/2928 1673/3002/2927 1674/3004/2929
f 1650/3003/2928 1674/3004/2929 1649/3005/2930
f 1649/3005/2930 1674/3004/2929 1675/3006/2931
f 1649/3005/2930 1675/3006/2931 1648/3007/2932
f 1648/3007/2932 1675/3006/2931 1676/3008/2933
f 1648/3007/2932 1676/3008/2933 1647/3009/2934
f 1647/3009/2934 1676/3008/2933 1677/3010/2935
f 1647/3009/2934 1677/3010/2935 1646/3011/2936
f 1646/3011/2936 1677/3010/2935 1678/3012/2937
f 1646/3011/2936 1678/3012/2937 1645/3013/2938
f 1645/3013/2938 1678/3012/2937 1679/3014/2939
f 1645/3013/2938 1679/3014/2939 1644/3015/2940
f 1644/3015/2940 1679/3014/2939 1680/3016/2941
f 1644/3015/2940 1680/3016/2941 1643/3017/2942
f 1643/3017/2942 1680/3016/2941 1681/3018/2943
f 1643/3017/2942 1681/3018/2943 1642/3019/2944
f 1642/3019/2944 1681/3018/2943 1682/3020/2945
f 1642/3019/2944 1682/3020/2945 1641/3021/2946
f 1641/3021/2946 1682/3020/2945 1683/3022/2947
f 1641/3021/2946 1683/3022/2947 1640/3023/2948
f 1640/3023/2948 1683/3022/2947 1684/3024/2949
f 1640/3023/2948 1684/3024/2949 1639/3025/2950
f 1639/3025/2950 1684/3024/2949 1685/3026/2951
f 1639/3025/2950 1685/3026/2951 1638/3027/2952
f 1638/3027/2952 1685/3026/2951 1686/3028/2953
f 1638/3027/2952 1686/3028/2953 1637/3029/2954
f 1637/3029/2954 1686/3028/2953 1687/3030/2955
f 1637/3029/2954 1687/3030/2955 1636/3031/2956
f 1636/3031/2956 1687/3030/2955 1688/3032/2957
f 1636/3031/2956 1688/3032/2957 1635/3033/2958
f 1635/3033/2958 1688/3032/2957 1689/3034/2959
f 1635/3033/2958 1689/3034/2959 1634/3035/2960
f 1634/3035/2960 1689/3034/2959 1690/3036/2961
f 1634/3035/2960 1690/3036/2961 1633/3037/2962
f 1633/3037/2962 1690/3036/2961 1691/3038/2963
f 1633/3037/2962 1691/3038/2963 1632/3039/2964
f 1632/3039/2964 1691/3038/2963 1692/3040/2965
f 1632/3039/2964 1692/3040/2965 1631/3041/2966
f 1631/3041/2966 1692/3040/2965 1693/3042/2967
f 1631/3041/2966 1693/3042/2967 1630/3043/2968
f 1630/3043/2968 1693/3042/2967 1694/3044/2969
f 1630/3043/2968 1694/3044/2969 1629/3045/2970
f 1629/3045/2970 1694/3044/2969 1695/3046/2971
f 1629/3045/2970 1695/3046/2971 1628/3047/2972
f 1628/3047/2972 1695/3046/2971 1696/3048/2973
f 1628/3047/2972 1696/3048/2973 1627/3049/2974
f 1627/3049/2974 1696/3048/2973 1697/3050/2975
f 1627/3049/2974 1697/3050/2975 1626/3051/2976
f 1626/3051/2976 1697/3050/2975 1698/3052/2977
f 1626/3051/2976 1698/3052/2977 1625/3053/2978
f 1625/3053/2978 1698/3052/2977 1699/3054/2979
f 1625/3053/2978 1699/3054/2979 1624/3055/2980
f 1624/3055/2980 1699/3054/2979 1700/3056/2981
f 1624/3055/2980 1700/3056/2981 1623/3057/2982
f 1623/3057/2982 1700/3056/2981 1701/3058/2983
f 1623/3057/2982 1701/3058/2983 1622/2975/2902
f 1622/2975/2902 1701/3058/2983 1702/2976/2903
f 1548/3059/2984 1642/3060/2985 1525/3061/2986
f 1525/3061/2986 1642/3060/2985 1641/3062/2987
f 1525/3061/2986 1641/3062/2987 1526/3063/2988
f 1526/3063/2988 1641/3062/2987 1640/3064/2989
f 1526/3063/2988 1640/3064/2989 1639/3065/2990
f 1547/3066/2991 1644/3067/2992 1548/3059/2984
f 1548/3059/2984 1644/3067/2992 1643/3068/2993
f 1548/3059/2984 1643/3068/2993 1642/3060/2985
f 1546/3069/2994 1646/3070/2995 1547/3066/2991
f 1547/3066/2991 1646/3070/2995 1645/3071/2996
f 1547/3066/2991 1645/3071/2996 1644/3067/2992
f 1646/3070/2995 1546/3069/2994 1647/3072/2997
f 1647/3072/2997 1546/3069/2994 1545/3073/2998
f 1647/3072/2997 1545/3073/2998 1648/3074/2999
f 1648/3074/2999 1545/3073/2998 1649/3075/3000
f 1649/3075/3000 1545/3073/2998 1544/3076/3001
f 1649/3075/3000 1544/3076/3001 1650/3077/3002
f 1650/3077/3002 1544/3076/3001 1651/3078/3003
f 1651/3078/3003 1544/3076/3001 1543/3079/3004
f 1651/3078/3003 1543/3079/3004 1652/3080/3005
f 1652/3080/3005 1543/3079/3004 1653/3081/3006
f 1653/3081/3006 1543/3079/3004 1542/3082/3007
f 1653/3081/3006 1542/3082/3007 1654/3083/3008
f 1654/3083/3008 1542/3082/3007 1541/3084/3009
f 1654/3083/3008 1541/3084/3009 1655/3085/3010
f 1655/3085/3010 1541/3084/3009 1656/3086/3011
f 1656/3086/3011 1541/3084/3009 1657/3087/3012
f 1657/3087/3012 1541/3084/3009 1540/3088/3013
f 1657/3087/3012 1540/3088/3013 1658/3089/3014
f 1658/3089/3014 1540/3088/3013 1539/3090/3015
f 1658/3089/3014 1539/3090/3015 1659/3091/3016
f 1659/3091/3016 1539/3090/3015 1538/3092/3017
f 1659/3091/3016 1538/3092/3017 1660/3093/3018
f 1660/3093/3018 1538/3092/3017 1661/3094/3019
f 1661/3094/3019 1538/3092/3017 1537/3095/3020
f 1661/3094/3019 1537/3095/3020 1621/3096/3021
f 1621/3096/3021 1537/3095/3020 1622/3097/3022
f 1622/3097/3022 1537/3095/3020 1536/3098/3023
f 1622/3097/3022 1536/3098/3023 1623/3099/3024
f 1623/3099/3024 1536/3098/3023 1624/3100/3025
f 1624/3100/3025 1536/3098/3023 1535/3101/3026
f 1624/3100/3025 1535/3101/3026 1625/3102/3027
f 1625/3102/3027 1535/3101/3026 1534/3103/3028
f 1625/3102/3027 1534/3103/3028 1626/3104/3029
f 1626/3104/3029 1534/3103/3028 1627/3105/3030
f 1627/3105/3030 1534/3103/3028 1533/3106/3031
f 1627/3105/3030 1533/3106/3031 1628/3107/3032
f 1628/3107/3032 1533/3106/3031 1629/3108/3033
f 1629/3108/3033 1533/3106/3031 1532/3109/3034
f 1629/3108/3033 1532/3109/3034 1630/3110/3035
f 1630/3110/3035 1532/3109/3034 1531/3111/3036
f 1630/3110/3035 1531/3111/3036 1631/3112/3037
f 1631/3112/3037 1531/3111/3036 1632/3113/3038
f 1632/3113/3038 1531/3111/3036 1530/3114/3039
f 1632/3113/3038 1530/3114/3039 1633/3115/3040
f 1633/3115/3040 1530/3114/3039 1634/3116/3041
f 1634/3116/3041 1530/3114/3039 1529/3117/3042
f 1634/3116/3041 1529/3117/3042 1635/3118/3043
f 1635/3118/3043 1529/3117/3042 1636/3119/3044
f 1636/3119/3044 1529/3117/3042 1528/3120/3045
f 1636/3119/3044 1528/3120/3045 1637/3121/3046
f 1637/3121/3046 1528/3120/3045 1527/3122/3047
f 1637/3121/3046 1527/3122/3047 1638/3123/3048
f 1638/3123/3048 1527/3122/3047 1639/3065/2990
f 1639/3065/2990 1527/3122/3047 1526/3063/2988
f 1572/3124/3049 1683/3125/3050 1549/3126/3051
f 1549/3126/3051 1683/3125/3050 1682/3127/3052
f 1549/3126/3051 1682/3127/3052 1550/3128/3053
f 1550/3128/3053 1682/3127/3052 1681/3129/3054
f 1550/3128/3053 1681/3129/3054 1680/3130/3055
f 1571/3131/3056 1685/3132/3057 1572/3124/3049
f 1572/3124/3049 1685/3132/3057 1684/3133/3058
f 1572/3124/3049 1684/3133/3058 1683/3125/3050
f 1570/3134/3059 1687/3135/3060 1571/3131/3056
f 1571/3131/3056 1687/3135/3060 1686/3136/3061
f 1571/3131/3056 1686/3136/3061 1685/3132/3057
f 1687/3135/3060 1570/3134/3059 1688/3137/3062
f 1688/3137/3062 1570/3134/3059 1569/3138/3063
f 1688/3137/3062 1569/3138/3063 1689/3139/3064
f 1689/3139/3064 1569/3138/3063 1690/3140/3065
f 1690/3140/3065 1569/3138/3063 1568/3141/3066
f 1690/3140/3065 1568/3141/3066 1691/3142/3067
f 1691/3142/3067 1568/3141/3066 1692/3143/3068
f 1692/3143/3068 1568/3141/3066 1567/3144/3069
f 1692/3143/3068 1567/3144/3069 1693/3145/3070
f 1693/3145/3070 1567/3144/3069 1694/3146/3071
f 1694/3146/3071 1567/3144/3069 1566/3147/3072
f 1694/3146/3071 1566/3147/3072 1695/3148/3073
f 1695/3148/3073 1566/3147/3072 1565/3149/3074
f 1695/3148/3073 1565/3149/3074 1696/3150/3075
f 1696/3150/3075 1565/3149/3074 1697/3151/3076
f 1697/3151/3076 1565/3149/3074 1564/3152/3077
f 1697/3151/3076 1564/3152/3077 1698/3153/3078
f 1698/3153/3078 1564/3152/3077 1699/3154/3079
f 1699/3154/3079 1564/3152/3077 1563/3155/3080
f 1699/3154/3079 1563/3155/3080 1700/3156/3081
f 1700/3156/3081 1563/3155/3080 1562/3157/3082
f 1700/3156/3081 1562/3157/3082 1701/3158/3083
f 1701/3158/3083 1562/3157/3082 1702/3159/3084
f 1702/3159/3084 1562/3157/3082 1561/3160/3085
f 1702/3159/3084 1561/3160/3085 1662/3161/3086
f 1662/3161/3086 1561/3160/3085 1663/3162/3087
f 1663/3162/3087 1561/3160/3085 1560/3163/3088
f 1663/3162/3087 1560/3163/3088 1664/3164/3089
f 1664/3164/3089 1560/3163/3088 1665/3165/3090
f 1665/3165/3090 1560/3163/3088 1559/3166/3091
f 1665/3165/3090 1559/3166/3091 1666/3167/3092
f 1666/3167/3092 1559/3166/3091 1558/3168/3093
f 1666/3167/3092 1558/3168/3093 1667/3169/3094
f 1667/3169/3094 1558/3168/3093 1668/3170/3095
f 1668/3170/3095 1558/3168/3093 1557/3171/3096
f 1668/3170/3095 1557/3171/3096 1669/3172/3097
f 1669/3172/3097 1557/3171/3096 1670/3173/3098
f 1670/3173/3098 1557/3171/3096 1556/3174/3099
f 1670/3173/3098 1556/3174/3099 1671/3175/3100
f 1671/3175/3100 1556/3174/3099 1555/3176/3101
f 1671/3175/3100 1555/3176/3101 1672/3177/3102
f 1672/3177/3102 1555/3176/3101 1673/3178/3103
f 1673/3178/3103 1555/3176/3101 1554/3179/3104
f 1673/3178/3103 1554/3179/3104 1674/3180/3105
f 1674/3180/3105 1554/3179/3104 1675/3181/3106
f 1675/3181/3106 1554/3179/3104 1553/3182/3107
f 1675/3181/3106 1553/3182/3107 1676/3183/3108
f 1676/3183/3108 1553/3182/3107 1677/3184/3109
f 1677/3184/3109 1553/3182/3107 1552/3185/3110
f 1677/3184/3109 1552/3185/3110 1678/3186/3111
f 1678/3186/3111 1552/3185/3110 1551/3187/3112
f 1678/3186/3111 1551/3187/3112 1679/3188/3113
f 1679/3188/3113 1551/3187/3112 1680/3130/3055
f 1680/3130/3055 1551/3187/3112 1550/3128/3053
g Body1:7

v -15.700000 2.000000 7.500000
v -15.740940 2.402597 7.500000
v -15.862084 2.788712 7.500000
v -16.058473 3.142536 7.500000
v -16.322066 3.449586 7.500000
v -16.642072 3.697289 7.500000
v -17.005389 3.875504 7.500000
v -17.397144 3.976937 7.500000
v -17.801298 3.997433 7.500000
v -18.201305 3.936154 7.500000
v -18.580788 3.795609 7.500000
v -18.924212 3.581551 7.500000
v -19.217516 3.302745 7.500000
v -19.448693 2.970604 7.500000
v -19.608279 2.598726 7.500000
v -19.689739 2.202337 7.500000
v -19.689739 1.797663 7.500000
v -19.608279 1.401274 7.500000
v -19.448693 1.029396 7.500000
v -19.217516 0.697255 7.500000
v -18.924212 0.418449 7.500000
v -18.580788 0.204391 7.500000
v -18.201305 0.063846 7.500000
v -17.801298 0.002567 7.500000
v -17.397144 0.023063 7.500000
v -17.005389 0.124496 7.500000
v -16.642072 0.302711 7.500000
v -16.322066 0.550414 7.500000
v -16.058473 0.857464 7.500000
v -15.862084 1.211288 7.500000
v -15.740940 1.597403 7.500000
v -15.700000 2.000000 11.500000
v -15.740940 1.597403 11.500000
v -15.862084 1.211288 11.500000
v -16.058473 0.857464 11.500000
v -16.322066 0.550414 11.500000
v -16.642072 0.302711 11.500000
v -17.005389 0.124496 11.500000
v -17.397144 0.023063 11.500000
v -17.801298 0.002567 11.500000
v -18.201305 0.063846 11.500000
v -18.580788 0.204391 11.500000
v -18.924212 0.418449 11.500000
v -19.217516 0.697255 11.500000
v -19.448693 1.029396 11.500000
v -19.608279 1.401274 11.500000
v -19.689739 1.797663 11.500000
v -19.689739 2.202337 11.500000
v -19.608279 2.598726 11.500000
v -19.448693 2.970604 11.500000
v -19.217516 3.302745 11.500000
v -18.924212 3.581551 11.500000
v -18.580788 3.795609 11.500000
v -18.201305 3.936154 11.500000
v -17.801298 3.997433 11.500000
v -17.397144 3.976937 11.500000
v -17.005389 3.875504 11.500000
v -16.642072 3.697289 11.500000
v -16.322066 3.449586 11.500000
v -16.058473 3.142536 11.500000
v -15.862084 2.788712 11.500000
v -15.740940 2.402597 11.500000
v -17.000000 2.000000 11.500000
v -17.023852 1.818827 11.500000
v -17.093782 1.650000 11.500000
v -17.205025 1.505025 11.500000
v -17.350000 1.393782 11.500000
v -17.518827 1.323852 11.500000
v -17.700000 1.300000 11.500000
v -17.881173 1.323852 11.500000
v -18.050000 1.393782 11.500000
v -18.194975 1.505025 11.500000
v -18.306218 1.650000 11.500000
v -18.376148 1.818827 11.500000
v -18.400000 2.000000 11.500000
v -18.376148 2.181173 11.500000
v -18.306218 2.350000 11.500000
v -18.194975 2.494975 11.500000
v -18.050000 2.606218 11.500000
v -17.881173 2.676148 11.500000
v -17.700000 2.700000 11.500000
v -17.518827 2.676148 11.500000
v -17.350000 2.606218 11.500000
v -17.205025 2.494975 11.500000
v -17.093782 2.350000 11.500000
v -17.023852 2.181173 11.500000
v -17.000000 2.000000 13.000000
v -17.023852 1.818827 13.000000
v -17.093782 1.650000 13.000000
v -17.205025 1.505025 13.000000
v -17.350000 1.393782 13.000000
v -17.518827 1.323852 13.000000
v -17.700000 1.300000 13.000000
v -17.881173 1.323852 13.000000
v -18.050000 1.393782 13.000000
v -18.194975 1.505025 13.000000
v -18.306218 1.650000 13.000000
v -18.376148 1.818827 13.000000
v -18.400000 2.000000 13.000000
v -18.376148 2.181173 13.000000
v -18.306218 2.350000 13.000000
v -18.194975 2.494975 13.000000
v -18.050000 2.606218 13.000000
v -17.881173 2.676148 13.000000
v -17.700000 2.700000 13.000000
v -17.518827 2.676148 13.000000
v -17.350000 2.606218 13.000000
v -17.205025 2.494975 13.000000
v -17.093782 2.350000 13.000000
v -17.023852 2.181173 13.000000
v -18.000000 2.000000 13.000000
v -17.989778 2.077646 13.000000
v -17.959808 2.150000 13.000000
v -17.912132 2.212132 13.000000
v -17.850000 2.259808 13.000000
v -17.777646 2.289778 13.000000
v -17.700000 2.300000 13.000000
v -17.622354 2.289778 13.000000
v -17.550000 2.259808 13.000000
v -17.487868 2.212132 13.000000
v -17.440192 2.150000 13.000000
v -17.410222 2.077646 13.000000
v -17.400000 2.000000 13.000000
v -17.410222 1.922354 13.000000
v -17.440192 1.850000 13.000000
v -17.487868 1.787868 13.000000
v -17.550000 1.740192 13.000000
v -17.622354 1.710222 13.000000
v -17.700000 1.700000 13.000000
v -17.777646 1.710222 13.000000
v -17.850000 1.740192 13.000000
v -17.912132 1.787868 13.000000
v -17.959808 1.850000 13.000000
v -17.989778 1.922354 13.000000
v -18.000000 2.000000 16.500000
v -17.989778 2.077646 16.500000
v -17.959808 2.150000 16.500000
v -17.912132 2.212132 16.500000
v -17.850000 2.259808 16.500000
v -17.777646 2.289778 16.500000
v -17.700000 2.300000 16.500000
v -17.622354 2.289778 16.500000
v -17.550000 2.259808 16.500000
v -17.487868 2.212132 16.500000
v -17.440192 2.150000 16.500000
v -17.410222 2.077646 16.500000
v -17.400000 2.000000 16.500000
v -17.410222 1.922354 16.500000
v -17.440192 1.850000 16.500000
v -17.487868 1.787868 16.500000
v -17.550000 1.740192 16.500000
v -17.622354 1.710222 16.500000
v -17.700000 1.700000 16.500000
v -17.777646 1.710222 16.500000
v -17.850000 1.740192 16.500000
v -17.912132 1.787868 16.500000
v -17.959808 1.850000 16.500000
v -17.989778 1.922354 16.500000
v -18.000000 2.000000 14.750000
v -17.989778 2.077646 14.750000
v -17.959808 2.150000 14.750000
v -17.912132 2.212132 14.750000
v -17.850000 2.259808 14.750000
v -17.777646 2.289778 14.750000
v -17.700000 2.300000 14.750000
v -17.622354 2.289778 14.750000
v -17.550000 2.259808 14.750000
v -17.487868 2.212132 14.750000
v -17.440192 2.150000 14.750000
v -17.410222 2.077646 14.750000
v -17.400000 2.000000 14.750000
v -17.410222 1.922354 14.750000
v -17.440192 1.850000 14.750000
v -17.487868 1.787868 14.750000
v -17.550000 1.740192 14.750000
v -17.622354 1.710222 14.750000
v -17.700000 1.700000 14.750000
v -17.777646 1.710222 14.750000
v -17.850000 1.740192 14.750000
v -17.912132 1.787868 14.750000
v -17.959808 1.850000 14.750000
v -17.989778 1.922354 14.750000
vt -4.000000 5.877819 0.000000
vt -0.000000 5.877819 0.000000
vt -4.000000 6.283185 0.000000
vt -0.000000 6.283185 0.000000
vt -4.000000 -6.283185 0.000000
vt -0.000000 -6.283185 0.000000
vt -4.000000 -5.877819 0.000000
vt -0.000000 -5.877819 0.000000
vt -4.000000 -5.472452 0.000000
vt -0.000000 -5.472452 0.000000
vt -4.000000 -5.067085 0.000000
vt -0.000000 -5.067085 0.000000
vt -4.000000 -4.661718 0.000000
vt -0.000000 -4.661718 0.000000
vt -4.000000 -4.256351 0.000000
vt -0.000000 -4.256351 0.000000
vt -4.000000 -3.850985 0.000000
vt -0.000000 -3.850985 0.000000
vt -4.000000 -3.445618 0.000000
vt -0.000000 -3.445618 0.000000
vt -4.000000 -3.040251 0.000000
vt 0.000000 -3.040251 0.000000
vt -4.000000 -2.634884 0.000000
vt 0.000000 -2.634884 0.000000
vt -4.000000 -2.229517 0.000000
vt -0.000000 -2.229517 0.000000
vt -4.000000 -1.824151 0.000000
vt 0.000000 -1.824151 0.000000
vt -4.000000 -1.418784 0.000000
vt -0.000000 -1.418784 0.000000
vt -4.000000 -1.013417 0.000000
vt 0.000000 -1.013417 0.000000
vt -4.000000 -0.608050 0.000000
vt -0.000000 -0.608050 0.000000
vt -4.000000 -0.202683 0.000000
vt -0.000000 -0.202683 0.000000
vt -4.000000 0.202683 0.000000
vt -0.000000 0.202683 0.000000
vt -4.000000 0.608050 0.000000
vt -0.000000 0.608050 0.000000
vt -4.000000 1.013417 0.000000
vt -0.000000 1.013417 0.000000
vt -4.000000 1.418784 0.000000
vt -0.000000 1.418784 0.000000
vt -4.000000 1.824151 0.000000
vt -0.000000 1.824151 0.000000
vt -4.000000 2.229517 0.000000
vt -0.000000 2.229517 0.000000
vt -4.000000 2.634884 0.000000
vt -0.000000 2.634884 0.000000
vt -4.000000 3.040251 0.000000
vt -0.000000 3.040251 0.000000
vt -4.000000 3.445618 0.000000
vt -0.000000 3.445618 0.000000
vt -4.000000 3.850985 0.000000
vt -0.000000 3.850985 0.000000
vt -4.000000 4.256351 0.000000
vt -0.000000 4.256351 0.000000
vt -4.000000 4.661718 0.000000
vt -0.000000 4.661718 0.000000
vt -4.000000 5.067085 0.000000
vt -0.000000 5.067085 0.000000
vt -4.000000 5.472452 0.000000
vt -0.000000 5.472452 0.000000
vt -2.000000 0.000000 0.000000
vt -1.959060 -0.402597 0.000000
vt -1.959060 0.402597 0.000000
vt -1.837916 0.788712 0.000000
vt -1.837916 -0.788712 0.000000
vt -1.641527 1.142536 0.000000
vt -1.641527 -1.142536 0.000000
vt -1.377934 1.449586 0.000000
vt -1.377934 -1.449586 0.000000
vt -1.057928 1.697289 0.000000
vt -0.694611 1.875504 0.000000
vt -0.302856 1.976937 0.000000
vt 0.101298 1.997433 0.000000
vt 0.501305 1.936154 0.000000
vt 0.880788 1.795609 0.000000
vt 1.224212 1.581551 0.000000
vt 1.517516 1.302745 0.000000
vt 1.748693 0.970604 0.000000
vt 1.908279 0.598726 0.000000
vt 1.989739 0.202337 0.000000
vt 1.989739 -0.202337 0.000000
vt 1.908279 -0.598726 0.000000
vt -1.057928 -1.697289 0.000000
vt 1.748693 -0.970604 0.000000
vt 1.517516 -1.302745 0.000000
vt 1.224212 -1.581551 0.000000
vt 0.880788 -1.795609 0.000000
vt -0.694611 -1.875504 0.000000
vt 0.501305 -1.936154 0.000000
vt -0.302856 -1.976937 0.000000
vt 0.101298 -1.997433 0.000000
vt 0.676148 -0.181173 0.000000
vt 1.959060 -0.402597 0.000000
vt 0.700000 0.000000 0.000000
vt 2.000000 0.000000 0.000000
vt 1.959060 0.402597 0.000000
vt 1.837916 -0.788712 0.000000
vt 0.606218 -0.350000 0.000000
vt 1.641527 -1.142536 0.000000
vt 0.494975 -0.494975 0.000000
vt 1.377934 -1.449586 0.000000
vt 1.057928 -1.697289 0.000000
vt 0.350000 -0.606218 0.000000
vt 0.694611 -1.875504 0.000000
vt 0.181173 -0.676148 0.000000
vt 0.302856 -1.976937 0.000000
vt -0.000000 -0.700000 0.000000
vt -0.101298 -1.997433 0.000000
vt -0.181173 -0.676148 0.000000
vt -0.501305 -1.936154 0.000000
vt -0.880788 -1.795609 0.000000
vt -0.350000 -0.606218 0.000000
vt -1.224212 -1.581551 0.000000
vt -0.494975 -0.494975 0.000000
vt -1.517516 -1.302745 0.000000
vt -0.606218 -0.350000 0.000000
vt -1.748693 -0.970604 0.000000
vt -1.908279 -0.598726 0.000000
vt -0.676148 -0.181173 0.000000
vt -1.989739 -0.202337 0.000000
vt -0.700000 0.000000 0.000000
vt -1.989739 0.202337 0.000000
vt -0.676148 0.181173 0.000000
vt -1.908279 0.598726 0.000000
vt -0.606218 0.350000 0.000000
vt -1.748693 0.970604 0.000000
vt -1.517516 1.302745 0.000000
vt -0.494975 0.494975 0.000000
vt -1.224212 1.581551 0.000000
vt -0.350000 0.606218 0.000000
vt -0.880788 1.795609 0.000000
vt -0.181173 0.676148 0.000000
vt -0.501305 1.936154 0.000000
vt -0.101298 1.997433 0.000000
vt -0.000000 0.700000 0.000000
vt 0.302856 1.976937 0.000000
vt 0.181173 0.676148 0.000000
vt 0.694611 1.875504 0.000000
vt 0.350000 0.606218 0.000000
vt 1.057928 1.697289 0.000000
vt 0.494975 0.494975 0.000000
vt 1.377934 1.449586 0.000000
vt 1.641527 1.142536 0.000000
vt 0.606218 0.350000 0.000000
vt 1.837916 0.788712 0.000000
vt 0.676148 0.181173 0.000000
vt -1.500000 2.015855 0.000000
vt -0.000000 2.015855 0.000000
vt -1.500000 2.199115 0.000000
vt -0.000000 2.199115 0.000000
vt -1.500000 -2.199115 0.000000
vt -0.000000 -2.199115 0.000000
vt -1.500000 -2.015855 0.000000
vt -0.000000 -2.015855 0.000000
vt -1.500000 -1.832596 0.000000
vt -0.000000 -1.832596 0.000000
vt -1.500000 -1.649336 0.000000
vt -0.000000 -1.649336 0.000000
vt -1.500000 -1.466077 0.000000
vt -0.000000 -1.466077 0.000000
vt -1.500000 -1.282817 0.000000
vt -0.000000 -1.282817 0.000000
vt -1.500000 -1.099557 0.000000
vt -0.000000 -1.099557 0.000000
vt -1.500000 -0.916298 0.000000
vt 0.000000 -0.916298 0.000000
vt -1.500000 -0.733038 0.000000
vt -0.000000 -0.733038 0.000000
vt -1.500000 -0.549779 0.000000
vt 0.000000 -0.549779 0.000000
vt -1.500000 -0.366519 0.000000
vt -0.000000 -0.366519 0.000000
vt -1.500000 -0.183260 0.000000
vt -0.000000 -0.183260 0.000000
vt -1.500000 0.000000 0.000000
vt -0.000000 0.000000 0.000000
vt -1.500000 0.183260 0.000000
vt -0.000000 0.183260 0.000000
vt -1.500000 0.366519 0.000000
vt -0.000000 0.366519 0.000000
vt -1.500000 0.549779 0.000000
vt -0.000000 0.549779 0.000000
vt -1.500000 0.733038 0.000000
vt -0.000000 0.733038 0.000000
vt -1.500000 0.916298 0.000000
vt -0.000000 0.916298 0.000000
vt -1.500000 1.099557 0.000000
vt -0.000000 1.099557 0.000000
vt -1.500000 1.282817 0.000000
vt -0.000000 1.282817 0.000000
vt -1.500000 1.466077 0.000000
vt -0.000000 1.466077 0.000000
vt -1.500000 1.649336 0.000000
vt -0.000000 1.649336 0.000000
vt -1.500000 1.832596 0.000000
vt -0.000000 1.832596 0.000000
vt -0.289778 -0.077646 0.000000
vt -0.300000 0.000000 0.000000
vt -0.700000 0.000000 0.000000
vt -0.289778 0.077646 0.000000
vt -0.676148 0.181173 0.000000
vt -0.259808 0.150000 0.000000
vt -0.606218 0.350000 0.000000
vt -0.212132 0.212132 0.000000
vt -0.494975 0.494975 0.000000
vt -0.150000 0.259808 0.000000
vt -0.350000 0.606218 0.000000
vt -0.077646 0.289778 0.000000
vt -0.181173 0.676148 0.000000
vt -0.000000 0.300000 0.000000
vt -0.000000 0.700000 0.000000
vt 0.181173 0.676148 0.000000
vt 0.077646 0.289778 0.000000
vt 0.350000 0.606218 0.000000
vt 0.150000 0.259808 0.000000
vt 0.494975 0.494975 0.000000
vt 0.212132 0.212132 0.000000
vt 0.606218 0.350000 0.000000
vt 0.259808 0.150000 0.000000
vt 0.676148 0.181173 0.000000
vt 0.289778 0.077646 0.000000
vt 0.700000 0.000000 0.000000
vt 0.300000 0.000000 0.000000
vt 0.676148 -0.181173 0.000000
vt 0.289778 -0.077646 0.000000
vt 0.259808 -0.150000 0.000000
vt 0.606218 -0.350000 0.000000
vt 0.212132 -0.212132 0.000000
vt 0.494975 -0.494975 0.000000
vt 0.150000 -0.259808 0.000000
vt 0.350000 -0.606218 0.000000
vt 0.077646 -0.289778 0.000000
vt 0.181173 -0.676148 0.000000
vt -0.000000 -0.300000 0.000000
vt -0.000000 -0.700000 0.000000
vt -0.181173 -0.676148 0.000000
vt -0.077646 -0.289778 0.000000
vt -0.350000 -0.606218 0.000000
vt -0.150000 -0.259808 0.000000
vt -0.494975 -0.494975 0.000000
vt -0.212132 -0.212132 0.000000
vt -0.606218 -0.350000 0.000000
vt -0.259808 -0.150000 0.000000
vt -0.676148 -0.181173 0.000000
vt -3.500000 0.863938 0.000000
vt -1.750000 0.863938 0.000000
vt -3.500000 0.942478 0.000000
vt -1.750000 0.942478 0.000000
vt -3.500000 -0.942478 0.000000
vt -1.750000 -0.942478 0.000000
vt -3.500000 -0.863938 0.000000
vt -1.750000 -0.863938 0.000000
vt -3.500000 -0.785398 0.000000
vt -1.750000 -0.785398 0.000000
vt -3.500000 -0.706858 0.000000
vt -1.750000 -0.706858 0.000000
vt -3.500000 -0.628319 0.000000
vt -1.750000 -0.628319 0.000000
vt -3.500000 -0.549779 0.000000
vt -1.750000 -0.549779 0.000000
vt -3.500000 -0.471239 0.000000
vt -1.750000 -0.471239 0.000000
vt -3.500000 -0.392699 0.000000
vt -1.750000 -0.392699 0.000000
vt -3.500000 -0.314159 0.000000
vt -1.750000 -0.314159 0.000000
vt -3.500000 -0.235619 0.000000
vt -1.750000 -0.235619 0.000000
vt -3.500000 -0.157080 0.000000
vt -1.750000 -0.157080 0.000000
vt -3.500000 -0.078540 0.000000
vt -1.750000 -0.078540 0.000000
vt -3.500000 0.000000 0.000000
vt -1.750000 0.000000 0.000000
vt -3.500000 0.078540 0.000000
vt -1.750000 0.078540 0.000000
vt -3.500000 0.157080 0.000000
vt -1.750000 0.157080 0.000000
vt -3.500000 0.235619 0.000000
vt -1.750000 0.235619 0.000000
vt -3.500000 0.314159 0.000000
vt -1.750000 0.314159 0.000000
vt -3.500000 0.392699 0.000000
vt -1.750000 0.392699 0.000000
vt -3.500000 0.471239 0.000000
vt -1.750000 0.471239 0.000000
vt -3.500000 0.549779 0.000000
vt -1.750000 0.549779 0.000000
vt -3.500000 0.628319 0.000000
vt -1.750000 0.628319 0.000000
vt -3.500000 0.706858 0.000000
vt -1.750000 0.706858 0.000000
vt -3.500000 0.785398 0.000000
vt -1.750000 0.785398 0.000000
vt -0.000000 -0.863938 0.000000
vt -0.000000 -0.942478 0.000000
vt -0.000000 0.942478 0.000000
vt -0.000000 0.863938 0.000000
vt -0.000000 0.785398 0.000000
vt -0.000000 0.706858 0.000000
vt -0.000000 0.628319 0.000000
vt -0.000000 0.549779 0.000000
vt -0.000000 0.471239 0.000000
vt -0.000000 0.392699 0.000000
vt -0.000000 0.314159 0.000000
vt -0.000000 0.235619 0.000000
vt -0.000000 0.157080 0.000000
vt -0.000000 0.078540 0.000000
vt -0.000000 0.000000 0.000000
vt -0.000000 -0.078540 0.000000
vt -0.000000 -0.157080 0.000000
vt -0.000000 -0.235619 0.000000
vt -0.000000 -0.314159 0.000000
vt -0.000000 -0.392699 0.000000
vt -0.000000 -0.471239 0.000000
vt -0.000000 -0.549779 0.000000
vt -0.000000 -0.628319 0.000000
vt -0.000000 -0.706858 0.000000
vt -0.000000 -0.785398 0.000000
vt -0.289778 -0.077646 0.000000
vt 0.289778 -0.077646 0.000000
vt -0.300000 0.000000 0.000000
vt 0.300000 0.000000 0.000000
vt -0.289778 0.077646 0.000000
vt 0.289778 0.077646 0.000000
vt -0.259808 0.150000 0.000000
vt 0.259808 0.150000 0.000000
vt -0.212132 0.212132 0.000000
vt 0.212132 0.212132 0.000000
vt -0.150000 0.259808 0.000000
vt 0.150000 0.259808 0.000000
vt -0.077646 0.289778 0.000000
vt 0.077646 0.289778 0.000000
vt 0.000000 0.300000 0.000000
vt 0.259808 -0.150000 0.000000
vt -0.259808 -0.150000 0.000000
vt 0.212132 -0.212132 0.000000
vt -0.212132 -0.212132 0.000000
vt 0.150000 -0.259808 0.000000
vt -0.150000 -0.259808 0.000000
vt 0.077646 -0.289778 0.000000
vt -0.077646 -0.289778 0.000000
vt 0.000000 -0.300000 0.000000
vn 0.979530 0.201299 0.000000
vn 0.979530 0.201299 0.000000
vn 1.000000 0.000000 0.000000
vn 1.000000 0.000000 0.000000
vn 0.979530 -0.201299 -0.000000
vn 0.979530 -0.201299 -0.000000
vn 0.918958 -0.394356 -0.000000
vn 0.918958 -0.394356 -0.000000
vn 0.820763 -0.571268 -0.000000
vn 0.820763 -0.571268 -0.000000
vn 0.688967 -0.724793 -0.000000
vn 0.688967 -0.724793 -0.000000
vn 0.528964 -0.848644 -0.000000
vn 0.528964 -0.848644 -0.000000
vn 0.347305 -0.937752 -0.000000
vn 0.347305 -0.937752 -0.000000
vn 0.151428 -0.988468 -0.000000
vn 0.151428 -0.988468 -0.000000
vn -0.050649 -0.998717 -0.000000
vn -0.050649 -0.998717 -0.000000
vn -0.250653 -0.968077 -0.000000
vn -0.250653 -0.968077 -0.000000
vn -0.440394 -0.897805 -0.000000
vn -0.440394 -0.897805 -0.000000
vn -0.612106 -0.790776 -0.000000
vn -0.612106 -0.790776 -0.000000
vn -0.758758 -0.651372 -0.000000
vn -0.758758 -0.651372 -0.000000
vn -0.874347 -0.485302 -0.000000
vn -0.874347 -0.485302 -0.000000
vn -0.954139 -0.299363 -0.000000
vn -0.954139 -0.299363 -0.000000
vn -0.994869 -0.101168 -0.000000
vn -0.994869 -0.101168 -0.000000
vn -0.994869 0.101168 -0.000000
vn -0.994869 0.101168 -0.000000
vn -0.954139 0.299363 -0.000000
vn -0.954139 0.299363 -0.000000
vn -0.874347 0.485302 -0.000000
vn -0.874347 0.485302 -0.000000
vn -0.758758 0.651372 -0.000000
vn -0.758758 0.651372 -0.000000
vn -0.612106 0.790776 -0.000000
vn -0.612106 0.790776 -0.000000
vn -0.440394 0.897805 -0.000000
vn -0.440394 0.897805 -0.000000
vn -0.250653 0.968077 -0.000000
vn -0.250653 0.968077 -0.000000
vn -0.050649 0.998717 -0.000000
vn -0.050649 0.998717 -0.000000
vn 0.151428 0.988468 0.000000
vn 0.151428 0.988468 0.000000
vn 0.347305 0.937752 0.000000
vn 0.347305 0.937752 0.000000
vn 0.528964 0.848644 0.000000
vn 0.528964 0.848644 0.000000
vn 0.688967 0.724793 0.000000
vn 0.688967 0.724793 0.000000
vn 0.820763 0.571268 0.000000
vn 0.820763 0.571268 0.000000
vn 0.918958 0.394356 0.000000
vn 0.918958 0.394356 0.000000
vn 0.000000 0.000000 -1.000000
vn 0.000000 0.000000 -1.000000
vn 0.000000 0.000000 -1.000000
vn 0.000000 0.000000 -1.000000
vn 0.000000 0.000000 -1.000000
vn 0.000000 0.000000 -1.000000
vn 0.000000 0.000000 -1.000000
vn 0.000000 0.000000 -1.000000
vn 0.000000 0.000000 -1.000000
vn 0.000000 0.000000 -1.000000
vn 0.000000 0.000000 -1.000000
vn 0.000000 0.000000 -1.000000
vn 0.000000 0.000000 -1.000000
vn 0.000000 0.000000 -1.000000
vn 0.000000 0.000000 -1.000000
vn 0.000000 0.000000 -1.000000
vn 0.000000 0.000000 -1.000000
vn 0.000000 0.000000 -1.000000
vn 0.000000 0.000000 -1.000000
vn 0.000000 0.000000 -1.000000
vn 0.000000 0.000000 -1.000000
vn 0.000000 0.000000 -1.000000
vn 0.000000 0.000000 -1.000000
vn 0.000000 0.000000 -1.000000
vn 0.000000 0.000000 -1.000000
vn 0.000000 0.000000 -1.000000
vn 0.000000 0.000000 -1.000000
vn 0.000000 0.000000 -1.000000
vn 0.000000 0.000000 -1.000000
vn 0.000000 0.000000 -1.000000
vn 0.000000 0.000000 -1.000000
vn -0.000000 -0.000000 1.000000
vn -0.000000 -0.000000 1.000000
vn -0.000000 -0.000000 1.000000
vn -0.000000 -0.000000 1.000000
vn -0.000000 -0.000000 1.000000
vn -0.000000 -0.000000 1.000000
vn -0.000000 -0.000000 1.000000
vn -0.000000 -0.000000 1.000000
vn -0.000000 -0.000000 1.000000
vn -0.000000 -0.000000 1.000000
vn -0.000000 -0.000000 1.000000
vn -0.000000 -0.000000 1.000000
vn -0.000000 -0.000000 1.000000
vn -0.000000 -0.000000 1.000000
vn -0.000000 -0.000000 1.000000
vn -0.000000 -0.000000 1.000000
vn -0.000000 -0.000000 1.000000
vn -0.000000 -0.000000 1.000000
vn -0.000000 -0.000000 1.000000
vn -0.000000 -0.000000 1.000000
vn -0.000000 -0.000000 1.000000
vn -0.000000 -0.000000 1.000000
vn -0.000000 -0.000000 1.000000
vn -0.000000 -0.000000 1.000000
vn -0.000000 -0.000000 1.000000
vn -0.000000 -0.000000 1.000000
vn -0.000000 -0.000000 1.000000
vn -0.000000 -0.000000 1.000000
vn -0.000000 -0.000000 1.000000
vn -0.000000 -0.000000 1.000000
vn -0.000000 -0.000000 1.000000
vn -0.000000 -0.000000 1.000000
vn -0.000000 -0.000000 1.000000
vn -0.000000 -0.000000 1.000000
vn -0.000000 -0.000000 1.000000
vn -0.000000 -0.000000 1.000000
vn -0.000000 -0.000000 1.000000
vn -0.000000 -0.000000 1.000000
vn -0.000000 -0.000000 1.000000
vn -0.000000 -0.000000 1.000000
vn -0.000000 -0.000000 1.000000
vn -0.000000 -0.000000 1.000000
vn -0.000000 -0.000000 1.000000
vn -0.000000 -0.000000 1.000000
vn -0.000000 -0.000000 1.000000
vn -0.000000 -0.000000 1.000000
vn -0.000000 -0.000000 1.000000
vn -0.000000 -0.000000 1.000000
vn -0.000000 -0.000000 1.000000
vn -0.000000 -0.000000 1.000000
vn -0.000000 -0.000000 1.000000
vn -0.000000 -0.000000 1.000000
vn -0.000000 -0.000000 1.000000
vn -0.000000 -0.000000 1.000000
vn -0.000000 -0.000000 1.000000
vn 0.965926 0.258819 0.000000
vn 0.965926 0.258819 0.000000
vn 1.000000 0.000000 0.000000
vn 1.000000 0.000000 0.000000
vn 0.965926 -0.258819 -0.000000
vn 0.965926 -0.258819 -0.000000
vn 0.866025 -0.500000 -0.000000
vn 0.866025 -0.500000 -0.000000
vn 0.707107 -0.707107 -0.000000
vn 0.707107 -0.707107 -0.000000
vn 0.500000 -0.866025 -0.000000
vn 0.500000 -0.866025 -0.000000
vn 0.258819 -0.965926 -0.000000
vn 0.258819 -0.965926 -0.000000
vn -0.000000 -1.000000 -0.000000
vn -0.000000 -1.000000 -0.000000
vn -0.258819 -0.965926 -0.000000
vn -0.258819 -0.965926 -0.000000
vn -0.500000 -0.866025 -0.000000
vn -0.500000 -0.866025 -0.000000
vn -0.707107 -0.707107 -0.000000
vn -0.707107 -0.707107 -0.000000
vn -0.866025 -0.500000 -0.000000
vn -0.866025 -0.500000 -0.000000
vn -0.965926 -0.258819 -0.000000
vn -0.965926 -0.258819 -0.000000
vn -1.000000 0.000000 -0.000000
vn -1.000000 0.000000 -0.000000
vn -0.965926 0.258819 -0.000000
vn -0.965926 0.258819 -0.000000
vn -0.866025 0.500000 -0.000000
vn -0.866025 0.500000 -0.000000
vn -0.707107 0.707107 -0.000000
vn -0.707107 0.707107 -0.000000
vn -0.500000 0.866025 -0.000000
vn -0.500000 0.866025 -0.000000
vn -0.258819 0.965926 -0.000000
vn -0.258819 0.965926 -0.000000
vn -0.000000 1.000000 -0.000000
vn -0.000000 1.000000 -0.000000
vn 0.258819 0.965926 0.000000
vn 0.258819 0.965926 0.000000
vn 0.500000 0.866025 0.000000
vn 0.500000 0.866025 0.000000
vn 0.707107 0.707107 0.000000
vn 0.707107 0.707107 0.000000
vn 0.866025 0.500000 0.000000
vn 0.866025 0.500000 0.000000
vn -0.000000 -0.000000 1.000000
vn -0.000000 -0.000000 1.000000
vn -0.000000 -0.000000 1.000000
vn -0.000000 -0.000000 1.000000
vn -0.000000 -0.000000 1.000000
vn -0.000000 -0.000000 1.000000
vn -0.000000 -0.000000 1.000000
vn -0.000000 -0.000000 1.000000
vn -0.000000 -0.000000 1.000000
vn -0.000000 -0.000000 1.000000
vn -0.000000 -0.000000 1.000000
vn -0.000000 -0.000000 1.000000
vn -0.000000 -0.000000 1.000000
vn -0.000000 -0.000000 1.000000
vn -0.000000 -0.000000 1.000000
vn -0.000000 -0.000000 1.000000
vn -0.000000 -0.000000 1.000000
vn -0.000000 -0.000000 1.000000
vn -0.000000 -0.000000 1.000000
vn -0.000000 -0.000000 1.000000
vn -0.000000 -0.000000 1.000000
vn -0.000000 -0.000000 1.000000
vn -0.000000 -0.000000 1.000000
vn -0.000000 -0.000000 1.000000
vn -0.000000 -0.000000 1.000000
vn -0.000000 -0.000000 1.000000
vn -0.000000 -0.000000 1.000000
vn -0.000000 -0.000000 1.000000
vn -0.000000 -0.000000 1.000000
vn -0.000000 -0.000000 1.000000
vn -0.000000 -0.000000 1.000000
vn -0.000000 -0.000000 1.000000
vn -0.000000 -0.000000 1.000000
vn -0.000000 -0.000000 1.000000
vn -0.000000 -0.000000 1.000000
vn -0.000000 -0.000000 1.000000
vn -0.000000 -0.000000 1.000000
vn -0.000000 -0.000000 1.000000
vn -0.000000 -0.000000 1.000000
vn -0.000000 -0.000000 1.000000
vn -0.000000 -0.000000 1.000000
vn -0.000000 -0.000000 1.000000
vn -0.000000 -0.000000 1.000000
vn -0.000000 -0.000000 1.000000
vn -0.000000 -0.000000 1.000000
vn -0.000000 -0.000000 1.000000
vn -0.000000 -0.000000 1.000000
vn -0.000000 -0.000000 1.000000
vn -0.965926 0.258819 -0.000000
vn -0.965926 0.258819 -0.000000
vn -1.000000 0.000000 -0.000000
vn -1.000000 0.000000 -0.000000
vn -0.965926 -0.258819 0.000000
vn -0.965926 -0.258819 0.000000
vn -0.866025 -0.500000 0.000000
vn -0.866025 -0.500000 0.000000
vn -0.707107 -0.707107 0.000000
vn -0.707107 -0.707107 0.000000
vn -0.500000 -0.866025 0.000000
vn -0.500000 -0.866025 0.000000
vn -0.258819 -0.965926 0.000000
vn -0.258819 -0.965926 0.000000
vn 0.000000 -1.000000 -0.000000
vn 0.000000 -1.000000 -0.000000
vn 0.258819 -0.965926 -0.000000
vn 0.258819 -0.965926 -0.000000
vn 0.500000 -0.866025 -0.000000
vn 0.500000 -0.866025 -0.000000
vn 0.707107 -0.707107 -0.000000
vn 0.707107 -0.707107 -0.000000
vn 0.866025 -0.500000 -0.000000
vn 0.866025 -0.500000 -0.000000
vn 0.965926 -0.258819 -0.000000
vn 0.965926 -0.258819 -0.000000
vn 1.000000 -0.000000 -0.000000
vn 1.000000 -0.000000 -0.000000
vn 0.965926 0.258819 -0.000000
vn 0.965926 0.258819 -0.000000
vn 0.866025 0.500000 -0.000000
vn 0.866025 0.500000 -0.000000
vn 0.707107 0.707107 -0.000000
vn 0.707107 0.707107 -0.000000
vn 0.500000 0.866025 -0.000000
vn 0.500000 0.866025 -0.000000
vn 0.258819 0.965926 -0.000000
vn 0.258819 0.965926 -0.000000
vn 0.000000 1.000000 -0.000000
vn 0.000000 1.000000 -0.000000
vn -0.258819 0.965926 -0.000000
vn -0.258819 0.965926 -0.000000
vn -0.500000 0.866025 -0.000000
vn -0.500000 0.866025 -0.000000
vn -0.707107 0.707107 -0.000000
vn -0.707107 0.707107 -0.000000
vn -0.866025 0.500000 -0.000000
vn -0.866025 0.500000 -0.000000
vn -0.965926 -0.258819 0.000000
vn -1.000000 -0.000000 0.000000
vn -0.965926 0.258819 -0.000000
vn -0.866025 0.500000 -0.000000
vn -0.707107 0.707107 -0.000000
vn -0.500000 0.866025 -0.000000
vn -0.258819 0.965926 -0.000000
vn 0.000000 1.000000 -0.000000
vn 0.258819 0.965926 -0.000000
vn 0.500000 0.866025 -0.000000
vn 0.707107 0.707107 -0.000000
vn 0.866025 0.500000 -0.000000
vn 0.965926 0.258819 -0.000000
vn 1.000000 -0.000000 -0.000000
vn 0.965926 -0.258819 -0.000000
vn 0.866025 -0.500000 -0.000000
vn 0.707107 -0.707107 -0.000000
vn 0.500000 -0.866025 -0.000000
vn 0.258819 -0.965926 -0.000000
vn 0.000000 -1.000000 -0.000000
vn -0.258819 -0.965926 0.000000
vn -0.500000 -0.866025 0.000000
vn -0.707107 -0.707107 0.000000
vn -0.866025 -0.500000 0.000000
vn 0.000000 0.000000 1.000000
vn 0.000000 0.000000 1.000000
vn 0.000000 0.000000 1.000000
vn 0.000000 0.000000 1.000000
vn 0.000000 0.000000 1.000000
vn 0.000000 0.000000 1.000000
vn 0.000000 0.000000 1.000000
vn 0.000000 0.000000 1.000000
vn 0.000000 0.000000 1.000000
vn 0.000000 0.000000 1.000000
vn 0.000000 0.000000 1.000000
vn 0.000000 0.000000 1.000000
vn 0.000000 0.000000 1.000000
vn 0.000000 0.000000 1.000000
vn 0.000000 0.000000 1.000000
vn 0.000000 0.000000 1.000000
vn 0.000000 0.000000 1.000000
vn 0.000000 0.000000 1.000000
vn 0.000000 0.000000 1.000000
vn 0.000000 0.000000 1.000000
vn 0.000000 0.000000 1.000000
vn 0.000000 0.000000 1.000000
vn 0.000000 0.000000 1.000000
vn 0.000000 0.000000 1.000000
f 1704/3189/3114 1764/3190/3115 1703/3191/3116
f 1703/3191/3116 1764/3190/3115 1734/3192/3117
f 1703/3193/3116 1734/3194/3117 1733/3195/3118
f 1733/3195/3118 1734/3194/3117 1735/3196/3119
f 1733/3195/3118 1735/3196/3119 1732/3197/3120
f 1732/3197/3120 1735/3196/3119 1736/3198/3121
f 1732/3197/3120 1736/3198/3121 1731/3199/3122
f 1731/3199/3122 1736/3198/3121 1737/3200/3123
f 1731/3199/3122 1737/3200/3123 1730/3201/3124
f 1730/3201/3124 1737/3200/3123 1738/3202/3125
f 1730/3201/3124 1738/3202/3125 1729/3203/3126
f 1729/3203/3126 1738/3202/3125 1739/3204/3127
f 1729/3203/3126 1739/3204/3127 1728/3205/3128
f 1728/3205/3128 1739/3204/3127 1740/3206/3129
f 1728/3205/3128 1740/3206/3129 1727/3207/3130
f 1727/3207/3130 1740/3206/3129 1741/3208/3131
f 1727/3207/3130 1741/3208/3131 1726/3209/3132
f 1726/3209/3132 1741/3208/3131 1742/3210/3133
f 1726/3209/3132 1742/3210/3133 1725/3211/3134
f 1725/3211/3134 1742/3210/3133 1743/3212/3135
f 1725/3211/3134 1743/3212/3135 1724/3213/3136
f 1724/3213/3136 1743/3212/3135 1744/3214/3137
f 1724/3213/3136 1744/3214/3137 1723/3215/3138
f 1723/3215/3138 1744/3214/3137 1745/3216/3139
f 1723/3215/3138 1745/3216/3139 1722/3217/3140
f 1722/3217/3140 1745/3216/3139 1746/3218/3141
f 1722/3217/3140 1746/3218/3141 1721/3219/3142
f 1721/3219/3142 1746/3218/3141 1747/3220/3143
f 1721/3219/3142 1747/3220/3143 1720/3221/3144
f 1720/3221/3144 1747/3220/3143 1748/3222/3145
f 1720/3221/3144 1748/3222/3145 1719/3223/3146
f 1719/3223/3146 1748/3222/3145 1749/3224/3147
f 1719/3223/3146 1749/3224/3147 1718/3225/3148
f 1718/3225/3148 1749/3224/3147 1750/3226/3149
f 1718/3225/3148 1750/3226/3149 1717/3227/3150
f 1717/3227/3150 1750/3226/3149 1751/3228/3151
f 1717/3227/3150 1751/3228/3151 1716/3229/3152
f 1716/3229/3152 1751/3228/3151 1752/3230/3153
f 1716/3229/3152 1752/3230/3153 1715/3231/3154
f 1715/3231/3154 1752/3230/3153 1753/3232/3155
f 1715/3231/3154 1753/3232/3155 1714/3233/3156
f 1714/3233/3156 1753/3232/3155 1754/3234/3157
f 1714/3233/3156 1754/3234/3157 1713/3235/3158
f 1713/3235/3158 1754/3234/3157 1755/3236/3159
f 1713/3235/3158 1755/3236/3159 1712/3237/3160
f 1712/3237/3160 1755/3236/3159 1756/3238/3161
f 1712/3237/3160 1756/3238/3161 1711/3239/3162
f 1711/3239/3162 1756/3238/3161 1757/3240/3163
f 1711/3239/3162 1757/3240/3163 1710/3241/3164
f 1710/3241/3164 1757/3240/3163 1758/3242/3165
f 1710/3241/3164 1758/3242/3165 1709/3243/3166
f 1709/3243/3166 1758/3242/3165 1759/3244/3167
f 1709/3243/3166 1759/3244/3167 1708/3245/3168
f 1708/3245/3168 1759/3244/3167 1760/3246/3169
f 1708/3245/3168 1760/3246/3169 1707/3247/3170
f 1707/3247/3170 1760/3246/3169 1761/3248/3171
f 1707/3247/3170 1761/3248/3171 1706/3249/3172
f 1706/3249/3172 1761/3248/3171 1762/3250/3173
f 1706/3249/3172 1762/3250/3173 1705/3251/3174
f 1705/3251/3174 1762/3250/3173 1763/3252/3175
f 1705/3251/3174 1763/3252/3175 1704/3189/3114
f 1704/3189/3114 1763/3252/3175 1764/3190/3115
f 1703/3253/3176 1733/3254/3177 1704/3255/3178
f 1704/3255/3178 1733/3254/3177 1705/3256/3179
f 1705/3256/3179 1733/3254/3177 1732/3257/3180
f 1705/3256/3179 1732/3257/3180 1706/3258/3181
f 1706/3258/3181 1732/3257/3180 1731/3259/3182
f 1706/3258/3181 1731/3259/3182 1707/3260/3183
f 1707/3260/3183 1731/3259/3182 1730/3261/3184
f 1707/3260/3183 1730/3261/3184 1708/3262/3185
f 1708/3262/3185 1730/3261/3184 1709/3263/3186
f 1709/3263/3186 1730/3261/3184 1710/3264/3187
f 1710/3264/3187 1730/3261/3184 1711/3265/3188
f 1711/3265/3188 1730/3261/3184 1712/3266/3189
f 1712/3266/3189 1730/3261/3184 1713/3267/3190
f 1713/3267/3190 1730/3261/3184 1714/3268/3191
f 1714/3268/3191 1730/3261/3184 1715/3269/3192
f 1715/3269/3192 1730/3261/3184 1716/3270/3193
f 1716/3270/3193 1730/3261/3184 1717/3271/3194
f 1717/3271/3194 1730/3261/3184 1718/3272/3195
f 1718/3272/3195 1730/3261/3184 1719/3273/3196
f 1719/3273/3196 1730/3261/3184 1720/3274/3197
f 1720/3274/3197 1730/3261/3184 1729/3275/3198
f 1720/3274/3197 1729/3275/3198 1721/3276/3199
f 1721/3276/3199 1729/3275/3198 1722/3277/3200
f 1722/3277/3200 1729/3275/3198 1723/3278/3201
f 1723/3278/3201 1729/3275/3198 1724/3279/3202
f 1724/3279/3202 1729/3275/3198 1728/3280/3203
f 1724/3279/3202 1728/3280/3203 1725/3281/3204
f 1725/3281/3204 1728/3280/3203 1727/3282/3205
f 1725/3281/3204 1727/3282/3205 1726/3283/3206
f 1766/3284/3207 1735/3285/3208 1765/3286/3209
f 1765/3286/3209 1735/3285/3208 1734/3287/3210
f 1765/3286/3209 1734/3287/3210 1764/3288/3211
f 1735/3285/3208 1766/3284/3207 1736/3289/3212
f 1736/3289/3212 1766/3284/3207 1767/3290/3213
f 1736/3289/3212 1767/3290/3213 1737/3291/3214
f 1737/3291/3214 1767/3290/3213 1768/3292/3215
f 1737/3291/3214 1768/3292/3215 1738/3293/3216
f 1738/3293/3216 1768/3292/3215 1739/3294/3217
f 1739/3294/3217 1768/3292/3215 1769/3295/3218
f 1739/3294/3217 1769/3295/3218 1740/3296/3219
f 1740/3296/3219 1769/3295/3218 1770/3297/3220
f 1740/3296/3219 1770/3297/3220 1741/3298/3221
f 1741/3298/3221 1770/3297/3220 1771/3299/3222
f 1741/3298/3221 1771/3299/3222 1742/3300/3223
f 1742/3300/3223 1771/3299/3222 1772/3301/3224
f 1742/3300/3223 1772/3301/3224 1743/3302/3225
f 1743/3302/3225 1772/3301/3224 1744/3303/3226
f 1744/3303/3226 1772/3301/3224 1773/3304/3227
f 1744/3303/3226 1773/3304/3227 1745/3305/3228
f 1745/3305/3228 1773/3304/3227 1774/3306/3229
f 1745/3305/3228 1774/3306/3229 1746/3307/3230
f 1746/3307/3230 1774/3306/3229 1775/3308/3231
f 1746/3307/3230 1775/3308/3231 1747/3309/3232
f 1747/3309/3232 1775/3308/3231 1748/3310/3233
f 1748/3310/3233 1775/3308/3231 1776/3311/3234
f 1748/3310/3233 1776/3311/3234 1749/3312/3235
f 1749/3312/3235 1776/3311/3234 1777/3313/3236
f 1749/3312/3235 1777/3313/3236 1750/3314/3237
f 1750/3314/3237 1777/3313/3236 1778/3315/3238
f 1750/3314/3237 1778/3315/3238 1751/3316/3239
f 1751/3316/3239 1778/3315/3238 1779/3317/3240
f 1751/3316/3239 1779/3317/3240 1752/3318/3241
f 1752/3318/3241 1779/3317/3240 1753/3319/3242
f 1753/3319/3242 1779/3317/3240 1780/3320/3243
f 1753/3319/3242 1780/3320/3243 1754/3321/3244
f 1754/3321/3244 1780/3320/3243 1781/3322/3245
f 1754/3321/3244 1781/3322/3245 1755/3323/3246
f 1755/3323/3246 1781/3322/3245 1782/3324/3247
f 1755/3323/3246 1782/3324/3247 1756/3325/3248
f 1756/3325/3248 1782/3324/3247 1757/3326/3249
f 1757/3326/3249 1782/3324/3247 1783/3327/3250
f 1757/3326/3249 1783/3327/3250 1758/3328/3251
f 1758/3328/3251 1783/3327/3250 1784/3329/3252
f 1758/3328/3251 1784/3329/3252 1759/3330/3253
f 1759/3330/3253 1784/3329/3252 1785/3331/3254
f 1759/3330/3253 1785/3331/3254 1760/3332/3255
f 1760/3332/3255 1785/3331/3254 1786/3333/3256
f 1760/3332/3255 1786/3333/3256 1761/3334/3257
f 1761/3334/3257 1786/3333/3256 1762/3335/3258
f 1762/3335/3258 1786/3333/3256 1787/3336/3259
f 1762/3335/3258 1787/3336/3259 1763/3337/3260
f 1763/3337/3260 1787/3336/3259 1788/3338/3261
f 1763/3337/3260 1788/3338/3261 1764/3288/3211
f 1764/3288/3211 1788/3338/3261 1765/3286/3209
f 1788/3339/3262 1812/3340/3263 1765/3341/3264
f 1765/3341/3264 1812/3340/3263 1789/3342/3265
f 1765/3343/3264 1789/3344/3265 1766/3345/3266
f 1766/3345/3266 1789/3344/3265 1790/3346/3267
f 1766/3345/3266 1790/3346/3267 1767/3347/3268
f 1767/3347/3268 1790/3346/3267 1791/3348/3269
f 1767/3347/3268 1791/3348/3269 1768/3349/3270
f 1768/3349/3270 1791/3348/3269 1792/3350/3271
f 1768/3349/3270 1792/3350/3271 1769/3351/3272
f 1769/3351/3272 1792/3350/3271 1793/3352/3273
f 1769/3351/3272 1793/3352/3273 1770/3353/3274
f 1770/3353/3274 1793/3352/3273 1794/3354/3275
f 1770/3353/3274 1794/3354/3275 1771/3355/3276
f 1771/3355/3276 1794/3354/3275 1795/3356/3277
f 1771/3355/3276 1795/3356/3277 1772/3357/3278
f 1772/3357/3278 1795/3356/3277 1796/3358/3279
f 1772/3357/3278 1796/3358/3279 1773/3359/3280
f 1773/3359/3280 1796/3358/3279 1797/3360/3281
f 1773/3359/3280 1797/3360/3281 1774/3361/3282
f 1774/3361/3282 1797/3360/3281 1798/3362/3283
f 1774/3361/3282 1798/3362/3283 1775/3363/3284
f 1775/3363/3284 1798/3362/3283 1799/3364/3285
f 1775/3363/3284 1799/3364/3285 1776/3365/3286
f 1776/3365/3286 1799/3364/3285 1800/3366/3287
f 1776/3365/3286 1800/3366/3287 1777/3367/3288
f 1777/3367/3288 1800/3366/3287 1801/3368/3289
f 1777/3367/3288 1801/3368/3289 1778/3369/3290
f 1778/3369/3290 1801/3368/3289 1802/3370/3291
f 1778/3369/3290 1802/3370/3291 1779/3371/3292
f 1779/3371/3292 1802/3370/3291 1803/3372/3293
f 1779/3371/3292 1803/3372/3293 1780/3373/3294
f 1780/3373/3294 1803/3372/3293 1804/3374/3295
f 1780/3373/3294 1804/3374/3295 1781/3375/3296
f 1781/3375/3296 1804/3374/3295 1805/3376/3297
f 1781/3375/3296 1805/3376/3297 1782/3377/3298
f 1782/3377/3298 1805/3376/3297 1806/3378/3299
f 1782/3377/3298 1806/3378/3299 1783/3379/3300
f 1783/3379/3300 1806/3378/3299 1807/3380/3301
f 1783/3379/3300 1807/3380/3301 1784/3381/3302
f 1784/3381/3302 1807/3380/3301 1808/3382/3303
f 1784/3381/3302 1808/3382/3303 1785/3383/3304
f 1785/3383/3304 1808/3382/3303 1809/3384/3305
f 1785/3383/3304 1809/3384/3305 1786/3385/3306
f 1786/3385/3306 1809/3384/3305 1810/3386/3307
f 1786/3385/3306 1810/3386/3307 1787/3387/3308
f 1787/3387/3308 1810/3386/3307 1811/3388/3309
f 1787/3387/3308 1811/3388/3309 1788/3339/3262
f 1788/3339/3262 1811/3388/3309 1812/3340/3263
f 1836/3389/3310 1813/3390/3311 1801/3391/3312
f 1801/3391/3312 1813/3390/3311 1814/3392/3313
f 1801/3391/3312 1814/3392/3313 1802/3393/3314
f 1802/3393/3314 1814/3392/3313 1815/3394/3315
f 1802/3393/3314 1815/3394/3315 1803/3395/3316
f 1803/3395/3316 1815/3394/3315 1816/3396/3317
f 1803/3395/3316 1816/3396/3317 1804/3397/3318
f 1804/3397/3318 1816/3396/3317 1817/3398/3319
f 1804/3397/3318 1817/3398/3319 1805/3399/3320
f 1805/3399/3320 1817/3398/3319 1818/3400/3321
f 1805/3399/3320 1818/3400/3321 1806/3401/3322
f 1806/3401/3322 1818/3400/3321 1819/3402/3323
f 1806/3401/3322 1819/3402/3323 1807/3403/3324
f 1807/3403/3324 1819/3402/3323 1808/3404/3325
f 1808/3404/3325 1819/3402/3323 1820/3405/3326
f 1808/3404/3325 1820/3405/3326 1809/3406/3327
f 1809/3406/3327 1820/3405/3326 1821/3407/3328
f 1809/3406/3327 1821/3407/3328 1810/3408/3329
f 1810/3408/3329 1821/3407/3328 1822/3409/3330
f 1810/3408/3329 1822/3409/3330 1811/3410/3331
f 1811/3410/3331 1822/3409/3330 1823/3411/3332
f 1811/3410/3331 1823/3411/3332 1812/3412/3333
f 1812/3412/3333 1823/3411/3332 1824/3413/3334
f 1812/3412/3333 1824/3413/3334 1789/3414/3335
f 1789/3414/3335 1824/3413/3334 1825/3415/3336
f 1789/3414/3335 1825/3415/3336 1790/3416/3337
f 1790/3416/3337 1825/3415/3336 1826/3417/3338
f 1790/3416/3337 1826/3417/3338 1827/3418/3339
f 1790/3416/3337 1827/3418/3339 1791/3419/3340
f 1791/3419/3340 1827/3418/3339 1828/3420/3341
f 1791/3419/3340 1828/3420/3341 1792/3421/3342
f 1792/3421/3342 1828/3420/3341 1829/3422/3343
f 1792/3421/3342 1829/3422/3343 1793/3423/3344
f 1793/3423/3344 1829/3422/3343 1830/3424/3345
f 1793/3423/3344 1830/3424/3345 1794/3425/3346
f 1794/3425/3346 1830/3424/3345 1831/3426/3347
f 1794/3425/3346 1831/3426/3347 1795/3427/3348
f 1795/3427/3348 1831/3426/3347 1796/3428/3349
f 1796/3428/3349 1831/3426/3347 1832/3429/3350
f 1796/3428/3349 1832/3429/3350 1797/3430/3351
f 1797/3430/3351 1832/3429/3350 1833/3431/3352
f 1797/3430/3351 1833/3431/3352 1798/3432/3353
f 1798/3432/3353 1833/3431/3352 1834/3433/3354
f 1798/3432/3353 1834/3433/3354 1799/3434/3355
f 1799/3434/3355 1834/3433/3354 1835/3435/3356
f 1799/3434/3355 1835/3435/3356 1800/3436/3357
f 1800/3436/3357 1835/3435/3356 1836/3389/3310
f 1800/3436/3357 1836/3389/3310 1801/3391/3312
f 1838/3437/3358 1862/3438/3359 1837/3439/3360
f 1837/3439/3360 1862/3438/3359 1861/3440/3361
f 1837/3441/3360 1861/3442/3361 1860/3443/3362
f 1860/3443/3362 1861/3442/3361 1884/3444/3363
f 1860/3443/3362 1884/3444/3363 1859/3445/3364
f 1859/3445/3364 1884/3444/3363 1883/3446/3365
f 1859/3445/3364 1883/3446/3365 1858/3447/3366
f 1858/3447/3366 1883/3446/3365 1882/3448/3367
f 1858/3447/3366 1882/3448/3367 1857/3449/3368
f 1857/3449/3368 1882/3448/3367 1881/3450/3369
f 1857/3449/3368 1881/3450/3369 1856/3451/3370
f 1856/3451/3370 1881/3450/3369 1880/3452/3371
f 1856/3451/3370 1880/3452/3371 1855/3453/3372
f 1855/3453/3372 1880/3452/3371 1879/3454/3373
f 1855/3453/3372 1879/3454/3373 1854/3455/3374
f 1854/3455/3374 1879/3454/3373 1878/3456/3375
f 1854/3455/3374 1878/3456/3375 1853/3457/3376
f 1853/3457/3376 1878/3456/3375 1877/3458/3377
f 1853/3457/3376 1877/3458/3377 1852/3459/3378
f 1852/3459/3378 1877/3458/3377 1876/3460/3379
f 1852/3459/3378 1876/3460/3379 1851/3461/3380
f 1851/3461/3380 1876/3460/3379 1875/3462/3381
f 1851/3461/3380 1875/3462/3381 1850/3463/3382
f 1850/3463/3382 1875/3462/3381 1874/3464/3383
f 1850/3463/3382 1874/3464/3383 1849/3465/3384
f 1849/3465/3384 1874/3464/3383 1873/3466/3385
f 1849/3465/3384 1873/3466/3385 1848/3467/3386
f 1848/3467/3386 1873/3466/3385 1872/3468/3387
f 1848/3467/3386 1872/3468/3387 1847/3469/3388
f 1847/3469/3388 1872/3468/3387 1871/3470/3389
f 1847/3469/3388 1871/3470/3389 1846/3471/3390
f 1846/3471/3390 1871/3470/3389 1870/3472/3391
f 1846/3471/3390 1870/3472/3391 1845/3473/3392
f 1845/3473/3392 1870/3472/3391 1869/3474/3393
f 1845/3473/3392 1869/3474/3393 1844/3475/3394
f 1844/3475/3394 1869/3474/3393 1868/3476/3395
f 1844/3475/3394 1868/3476/3395 1843/3477/3396
f 1843/3477/3396 1868/3476/3395 1867/3478/3397
f 1843/3477/3396 1867/3478/3397 1842/3479/3398
f 1842/3479/3398 1867/3478/3397 1866/3480/3399
f 1842/3479/3398 1866/3480/3399 1841/3481/3400
f 1841/3481/3400 1866/3480/3399 1865/3482/3401
f 1841/3481/3400 1865/3482/3401 1840/3483/3402
f 1840/3483/3402 1865/3482/3401 1864/3484/3403
f 1840/3483/3402 1864/3484/3403 1839/3485/3404
f 1839/3485/3404 1864/3484/3403 1863/3486/3405
f 1839/3485/3404 1863/3486/3405 1838/3437/3358
f 1838/3437/3358 1863/3486/3405 1862/3438/3359
f 1836/3487/3406 1884/3444/3363 1813/3488/3407
f 1813/3488/3407 1884/3444/3363 1861/3442/3361
f 1813/3489/3407 1861/3440/3361 1814/3490/3408
f 1814/3490/3408 1861/3440/3361 1862/3438/3359
f 1814/3490/3408 1862/3438/3359 1815/3491/3409
f 1815/3491/3409 1862/3438/3359 1863/3486/3405
f 1815/3491/3409 1863/3486/3405 1816/3492/3410
f 1816/3492/3410 1863/3486/3405 1864/3484/3403
f 1816/3492/3410 1864/3484/3403 1817/3493/3411
f 1817/3493/3411 1864/3484/3403 1865/3482/3401
f 1817/3493/3411 1865/3482/3401 1818/3494/3412
f 1818/3494/3412 1865/3482/3401 1866/3480/3399
f 1818/3494/3412 1866/3480/3399 1819/3495/3413
f 1819/3495/3413 1866/3480/3399 1867/3478/3397
f 1819/3495/3413 1867/3478/3397 1820/3496/3414
f 1820/3496/3414 1867/3478/3397 1868/3476/3395
f 1820/3496/3414 1868/3476/3395 1821/3497/3415
f 1821/3497/3415 1868/3476/3395 1869/3474/3393
f 1821/3497/3415 1869/3474/3393 1822/3498/3416
f 1822/3498/3416 1869/3474/3393 1870/3472/3391
f 1822/3498/3416 1870/3472/3391 1823/3499/3417
f 1823/3499/3417 1870/3472/3391 1871/3470/3389
f 1823/3499/3417 1871/3470/3389 1824/3500/3418
f 1824/3500/3418 1871/3470/3389 1872/3468/3387
f 1824/3500/3418 1872/3468/3387 1825/3501/3419
f 1825/3501/3419 1872/3468/3387 1873/3466/3385
f 1825/3501/3419 1873/3466/3385 1826/3502/3420
f 1826/3502/3420 1873/3466/3385 1874/3464/3383
f 1826/3502/3420 1874/3464/3383 1827/3503/3421
f 1827/3503/3421 1874/3464/3383 1875/3462/3381
f 1827/3503/3421 1875/3462/3381 1828/3504/3422
f 1828/3504/3422 1875/3462/3381 1876/3460/3379
f 1828/3504/3422 1876/3460/3379 1829/3505/3423
f 1829/3505/3423 1876/3460/3379 1877/3458/3377
f 1829/3505/3423 1877/3458/3377 1830/3506/3424
f 1830/3506/3424 1877/3458/3377 1878/3456/3375
f 1830/3506/3424 1878/3456/3375 1831/3507/3425
f 1831/3507/3425 1878/3456/3375 1879/3454/3373
f 1831/3507/3425 1879/3454/3373 1832/3508/3426
f 1832/3508/3426 1879/3454/3373 1880/3452/3371
f 1832/3508/3426 1880/3452/3371 1833/3509/3427
f 1833/3509/3427 1880/3452/3371 1881/3450/3369
f 1833/3509/3427 1881/3450/3369 1834/3510/3428
f 1834/3510/3428 1881/3450/3369 1882/3448/3367
f 1834/3510/3428 1882/3448/3367 1835/3511/3429
f 1835/3511/3429 1882/3448/3367 1883/3446/3365
f 1835/3511/3429 1883/3446/3365 1836/3487/3406
f 1836/3487/3406 1883/3446/3365 1884/3444/3363
f 1860/3512/3430 1850/3513/3431 1837/3514/3432
f 1837/3514/3432 1850/3513/3431 1849/3515/3433
f 1837/3514/3432 1849/3515/3433 1838/3516/3434
f 1838/3516/3434 1849/3515/3433 1848/3517/3435
f 1838/3516/3434 1848/3517/3435 1839/3518/3436
f 1839/3518/3436 1848/3517/3435 1847/3519/3437
f 1839/3518/3436 1847/3519/3437 1840/3520/3438
f 1840/3520/3438 1847/3519/3437 1846/3521/3439
f 1840/3520/3438 1846/3521/3439 1841/3522/3440
f 1841/3522/3440 1846/3521/3439 1845/3523/3441
f 1841/3522/3440 1845/3523/3441 1842/3524/3442
f 1842/3524/3442 1845/3523/3441 1844/3525/3443
f 1842/3524/3442 1844/3525/3443 1843/3526/3444
f 1850/3513/3431 1860/3512/3430 1851/3527/3445
f 1851/3527/3445 1860/3512/3430 1859/3528/3446
f 1851/3527/3445 1859/3528/3446 1852/3529/3447
f 1852/3529/3447 1859/3528/3446 1858/3530/3448
f 1852/3529/3447 1858/3530/3448 1853/3531/3449
f 1853/3531/3449 1858/3530/3448 1857/3532/3450
f 1853/3531/3449 1857/3532/3450 1854/3533/3451
f 1854/3533/3451 1857/3532/3450 1856/3534/3452
f 1854/3533/3451 1856/3534/3452 1855/3535/3453
g Body1:8

v 15.500000 2.000000 -16.000000
v 15.459060 1.597403 -16.000000
v 15.337916 1.211288 -16.000000
v 15.141527 0.857464 -16.000000
v 14.877934 0.550414 -16.000000
v 14.557928 0.302711 -16.000000
v 14.194611 0.124496 -16.000000
v 13.802856 0.023063 -16.000000
v 13.398702 0.002567 -16.000000
v 12.998695 0.063846 -16.000000
v 12.619212 0.204391 -16.000000
v 12.275788 0.418449 -16.000000
v 11.982484 0.697255 -16.000000
v 11.751307 1.029396 -16.000000
v 11.591721 1.401274 -16.000000
v 11.510261 1.797663 -16.000000
v 11.510261 2.202337 -16.000000
v 11.591721 2.598726 -16.000000
v 11.751307 2.970604 -16.000000
v 11.982484 3.302745 -16.000000
v 12.275788 3.581551 -16.000000
v 12.619212 3.795609 -16.000000
v 12.998695 3.936154 -16.000000
v 13.398702 3.997433 -16.000000
v 13.802856 3.976937 -16.000000
v 14.194611 3.875504 -16.000000
v 14.557928 3.697289 -16.000000
v 14.877934 3.449586 -16.000000
v 15.141527 3.142536 -16.000000
v 15.337916 2.788712 -16.000000
v 15.459060 2.402597 -16.000000
v 15.500000 2.000000 -20.000000
v 15.459060 2.402597 -20.000000
v 15.337916 2.788712 -20.000000
v 15.141527 3.142536 -20.000000
v 14.877934 3.449586 -20.000000
v 14.557928 3.697289 -20.000000
v 14.194611 3.875504 -20.000000
v 13.802856 3.976937 -20.000000
v 13.398702 3.997433 -20.000000
v 12.998695 3.936154 -20.000000
v 12.619212 3.795609 -20.000000
v 12.275788 3.581551 -20.000000
v 11.982484 3.302745 -20.000000
v 11.751307 2.970604 -20.000000
v 11.591721 2.598726 -20.000000
v 11.510261 2.202337 -20.000000
v 11.510261 1.797663 -20.000000
v 11.591721 1.401274 -20.000000
v 11.751307 1.029396 -20.000000
v 11.982484 0.697255 -20.000000
v 12.275788 0.418449 -20.000000
v 12.619212 0.204391 -20.000000
v 12.998695 0.063846 -20.000000
v 13.398702 0.002567 -20.000000
v 13.802856 0.023063 -20.000000
v 14.194611 0.124496 -20.000000
v 14.557928 0.302711 -20.000000
v 14.877934 0.550414 -20.000000
v 15.141527 0.857464 -20.000000
v 15.337916 1.211288 -20.000000
v 15.459060 1.597403 -20.000000
v 14.200000 2.000000 -20.000000
v 14.176148 2.181173 -20.000000
v 14.106218 2.350000 -20.000000
v 13.994975 2.494975 -20.000000
v 13.850000 2.606218 -20.000000
v 13.681173 2.676148 -20.000000
v 13.500000 2.700000 -20.000000
v 13.318827 2.676148 -20.000000
v 13.150000 2.606218 -20.000000
v 13.005025 2.494975 -20.000000
v 12.893782 2.350000 -20.000000
v 12.823852 2.181173 -20.000000
v 12.800000 2.000000 -20.000000
v 12.823852 1.818827 -20.000000
v 12.893782 1.650000 -20.000000
v 13.005025 1.505025 -20.000000
v 13.150000 1.393782 -20.000000
v 13.318827 1.323852 -20.000000
v 13.500000 1.300000 -20.000000
v 13.681173 1.323852 -20.000000
v 13.850000 1.393782 -20.000000
v 13.994975 1.505025 -20.000000
v 14.106218 1.650000 -20.000000
v 14.176148 1.818827 -20.000000
v 14.200000 2.000000 -21.500000
v 14.176148 2.181173 -21.500000
v 14.106218 2.350000 -21.500000
v 13.994975 2.494975 -21.500000
v 13.850000 2.606218 -21.500000
v 13.681173 2.676148 -21.500000
v 13.500000 2.700000 -21.500000
v 13.318827 2.676148 -21.500000
v 13.150000 2.606218 -21.500000
v 13.005025 2.494975 -21.500000
v 12.893782 2.350000 -21.500000
v 12.823852 2.181173 -21.500000
v 12.800000 2.000000 -21.500000
v 12.823852 1.818827 -21.500000
v 12.893782 1.650000 -21.500000
v 13.005025 1.505025 -21.500000
v 13.150000 1.393782 -21.500000
v 13.318827 1.323852 -21.500000
v 13.500000 1.300000 -21.500000
v 13.681173 1.323852 -21.500000
v 13.850000 1.393782 -21.500000
v 13.994975 1.505025 -21.500000
v 14.106218 1.650000 -21.500000
v 14.176148 1.818827 -21.500000
v 13.200000 2.000000 -21.500000
v 13.210222 1.922354 -21.500000
v 13.240192 1.850000 -21.500000
v 13.287868 1.787868 -21.500000
v 13.350000 1.740192 -21.500000
v 13.422354 1.710222 -21.500000
v 13.500000 1.700000 -21.500000
v 13.577646 1.710222 -21.500000
v 13.650000 1.740192 -21.500000
v 13.712132 1.787868 -21.500000
v 13.759808 1.850000 -21.500000
v 13.789778 1.922354 -21.500000
v 13.800000 2.000000 -21.500000
v 13.789778 2.077646 -21.500000
v 13.759808 2.150000 -21.500000
v 13.712132 2.212132 -21.500000
v 13.650000 2.259808 -21.500000
v 13.577646 2.289778 -21.500000
v 13.500000 2.300000 -21.500000
v 13.422354 2.289778 -21.500000
v 13.350000 2.259808 -21.500000
v 13.287868 2.212132 -21.500000
v 13.240192 2.150000 -21.500000
v 13.210222 2.077646 -21.500000
v 13.200000 2.000000 -25.000000
v 13.210222 1.922354 -25.000000
v 13.240192 1.850000 -25.000000
v 13.287868 1.787868 -25.000000
v 13.350000 1.740192 -25.000000
v 13.422354 1.710222 -25.000000
v 13.500000 1.700000 -25.000000
v 13.577646 1.710222 -25.000000
v 13.650000 1.740192 -25.000000
v 13.712132 1.787868 -25.000000
v 13.759808 1.850000 -25.000000
v 13.789778 1.922354 -25.000000
v 13.800000 2.000000 -25.000000
v 13.789778 2.077646 -25.000000
v 13.759808 2.150000 -25.000000
v 13.712132 2.212132 -25.000000
v 13.650000 2.259808 -25.000000
v 13.577646 2.289778 -25.000000
v 13.500000 2.300000 -25.000000
v 13.422354 2.289778 -25.000000
v 13.350000 2.259808 -25.000000
v 13.287868 2.212132 -25.000000
v 13.240192 2.150000 -25.000000
v 13.210222 2.077646 -25.000000
v 13.200000 2.000000 -23.250000
v 13.210222 1.922354 -23.250000
v 13.240192 1.850000 -23.250000
v 13.287868 1.787868 -23.250000
v 13.350000 1.740192 -23.250000
v 13.422354 1.710222 -23.250000
v 13.500000 1.700000 -23.250000
v 13.577646 1.710222 -23.250000
v 13.650000 1.740192 -23.250000
v 13.712132 1.787868 -23.250000
v 13.759808 1.850000 -23.250000
v 13.789778 1.922354 -23.250000
v 13.800000 2.000000 -23.250000
v 13.789778 2.077646 -23.250000
v 13.759808 2.150000 -23.250000
v 13.712132 2.212132 -23.250000
v 13.650000 2.259808 -23.250000
v 13.577646 2.289778 -23.250000
v 13.500000 2.300000 -23.250000
v 13.422354 2.289778 -23.250000
v 13.350000 2.259808 -23.250000
v 13.287868 2.212132 -23.250000
v 13.240192 2.150000 -23.250000
v 13.210222 2.077646 -23.250000
vt -4.000000 5.877819 0.000000
vt -0.000000 5.877819 0.000000
vt -4.000000 6.283185 0.000000
vt -0.000000 6.283185 0.000000
vt -4.000000 -6.283185 0.000000
vt -0.000000 -6.283185 0.000000
vt -4.000000 -5.877819 0.000000
vt 0.000000 -5.877819 0.000000
vt -4.000000 -5.472452 0.000000
vt 0.000000 -5.472452 0.000000
vt -4.000000 -5.067085 0.000000
vt 0.000000 -5.067085 0.000000
vt -4.000000 -4.661718 0.000000
vt 0.000000 -4.661718 0.000000
vt -4.000000 -4.256351 0.000000
vt 0.000000 -4.256351 0.000000
vt -4.000000 -3.850985 0.000000
vt 0.000000 -3.850985 0.000000
vt -4.000000 -3.445618 0.000000
vt 0.000000 -3.445618 0.000000
vt -4.000000 -3.040251 0.000000
vt 0.000000 -3.040251 0.000000
vt -4.000000 -2.634884 0.000000
vt 0.000000 -2.634884 0.000000
vt -4.000000 -2.229517 0.000000
vt 0.000000 -2.229517 0.000000
vt -4.000000 -1.824151 0.000000
vt 0.000000 -1.824151 0.000000
vt -4.000000 -1.418784 0.000000
vt 0.000000 -1.418784 0.000000
vt -4.000000 -1.013417 0.000000
vt 0.000000 -1.013417 0.000000
vt -4.000000 -0.608050 0.000000
vt 0.000000 -0.608050 0.000000
vt -4.000000 -0.202683 0.000000
vt 0.000000 -0.202683 0.000000
vt -4.000000 0.202683 0.000000
vt -0.000000 0.202683 0.000000
vt -4.000000 0.608050 0.000000
vt -0.000000 0.608050 0.000000
vt -4.000000 1.013417 0.000000
vt -0.000000 1.013417 0.000000
vt -4.000000 1.418784 0.000000
vt -0.000000 1.418784 0.000000
vt -4.000000 1.824151 0.000000
vt -0.000000 1.824151 0.000000
vt -4.000000 2.229517 0.000000
vt -0.000000 2.229517 0.000000
vt -4.000000 2.634884 0.000000
vt -0.000000 2.634884 0.000000
vt -4.000000 3.040251 0.000000
vt -0.000000 3.040251 0.000000
vt -4.000000 3.445618 0.000000
vt -0.000000 3.445618 0.000000
vt -4.000000 3.850985 0.000000
vt -0.000000 3.850985 0.000000
vt -4.000000 4.256351 0.000000
vt -0.000000 4.256351 0.000000
vt -4.000000 4.661718 0.000000
vt -0.000000 4.661718 0.000000
vt -4.000000 5.067085 0.000000
vt -0.000000 5.067085 0.000000
vt -4.000000 5.472452 0.000000
vt -0.000000 5.472452 0.000000
vt -2.000000 -0.000000 0.000000
vt -1.959060 -0.402597 0.000000
vt -1.959060 0.402597 0.000000
vt -1.837916 0.788712 0.000000
vt -1.837916 -0.788712 0.000000
vt -1.641527 1.142536 0.000000
vt -1.641527 -1.142536 0.000000
vt -1.377934 1.449586 0.000000
vt -1.377934 -1.449586 0.000000
vt -1.057928 1.697289 0.000000
vt -0.694611 1.875504 0.000000
vt -0.302856 1.976937 0.000000
vt 0.101298 1.997433 0.000000
vt 0.501305 1.936154 0.000000
vt 0.880788 1.795609 0.000000
vt 1.224212 1.581551 0.000000
vt 1.517516 1.302745 0.000000
vt 1.748693 0.970604 0.000000
vt 1.908279 0.598726 0.000000
vt 1.989739 0.202337 0.000000
vt 1.989739 -0.202337 0.000000
vt 1.908279 -0.598726 0.000000
vt -1.057928 -1.697289 0.000000
vt 1.748693 -0.970604 0.000000
vt 1.517516 -1.302745 0.000000
vt 1.224212 -1.581551 0.000000
vt 0.880788 -1.795609 0.000000
vt -0.694611 -1.875504 0.000000
vt 0.501305 -1.936154 0.000000
vt -0.302856 -1.976937 0.000000
vt 0.101298 -1.997433 0.000000
vt 0.676148 -0.181173 0.000000
vt 1.959060 -0.402597 0.000000
vt 0.700000 -0.000000 0.000000
vt 2.000000 -0.000000 0.000000
vt 1.959060 0.402597 0.000000
vt 1.837916 -0.788712 0.000000
vt 0.606218 -0.350000 0.000000
vt 1.641527 -1.142536 0.000000
vt 0.494975 -0.494975 0.000000
vt 1.377934 -1.449586 0.000000
vt 1.057928 -1.697289 0.000000
vt 0.350000 -0.606218 0.000000
vt 0.694611 -1.875504 0.000000
vt 0.181173 -0.676148 0.000000
vt 0.302856 -1.976937 0.000000
vt -0.000000 -0.700000 0.000000
vt -0.101298 -1.997433 0.000000
vt -0.181173 -0.676148 0.000000
vt -0.501305 -1.936154 0.000000
vt -0.880788 -1.795609 0.000000
vt -0.350000 -0.606218 0.000000
vt -1.224212 -1.581551 0.000000
vt -0.494975 -0.494975 0.000000
vt -1.517516 -1.302745 0.000000
vt -0.606218 -0.350000 0.000000
vt -1.748693 -0.970604 0.000000
vt -1.908279 -0.598726 0.000000
vt -0.676148 -0.181173 0.000000
vt -1.989739 -0.202337 0.000000
vt -0.700000 0.000000 0.000000
vt -1.989739 0.202337 0.000000
vt -0.676148 0.181173 0.000000
vt -1.908279 0.598726 0.000000
vt -0.606218 0.350000 0.000000
vt -1.748693 0.970604 0.000000
vt -1.517516 1.302745 0.000000
vt -0.494975 0.494975 0.000000
vt -1.224212 1.581551 0.000000
vt -0.350000 0.606218 0.000000
vt -0.880788 1.795609 0.000000
vt -0.181173 0.676148 0.000000
vt -0.501305 1.936154 0.000000
vt -0.101298 1.997433 0.000000
vt -0.000000 0.700000 0.000000
vt 0.302856 1.976937 0.000000
vt 0.181173 0.676148 0.000000
vt 0.694611 1.875504 0.000000
vt 0.350000 0.606218 0.000000
vt 1.057928 1.697289 0.000000
vt 0.494975 0.494975 0.000000
vt 1.377934 1.449586 0.000000
vt 1.641527 1.142536 0.000000
vt 0.606218 0.350000 0.000000
vt 1.837916 0.788712 0.000000
vt 0.676148 0.181173 0.000000
vt -1.500000 2.015855 0.000000
vt -0.000000 2.015855 0.000000
vt -1.500000 2.199115 0.000000
vt -0.000000 2.199115 0.000000
vt -1.500000 -2.199115 0.000000
vt -0.000000 -2.199115 0.000000
vt -1.500000 -2.015855 0.000000
vt 0.000000 -2.015855 0.000000
vt -1.500000 -1.832596 0.000000
vt 0.000000 -1.832596 0.000000
vt -1.500000 -1.649336 0.000000
vt 0.000000 -1.649336 0.000000
vt -1.500000 -1.466077 0.000000
vt 0.000000 -1.466077 0.000000
vt -1.500000 -1.282817 0.000000
vt 0.000000 -1.282817 0.000000
vt -1.500000 -1.099557 0.000000
vt 0.000000 -1.099557 0.000000
vt -1.500000 -0.916298 0.000000
vt 0.000000 -0.916298 0.000000
vt -1.500000 -0.733038 0.000000
vt 0.000000 -0.733038 0.000000
vt -1.500000 -0.549779 0.000000
vt 0.000000 -0.549779 0.000000
vt -1.500000 -0.366519 0.000000
vt 0.000000 -0.366519 0.000000
vt -1.500000 -0.183260 0.000000
vt 0.000000 -0.183260 0.000000
vt -1.500000 -0.000000 0.000000
vt -0.000000 0.000000 0.000000
vt -1.500000 0.183260 0.000000
vt -0.000000 0.183260 0.000000
vt -1.500000 0.366519 0.000000
vt -0.000000 0.366519 0.000000
vt -1.500000 0.549779 0.000000
vt -0.000000 0.549779 0.000000
vt -1.500000 0.733038 0.000000
vt -0.000000 0.733038 0.000000
vt -1.500000 0.916298 0.000000
vt -0.000000 0.916298 0.000000
vt -1.500000 1.099557 0.000000
vt -0.000000 1.099557 0.000000
vt -1.500000 1.282817 0.000000
vt -0.000000 1.282817 0.000000
vt -1.500000 1.466077 0.000000
vt -0.000000 1.466077 0.000000
vt -1.500000 1.649336 0.000000
vt -0.000000 1.649336 0.000000
vt -1.500000 1.832596 0.000000
vt -0.000000 1.832596 0.000000
vt -0.289778 -0.077646 0.000000
vt -0.300000 0.000000 0.000000
vt -0.700000 0.000000 0.000000
vt -0.289778 0.077646 0.000000
vt -0.676148 0.181173 0.000000
vt -0.259808 0.150000 0.000000
vt -0.606218 0.350000 0.000000
vt -0.212132 0.212132 0.000000
vt -0.494975 0.494975 0.000000
vt -0.150000 0.259808 0.000000
vt -0.350000 0.606218 0.000000
vt -0.077646 0.289778 0.000000
vt -0.181173 0.676148 0.000000
vt -0.000000 0.300000 0.000000
vt -0.000000 0.700000 0.000000
vt 0.181173 0.676148 0.000000
vt 0.077646 0.289778 0.000000
vt 0.350000 0.606218 0.000000
vt 0.150000 0.259808 0.000000
vt 0.494975 0.494975 0.000000
vt 0.212132 0.212132 0.000000
vt 0.606218 0.350000 0.000000
vt 0.259808 0.150000 0.000000
vt 0.676148 0.181173 0.000000
vt 0.289778 0.077646 0.000000
vt 0.700000 -0.000000 0.000000
vt 0.300000 -0.000000 0.000000
vt 0.676148 -0.181173 0.000000
vt 0.289778 -0.077646 0.000000
vt 0.259808 -0.150000 0.000000
vt 0.606218 -0.350000 0.000000
vt 0.212132 -0.212132 0.000000
vt 0.494975 -0.494975 0.000000
vt 0.150000 -0.259808 0.000000
vt 0.350000 -0.606218 0.000000
vt 0.077646 -0.289778 0.000000
vt 0.181173 -0.676148 0.000000
vt -0.000000 -0.300000 0.000000
vt -0.000000 -0.700000 0.000000
vt -0.181173 -0.676148 0.000000
vt -0.077646 -0.289778 0.000000
vt -0.350000 -0.606218 0.000000
vt -0.150000 -0.259808 0.000000
vt -0.494975 -0.494975 0.000000
vt -0.212132 -0.212132 0.000000
vt -0.606218 -0.350000 0.000000
vt -0.259808 -0.150000 0.000000
vt -0.676148 -0.181173 0.000000
vt -3.500000 0.863938 0.000000
vt -1.750000 0.863938 0.000000
vt -3.500000 0.942478 0.000000
vt -1.750000 0.942478 0.000000
vt -3.500000 -0.942478 0.000000
vt -1.750000 -0.942478 0.000000
vt -3.500000 -0.863938 0.000000
vt -1.750000 -0.863938 0.000000
vt -3.500000 -0.785398 0.000000
vt -1.750000 -0.785398 0.000000
vt -3.500000 -0.706858 0.000000
vt -1.750000 -0.706858 0.000000
vt -3.500000 -0.628319 0.000000
vt -1.750000 -0.628319 0.000000
vt -3.500000 -0.549779 0.000000
vt -1.750000 -0.549779 0.000000
vt -3.500000 -0.471239 0.000000
vt -1.750000 -0.471239 0.000000
vt -3.500000 -0.392699 0.000000
vt -1.750000 -0.392699 0.000000
vt -3.500000 -0.314159 0.000000
vt -1.750000 -0.314159 0.000000
vt -3.500000 -0.235619 0.000000
vt -1.750000 -0.235619 0.000000
vt -3.500000 -0.157080 0.000000
vt -1.750000 -0.157080 0.000000
vt -3.500000 -0.078540 0.000000
vt -1.750000 -0.078540 0.000000
vt -3.500000 0.000000 0.000000
vt -1.750000 0.000000 0.000000
vt -3.500000 0.078540 0.000000
vt -1.750000 0.078540 0.000000
vt -3.500000 0.157080 0.000000
vt -1.750000 0.157080 0.000000
vt -3.500000 0.235619 0.000000
vt -1.750000 0.235619 0.000000
vt -3.500000 0.314159 0.000000
vt -1.750000 0.314159 0.000000
vt -3.500000 0.392699 0.000000
vt -1.750000 0.392699 0.000000
vt -3.500000 0.471239 0.000000
vt -1.750000 0.471239 0.000000
vt -3.500000 0.549779 0.000000
vt -1.750000 0.549779 0.000000
vt -3.500000 0.628319 0.000000
vt -1.750000 0.628319 0.000000
vt -3.500000 0.706858 0.000000
vt -1.750000 0.706858 0.000000
vt -3.500000 0.785398 0.000000
vt -1.750000 0.785398 0.000000
vt -0.000000 -0.863938 0.000000
vt -0.000000 -0.942478 0.000000
vt -0.000000 0.942478 0.000000
vt 0.000000 0.863938 0.000000
vt 0.000000 0.785398 0.000000
vt 0.000000 0.706858 0.000000
vt 0.000000 0.628319 0.000000
vt 0.000000 0.549779 0.000000
vt 0.000000 0.471239 0.000000
vt 0.000000 0.392699 0.000000
vt 0.000000 0.314159 0.000000
vt 0.000000 0.235619 0.000000
vt 0.000000 0.157080 0.000000
vt 0.000000 0.078540 0.000000
vt -0.000000 0.000000 0.000000
vt -0.000000 -0.078540 0.000000
vt -0.000000 -0.157080 0.000000
vt -0.000000 -0.235619 0.000000
vt -0.000000 -0.314159 0.000000
vt -0.000000 -0.392699 0.000000
vt -0.000000 -0.471239 0.000000
vt -0.000000 -0.549779 0.000000
vt -0.000000 -0.628319 0.000000
vt -0.000000 -0.706858 0.000000
vt -0.000000 -0.785398 0.000000
vt -0.289778 -0.077646 0.000000
vt 0.289778 -0.077646 0.000000
vt -0.300000 -0.000000 0.000000
vt 0.300000 0.000000 0.000000
vt -0.289778 0.077646 0.000000
vt 0.289778 0.077646 0.000000
vt -0.259808 0.150000 0.000000
vt 0.259808 0.150000 0.000000
vt -0.212132 0.212132 0.000000
vt 0.212132 0.212132 0.000000
vt -0.150000 0.259808 0.000000
vt 0.150000 0.259808 0.000000
vt -0.077646 0.289778 0.000000
vt 0.077646 0.289778 0.000000
vt 0.000000 0.300000 0.000000
vt 0.259808 -0.150000 0.000000
vt -0.259808 -0.150000 0.000000
vt 0.212132 -0.212132 0.000000
vt -0.212132 -0.212132 0.000000
vt 0.150000 -0.259808 0.000000
vt -0.150000 -0.259808 0.000000
vt 0.077646 -0.289778 0.000000
vt -0.077646 -0.289778 0.000000
vt 0.000000 -0.300000 0.000000
vn 0.979530 -0.201299 -0.000000
vn 0.979530 -0.201299 -0.000000
vn 1.000000 -0.000000 -0.000000
vn 1.000000 -0.000000 -0.000000
vn 0.979530 0.201299 0.000000
vn 0.979530 0.201299 0.000000
vn 0.918958 0.394356 0.000000
vn 0.918958 0.394356 0.000000
vn 0.820763 0.571268 0.000000
vn 0.820763 0.571268 0.000000
vn 0.688967 0.724793 0.000000
vn 0.688967 0.724793 0.000000
vn 0.528964 0.848644 0.000000
vn 0.528964 0.848644 0.000000
vn 0.347305 0.937752 0.000000
vn 0.347305 0.937752 0.000000
vn 0.151428 0.988468 0.000000
vn 0.151428 0.988468 0.000000
vn -0.050649 0.998717 0.000000
vn -0.050649 0.998717 0.000000
vn -0.250653 0.968077 0.000000
vn -0.250653 0.968077 0.000000
vn -0.440394 0.897805 0.000000
vn -0.440394 0.897805 0.000000
vn -0.612106 0.790776 0.000000
vn -0.612106 0.790776 0.000000
vn -0.758758 0.651372 0.000000
vn -0.758758 0.651372 0.000000
vn -0.874347 0.485302 0.000000
vn -0.874347 0.485302 0.000000
vn -0.954139 0.299363 0.000000
vn -0.954139 0.299363 0.000000
vn -0.994869 0.101168 0.000000
vn -0.994869 0.101168 0.000000
vn -0.994869 -0.101168 -0.000000
vn -0.994869 -0.101168 -0.000000
vn -0.954139 -0.299363 -0.000000
vn -0.954139 -0.299363 -0.000000
vn -0.874347 -0.485302 -0.000000
vn -0.874347 -0.485302 -0.000000
vn -0.758758 -0.651372 -0.000000
vn -0.758758 -0.651372 -0.000000
vn -0.612106 -0.790776 -0.000000
vn -0.612106 -0.790776 -0.000000
vn -0.440394 -0.897805 -0.000000
vn -0.440394 -0.897805 -0.000000
vn -0.250653 -0.968077 -0.000000
vn -0.250653 -0.968077 -0.000000
vn -0.050649 -0.998717 -0.000000
vn -0.050649 -0.998717 -0.000000
vn 0.151428 -0.988468 -0.000000
vn 0.151428 -0.988468 -0.000000
vn 0.347305 -0.937752 -0.000000
vn 0.347305 -0.937752 -0.000000
vn 0.528964 -0.848644 -0.000000
vn 0.528964 -0.848644 -0.000000
vn 0.688967 -0.724793 -0.000000
vn 0.688967 -0.724793 -0.000000
vn 0.820763 -0.571268 -0.000000
vn 0.820763 -0.571268 -0.000000
vn 0.918958 -0.394356 -0.000000
vn 0.918958 -0.394356 -0.000000
vn 0.000000 -0.000000 1.000000
vn 0.000000 -0.000000 1.000000
vn 0.000000 -0.000000 1.000000
vn 0.000000 -0.000000 1.000000
vn 0.000000 -0.000000 1.000000
vn 0.000000 -0.000000 1.000000
vn 0.000000 -0.000000 1.000000
vn 0.000000 -0.000000 1.000000
vn 0.000000 -0.000000 1.000000
vn 0.000000 -0.000000 1.000000
vn 0.000000 -0.000000 1.000000
vn 0.000000 -0.000000 1.000000
vn 0.000000 -0.000000 1.000000
vn 0.000000 -0.000000 1.000000
vn 0.000000 -0.000000 1.000000
vn 0.000000 -0.000000 1.000000
vn 0.000000 -0.000000 1.000000
vn 0.000000 -0.000000 1.000000
vn 0.000000 -0.000000 1.000000
vn 0.000000 -0.000000 1.000000
vn 0.000000 -0.000000 1.000000
vn 0.000000 -0.000000 1.000000
vn 0.000000 -0.000000 1.000000
vn 0.000000 -0.000000 1.000000
vn 0.000000 -0.000000 1.000000
vn 0.000000 -0.000000 1.000000
vn 0.000000 -0.000000 1.000000
vn 0.000000 -0.000000 1.000000
vn 0.000000 -0.000000 1.000000
vn 0.000000 -0.000000 1.000000
vn 0.000000 -0.000000 1.000000
vn -0.000000 0.000000 -1.000000
vn -0.000000 0.000000 -1.000000
vn -0.000000 0.000000 -1.000000
vn -0.000000 0.000000 -1.000000
vn -0.000000 0.000000 -1.000000
vn -0.000000 0.000000 -1.000000
vn -0.000000 0.000000 -1.000000
vn -0.000000 0.000000 -1.000000
vn -0.000000 0.000000 -1.000000
vn -0.000000 0.000000 -1.000000
vn -0.000000 0.000000 -1.000000
vn -0.000000 0.000000 -1.000000
vn -0.000000 0.000000 -1.000000
vn -0.000000 0.000000 -1.000000
vn -0.000000 0.000000 -1.000000
vn -0.000000 0.000000 -1.000000
vn -0.000000 0.000000 -1.000000
vn -0.000000 0.000000 -1.000000
vn -0.000000 0.000000 -1.000000
vn -0.000000 0.000000 -1.000000
vn -0.000000 0.000000 -1.000000
vn -0.000000 0.000000 -1.000000
vn -0.000000 0.000000 -1.000000
vn -0.000000 0.000000 -1.000000
vn -0.000000 0.000000 -1.000000
vn -0.000000 0.000000 -1.000000
vn -0.000000 0.000000 -1.000000
vn -0.000000 0.000000 -1.000000
vn -0.000000 0.000000 -1.000000
vn -0.000000 0.000000 -1.000000
vn -0.000000 0.000000 -1.000000
vn -0.000000 0.000000 -1.000000
vn -0.000000 0.000000 -1.000000
vn -0.000000 0.000000 -1.000000
vn -0.000000 0.000000 -1.000000
vn -0.000000 0.000000 -1.000000
vn -0.000000 0.000000 -1.000000
vn -0.000000 0.000000 -1.000000
vn -0.000000 0.000000 -1.000000
vn -0.000000 0.000000 -1.000000
vn -0.000000 0.000000 -1.000000
vn -0.000000 0.000000 -1.000000
vn -0.000000 0.000000 -1.000000
vn -0.000000 0.000000 -1.000000
vn -0.000000 0.000000 -1.000000
vn -0.000000 0.000000 -1.000000
vn -0.000000 0.000000 -1.000000
vn -0.000000 0.000000 -1.000000
vn -0.000000 0.000000 -1.000000
vn -0.000000 0.000000 -1.000000
vn -0.000000 0.000000 -1.000000
vn -0.000000 0.000000 -1.000000
vn -0.000000 0.000000 -1.000000
vn -0.000000 0.000000 -1.000000
vn -0.000000 0.000000 -1.000000
vn 0.965926 -0.258819 -0.000000
vn 0.965926 -0.258819 -0.000000
vn 1.000000 -0.000000 -0.000000
vn 1.000000 -0.000000 -0.000000
vn 0.965926 0.258819 0.000000
vn 0.965926 0.258819 0.000000
vn 0.866025 0.500000 0.000000
vn 0.866025 0.500000 0.000000
vn 0.707107 0.707107 0.000000
vn 0.707107 0.707107 0.000000
vn 0.500000 0.866025 0.000000
vn 0.500000 0.866025 0.000000
vn 0.258819 0.965926 0.000000
vn 0.258819 0.965926 0.000000
vn -0.000000 1.000000 0.000000
vn -0.000000 1.000000 0.000000
vn -0.258819 0.965926 0.000000
vn -0.258819 0.965926 0.000000
vn -0.500000 0.866025 0.000000
vn -0.500000 0.866025 0.000000
vn -0.707107 0.707107 0.000000
vn -0.707107 0.707107 0.000000
vn -0.866025 0.500000 0.000000
vn -0.866025 0.500000 0.000000
vn -0.965926 0.258819 0.000000
vn -0.965926 0.258819 0.000000
vn -1.000000 0.000000 0.000000
vn -1.000000 -0.000000 -0.000000
vn -0.965926 -0.258819 -0.000000
vn -0.965926 -0.258819 -0.000000
vn -0.866025 -0.500000 -0.000000
vn -0.866025 -0.500000 -0.000000
vn -0.707107 -0.707107 -0.000000
vn -0.707107 -0.707107 -0.000000
vn -0.500000 -0.866025 -0.000000
vn -0.500000 -0.866025 -0.000000
vn -0.258819 -0.965926 -0.000000
vn -0.258819 -0.965926 -0.000000
vn -0.000000 -1.000000 -0.000000
vn -0.000000 -1.000000 -0.000000
vn 0.258819 -0.965926 -0.000000
vn 0.258819 -0.965926 -0.000000
vn 0.500000 -0.866025 -0.000000
vn 0.500000 -0.866025 -0.000000
vn 0.707107 -0.707107 -0.000000
vn 0.707107 -0.707107 -0.000000
vn 0.866025 -0.500000 -0.000000
vn 0.866025 -0.500000 -0.000000
vn -0.000000 0.000000 -1.000000
vn -0.000000 0.000000 -1.000000
vn -0.000000 0.000000 -1.000000
vn -0.000000 0.000000 -1.000000
vn -0.000000 0.000000 -1.000000
vn -0.000000 0.000000 -1.000000
vn -0.000000 0.000000 -1.000000
vn -0.000000 0.000000 -1.000000
vn -0.000000 0.000000 -1.000000
vn -0.000000 0.000000 -1.000000
vn -0.000000 0.000000 -1.000000
vn -0.000000 0.000000 -1.000000
vn -0.000000 0.000000 -1.000000
vn -0.000000 0.000000 -1.000000
vn -0.000000 0.000000 -1.000000
vn -0.000000 0.000000 -1.000000
vn -0.000000 0.000000 -1.000000
vn -0.000000 0.000000 -1.000000
vn -0.000000 0.000000 -1.000000
vn -0.000000 0.000000 -1.000000
vn -0.000000 0.000000 -1.000000
vn -0.000000 0.000000 -1.000000
vn -0.000000 0.000000 -1.000000
vn -0.000000 0.000000 -1.000000
vn -0.000000 0.000000 -1.000000
vn -0.000000 0.000000 -1.000000
vn -0.000000 0.000000 -1.000000
vn -0.000000 0.000000 -1.000000
vn -0.000000 0.000000 -1.000000
vn -0.000000 0.000000 -1.000000
vn -0.000000 0.000000 -1.000000
vn -0.000000 0.000000 -1.000000
vn -0.000000 0.000000 -1.000000
vn -0.000000 0.000000 -1.000000
vn -0.000000 0.000000 -1.000000
vn -0.000000 0.000000 -1.000000
vn -0.000000 0.000000 -1.000000
vn -0.000000 0.000000 -1.000000
vn -0.000000 0.000000 -1.000000
vn -0.000000 0.000000 -1.000000
vn -0.000000 0.000000 -1.000000
vn -0.000000 0.000000 -1.000000
vn -0.000000 0.000000 -1.000000
vn -0.000000 0.000000 -1.000000
vn -0.000000 0.000000 -1.000000
vn -0.000000 0.000000 -1.000000
vn -0.000000 0.000000 -1.000000
vn -0.000000 0.000000 -1.000000
vn -0.965926 -0.258819 -0.000000
vn -0.965926 -0.258819 -0.000000
vn -1.000000 -0.000000 -0.000000
vn -1.000000 -0.000000 -0.000000
vn -0.965926 0.258819 0.000000
vn -0.965926 0.258819 0.000000
vn -0.866025 0.500000 0.000000
vn -0.866025 0.500000 0.000000
vn -0.707107 0.707107 0.000000
vn -0.707107 0.707107 0.000000
vn -0.500000 0.866025 0.000000
vn -0.500000 0.866025 0.000000
vn -0.258819 0.965926 0.000000
vn -0.258819 0.965926 0.000000
vn 0.000000 1.000000 0.000000
vn 0.000000 1.000000 0.000000
vn 0.258819 0.965926 0.000000
vn 0.258819 0.965926 0.000000
vn 0.500000 0.866025 0.000000
vn 0.500000 0.866025 0.000000
vn 0.707107 0.707107 0.000000
vn 0.707107 0.707107 0.000000
vn 0.866025 0.500000 0.000000
vn 0.866025 0.500000 0.000000
vn 0.965926 0.258819 0.000000
vn 0.965926 0.258819 0.000000
vn 1.000000 -0.000000 -0.000000
vn 1.000000 -0.000000 -0.000000
vn 0.965926 -0.258819 -0.000000
vn 0.965926 -0.258819 -0.000000
vn 0.866025 -0.500000 -0.000000
vn 0.866025 -0.500000 -0.000000
vn 0.707107 -0.707107 -0.000000
vn 0.707107 -0.707107 -0.000000
vn 0.500000 -0.866025 -0.000000
vn 0.500000 -0.866025 -0.000000
vn 0.258819 -0.965926 -0.000000
vn 0.258819 -0.965926 -0.000000
vn 0.000000 -1.000000 -0.000000
vn 0.000000 -1.000000 -0.000000
vn -0.258819 -0.965926 -0.000000
vn -0.258819 -0.965926 -0.000000
vn -0.500000 -0.866025 -0.000000
vn -0.500000 -0.866025 -0.000000
vn -0.707107 -0.707107 -0.000000
vn -0.707107 -0.707107 -0.000000
vn -0.866025 -0.500000 -0.000000
vn -0.866025 -0.500000 -0.000000
vn -0.965926 0.258819 0.000000
vn -1.000000 0.000000 0.000000
vn -0.965926 -0.258819 -0.000000
vn -0.866025 -0.500000 -0.000000
vn -0.707107 -0.707107 -0.000000
vn -0.500000 -0.866025 -0.000000
vn -0.258819 -0.965926 -0.000000
vn 0.000000 -1.000000 -0.000000
vn 0.258819 -0.965926 -0.000000
vn 0.500000 -0.866025 -0.000000
vn 0.707107 -0.707107 -0.000000
vn 0.866025 -0.500000 -0.000000
vn 0.965926 -0.258819 -0.000000
vn 1.000000 -0.000000 0.000000
vn 0.965926 0.258819 0.000000
vn 0.866025 0.500000 0.000000
vn 0.707107 0.707107 0.000000
vn 0.500000 0.866025 0.000000
vn 0.258819 0.965926 0.000000
vn 0.000000 1.000000 0.000000
vn -0.258819 0.965926 0.000000
vn -0.500000 0.866025 0.000000
vn -0.707107 0.707107 0.000000
vn -0.866025 0.500000 0.000000
vn 0.000000 0.000000 -1.000000
vn 0.000000 0.000000 -1.000000
vn 0.000000 0.000000 -1.000000
vn 0.000000 0.000000 -1.000000
vn 0.000000 0.000000 -1.000000
vn 0.000000 0.000000 -1.000000
vn 0.000000 0.000000 -1.000000
vn 0.000000 0.000000 -1.000000
vn 0.000000 0.000000 -1.000000
vn 0.000000 0.000000 -1.000000
vn 0.000000 0.000000 -1.000000
vn 0.000000 0.000000 -1.000000
vn 0.000000 0.000000 -1.000000
vn 0.000000 0.000000 -1.000000
vn 0.000000 0.000000 -1.000000
vn 0.000000 0.000000 -1.000000
vn 0.000000 0.000000 -1.000000
vn 0.000000 0.000000 -1.000000
vn 0.000000 0.000000 -1.000000
vn 0.000000 0.000000 -1.000000
vn 0.000000 0.000000 -1.000000
vn 0.000000 0.000000 -1.000000
vn 0.000000 0.000000 -1.000000
vn 0.000000 0.000000 -1.000000
f 1886/3536/3454 1946/3537/3455 1885/3538/3456
f 1885/3538/3456 1946/3537/3455 1916/3539/3457
f 1885/3540/3456 1916/3541/3457 1915/3542/3458
f 1915/3542/3458 1916/3541/3457 1917/3543/3459
f 1915/3542/3458 1917/3543/3459 1914/3544/3460
f 1914/3544/3460 1917/3543/3459 1918/3545/3461
f 1914/3544/3460 1918/3545/3461 1913/3546/3462
f 1913/3546/3462 1918/3545/3461 1919/3547/3463
f 1913/3546/3462 1919/3547/3463 1912/3548/3464
f 1912/3548/3464 1919/3547/3463 1920/3549/3465
f 1912/3548/3464 1920/3549/3465 1911/3550/3466
f 1911/3550/3466 1920/3549/3465 1921/3551/3467
f 1911/3550/3466 1921/3551/3467 1910/3552/3468
f 1910/3552/3468 1921/3551/3467 1922/3553/3469
f 1910/3552/3468 1922/3553/3469 1909/3554/3470
f 1909/3554/3470 1922/3553/3469 1923/3555/3471
f 1909/3554/3470 1923/3555/3471 1908/3556/3472
f 1908/3556/3472 1923/3555/3471 1924/3557/3473
f 1908/3556/3472 1924/3557/3473 1907/3558/3474
f 1907/3558/3474 1924/3557/3473 1925/3559/3475
f 1907/3558/3474 1925/3559/3475 1906/3560/3476
f 1906/3560/3476 1925/3559/3475 1926/3561/3477
f 1906/3560/3476 1926/3561/3477 1905/3562/3478
f 1905/3562/3478 1926/3561/3477 1927/3563/3479
f 1905/3562/3478 1927/3563/3479 1904/3564/3480
f 1904/3564/3480 1927/3563/3479 1928/3565/3481
f 1904/3564/3480 1928/3565/3481 1903/3566/3482
f 1903/3566/3482 1928/3565/3481 1929/3567/3483
f 1903/3566/3482 1929/3567/3483 1902/3568/3484
f 1902/3568/3484 1929/3567/3483 1930/3569/3485
f 1902/3568/3484 1930/3569/3485 1901/3570/3486
f 1901/3570/3486 1930/3569/3485 1931/3571/3487
f 1901/3570/3486 1931/3571/3487 1900/3572/3488
f 1900/3572/3488 1931/3571/3487 1932/3573/3489
f 1900/3572/3488 1932/3573/3489 1899/3574/3490
f 1899/3574/3490 1932/3573/3489 1933/3575/3491
f 1899/3574/3490 1933/3575/3491 1898/3576/3492
f 1898/3576/3492 1933/3575/3491 1934/3577/3493
f 1898/3576/3492 1934/3577/3493 1897/3578/3494
f 1897/3578/3494 1934/3577/3493 1935/3579/3495
f 1897/3578/3494 1935/3579/3495 1896/3580/3496
f 1896/3580/3496 1935/3579/3495 1936/3581/3497
f 1896/3580/3496 1936/3581/3497 1895/3582/3498
f 1895/3582/3498 1936/3581/3497 1937/3583/3499
f 1895/3582/3498 1937/3583/3499 1894/3584/3500
f 1894/3584/3500 1937/3583/3499 1938/3585/3501
f 1894/3584/3500 1938/3585/3501 1893/3586/3502
f 1893/3586/3502 1938/3585/3501 1939/3587/3503
f 1893/3586/3502 1939/3587/3503 1892/3588/3504
f 1892/3588/3504 1939/3587/3503 1940/3589/3505
f 1892/3588/3504 1940/3589/3505 1891/3590/3506
f 1891/3590/3506 1940/3589/3505 1941/3591/3507
f 1891/3590/3506 1941/3591/3507 1890/3592/3508
f 1890/3592/3508 1941/3591/3507 1942/3593/3509
f 1890/3592/3508 1942/3593/3509 1889/3594/3510
f 1889/3594/3510 1942/3593/3509 1943/3595/3511
f 1889/3594/3510 1943/3595/3511 1888/3596/3512
f 1888/3596/3512 1943/3595/3511 1944/3597/3513
f 1888/3596/3512 1944/3597/3513 1887/3598/3514
f 1887/3598/3514 1944/3597/3513 1945/3599/3515
f 1887/3598/3514 1945/3599/3515 1886/3536/3454
f 1886/3536/3454 1945/3599/3515 1946/3537/3455
f 1885/3600/3516 1915/3601/3517 1886/3602/3518
f 1886/3602/3518 1915/3601/3517 1887/3603/3519
f 1887/3603/3519 1915/3601/3517 1914/3604/3520
f 1887/3603/3519 1914/3604/3520 1888/3605/3521
f 1888/3605/3521 1914/3604/3520 1913/3606/3522
f 1888/3605/3521 1913/3606/3522 1889/3607/3523
f 1889/3607/3523 1913/3606/3522 1912/3608/3524
f 1889/3607/3523 1912/3608/3524 1890/3609/3525
f 1890/3609/3525 1912/3608/3524 1891/3610/3526
f 1891/3610/3526 1912/3608/3524 1892/3611/3527
f 1892/3611/3527 1912/3608/3524 1893/3612/3528
f 1893/3612/3528 1912/3608/3524 1894/3613/3529
f 1894/3613/3529 1912/3608/3524 1895/3614/3530
f 1895/3614/3530 1912/3608/3524 1896/3615/3531
f 1896/3615/3531 1912/3608/3524 1897/3616/3532
f 1897/3616/3532 1912/3608/3524 1898/3617/3533
f 1898/3617/3533 1912/3608/3524 1899/3618/3534
f 1899/3618/3534 1912/3608/3524 1900/3619/3535
f 1900/3619/3535 1912/3608/3524 1901/3620/3536
f 1901/3620/3536 1912/3608/3524 1902/3621/3537
f 1902/3621/3537 1912/3608/3524 1911/3622/3538
f 1902/3621/3537 1911/3622/3538 1903/3623/3539
f 1903/3623/3539 1911/3622/3538 1904/3624/3540
f 1904/3624/3540 1911/3622/3538 1905/3625/3541
f 1905/3625/3541 1911/3622/3538 1906/3626/3542
f 1906/3626/3542 1911/3622/3538 1910/3627/3543
f 1906/3626/3542 1910/3627/3543 1907/3628/3544
f 1907/3628/3544 1910/3627/3543 1909/3629/3545
f 1907/3628/3544 1909/3629/3545 1908/3630/3546
f 1948/3631/3547 1917/3632/3548 1947/3633/3549
f 1947/3633/3549 1917/3632/3548 1916/3634/3550
f 1947/3633/3549 1916/3634/3550 1946/3635/3551
f 1917/3632/3548 1948/3631/3547 1918/3636/3552
f 1918/3636/3552 1948/3631/3547 1949/3637/3553
f 1918/3636/3552 1949/3637/3553 1919/3638/3554
f 1919/3638/3554 1949/3637/3553 1950/3639/3555
f 1919/3638/3554 1950/3639/3555 1920/3640/3556
f 1920/3640/3556 1950/3639/3555 1921/3641/3557
f 1921/3641/3557 1950/3639/3555 1951/3642/3558
f 1921/3641/3557 1951/3642/3558 1922/3643/3559
f 1922/3643/3559 1951/3642/3558 1952/3644/3560
f 1922/3643/3559 1952/3644/3560 1923/3645/3561
f 1923/3645/3561 1952/3644/3560 1953/3646/3562
f 1923/3645/3561 1953/3646/3562 1924/3647/3563
f 1924/3647/3563 1953/3646/3562 1954/3648/3564
f 1924/3647/3563 1954/3648/3564 1925/3649/3565
f 1925/3649/3565 1954/3648/3564 1926/3650/3566
f 1926/3650/3566 1954/3648/3564 1955/3651/3567
f 1926/3650/3566 1955/3651/3567 1927/3652/3568
f 1927/3652/3568 1955/3651/3567 1956/3653/3569
f 1927/3652/3568 1956/3653/3569 1928/3654/3570
f 1928/3654/3570 1956/3653/3569 1957/3655/3571
f 1928/3654/3570 1957/3655/3571 1929/3656/3572
f 1929/3656/3572 1957/3655/3571 1930/3657/3573
f 1930/3657/3573 1957/3655/3571 1958/3658/3574
f 1930/3657/3573 1958/3658/3574 1931/3659/3575
f 1931/3659/3575 1958/3658/3574 1959/3660/3576
f 1931/3659/3575 1959/3660/3576 1932/3661/3577
f 1932/3661/3577 1959/3660/3576 1960/3662/3578
f 1932/3661/3577 1960/3662/3578 1933/3663/3579
f 1933/3663/3579 1960/3662/3578 1961/3664/3580
f 1933/3663/3579 1961/3664/3580 1934/3665/3581
f 1934/3665/3581 1961/3664/3580 1935/3666/3582
f 1935/3666/3582 1961/3664/3580 1962/3667/3583
f 1935/3666/3582 1962/3667/3583 1936/3668/3584
f 1936/3668/3584 1962/3667/3583 1963/3669/3585
f 1936/3668/3584 1963/3669/3585 1937/3670/3586
f 1937/3670/3586 1963/3669/3585 1964/3671/3587
f 1937/3670/3586 1964/3671/3587 1938/3672/3588
f 1938/3672/3588 1964/3671/3587 1939/3673/3589
f 1939/3673/3589 1964/3671/3587 1965/3674/3590
f 1939/3673/3589 1965/3674/3590 1940/3675/3591
f 1940/3675/3591 1965/3674/3590 1966/3676/3592
f 1940/3675/3591 1966/3676/3592 1941/3677/3593
f 1941/3677/3593 1966/3676/3592 1967/3678/3594
f 1941/3677/3593 1967/3678/3594 1942/3679/3595
f 1942/3679/3595 1967/3678/3594 1968/3680/3596
f 1942/3679/3595 1968/3680/3596 1943/3681/3597
f 1943/3681/3597 1968/3680/3596 1944/3682/3598
f 1944/3682/3598 1968/3680/3596 1969/3683/3599
f 1944/3682/3598 1969/3683/3599 1945/3684/3600
f 1945/3684/3600 1969/3683/3599 1970/3685/3601
f 1945/3684/3600 1970/3685/3601 1946/3635/3551
f 1946/3635/3551 1970/3685/3601 1947/3633/3549
f 1970/3686/3602 1994/3687/3603 1947/3688/3604
f 1947/3688/3604 1994/3687/3603 1971/3689/3605
f 1947/3690/3604 1971/3691/3605 1948/3692/3606
f 1948/3692/3606 1971/3691/3605 1972/3693/3607
f 1948/3692/3606 1972/3693/3607 1949/3694/3608
f 1949/3694/3608 1972/3693/3607 1973/3695/3609
f 1949/3694/3608 1973/3695/3609 1950/3696/3610
f 1950/3696/3610 1973/3695/3609 1974/3697/3611
f 1950/3696/3610 1974/3697/3611 1951/3698/3612
f 1951/3698/3612 1974/3697/3611 1975/3699/3613
f 1951/3698/3612 1975/3699/3613 1952/3700/3614
f 1952/3700/3614 1975/3699/3613 1976/3701/3615
f 1952/3700/3614 1976/3701/3615 1953/3702/3616
f 1953/3702/3616 1976/3701/3615 1977/3703/3617
f 1953/3702/3616 1977/3703/3617 1954/3704/3618
f 1954/3704/3618 1977/3703/3617 1978/3705/3619
f 1954/3704/3618 1978/3705/3619 1955/3706/3620
f 1955/3706/3620 1978/3705/3619 1979/3707/3621
f 1955/3706/3620 1979/3707/3621 1956/3708/3622
f 1956/3708/3622 1979/3707/3621 1980/3709/3623
f 1956/3708/3622 1980/3709/3623 1957/3710/3624
f 1957/3710/3624 1980/3709/3623 1981/3711/3625
f 1957/3710/3624 1981/3711/3625 1958/3712/3626
f 1958/3712/3626 1981/3711/3625 1982/3713/3627
f 1958/3712/3626 1982/3713/3627 1959/3714/3628
f 1959/3714/3628 1982/3713/3627 1983/3715/3629
f 1959/3714/3628 1983/3715/3629 1960/3716/3630
f 1960/3716/3630 1983/3715/3629 1984/3717/3631
f 1960/3716/3630 1984/3717/3631 1961/3718/3632
f 1961/3718/3632 1984/3717/3631 1985/3719/3633
f 1961/3718/3632 1985/3719/3633 1962/3720/3634
f 1962/3720/3634 1985/3719/3633 1986/3721/3635
f 1962/3720/3634 1986/3721/3635 1963/3722/3636
f 1963/3722/3636 1986/3721/3635 1987/3723/3637
f 1963/3722/3636 1987/3723/3637 1964/3724/3638
f 1964/3724/3638 1987/3723/3637 1988/3725/3639
f 1964/3724/3638 1988/3725/3639 1965/3726/3640
f 1965/3726/3640 1988/3725/3639 1989/3727/3641
f 1965/3726/3640 1989/3727/3641 1966/3728/3642
f 1966/3728/3642 1989/3727/3641 1990/3729/3643
f 1966/3728/3642 1990/3729/3643 1967/3730/3644
f 1967/3730/3644 1990/3729/3643 1991/3731/3645
f 1967/3730/3644 1991/3731/3645 1968/3732/3646
f 1968/3732/3646 1991/3731/3645 1992/3733/3647
f 1968/3732/3646 1992/3733/3647 1969/3734/3648
f 1969/3734/3648 1992/3733/3647 1993/3735/3649
f 1969/3734/3648 1993/3735/3649 1970/3686/3602
f 1970/3686/3602 1993/3735/3649 1994/3687/3603
f 2018/3736/3650 1995/3737/3651 1983/3738/3652
f 1983/3738/3652 1995/3737/3651 1996/3739/3653
f 1983/3738/3652 1996/3739/3653 1984/3740/3654
f 1984/3740/3654 1996/3739/3653 1997/3741/3655
f 1984/3740/3654 1997/3741/3655 1985/3742/3656
f 1985/3742/3656 1997/3741/3655 1998/3743/3657
f 1985/3742/3656 1998/3743/3657 1986/3744/3658
f 1986/3744/3658 1998/3743/3657 1999/3745/3659
f 1986/3744/3658 1999/3745/3659 1987/3746/3660
f 1987/3746/3660 1999/3745/3659 2000/3747/3661
f 1987/3746/3660 2000/3747/3661 1988/3748/3662
f 1988/3748/3662 2000/3747/3661 2001/3749/3663
f 1988/3748/3662 2001/3749/3663 1989/3750/3664
f 1989/3750/3664 2001/3749/3663 1990/3751/3665
f 1990/3751/3665 2001/3749/3663 2002/3752/3666
f 1990/3751/3665 2002/3752/3666 1991/3753/3667
f 1991/3753/3667 2002/3752/3666 2003/3754/3668
f 1991/3753/3667 2003/3754/3668 1992/3755/3669
f 1992/3755/3669 2003/3754/3668 2004/3756/3670
f 1992/3755/3669 2004/3756/3670 1993/3757/3671
f 1993/3757/3671 2004/3756/3670 2005/3758/3672
f 1993/3757/3671 2005/3758/3672 1994/3759/3673
f 1994/3759/3673 2005/3758/3672 2006/3760/3674
f 1994/3759/3673 2006/3760/3674 1971/3761/3675
f 1971/3761/3675 2006/3760/3674 2007/3762/3676
f 1971/3761/3675 2007/3762/3676 1972/3763/3677
f 1972/3763/3677 2007/3762/3676 2008/3764/3678
f 1972/3763/3677 2008/3764/3678 2009/3765/3679
f 1972/3763/3677 2009/3765/3679 1973/3766/3680
f 1973/3766/3680 2009/3765/3679 2010/3767/3681
f 1973/3766/3680 2010/3767/3681 1974/3768/3682
f 1974/3768/3682 2010/3767/3681 2011/3769/3683
f 1974/3768/3682 2011/3769/3683 1975/3770/3684
f 1975/3770/3684 2011/3769/3683 2012/3771/3685
f 1975/3770/3684 2012/3771/3685 1976/3772/3686
f 1976/3772/3686 2012/3771/3685 2013/3773/3687
f 1976/3772/3686 2013/3773/3687 1977/3774/3688
f 1977/3774/3688 2013/3773/3687 1978/3775/3689
f 1978/3775/3689 2013/3773/3687 2014/3776/3690
f 1978/3775/3689 2014/3776/3690 1979/3777/3691
f 1979/3777/3691 2014/3776/3690 2015/3778/3692
f 1979/3777/3691 2015/3778/3692 1980/3779/3693
f 1980/3779/3693 2015/3778/3692 2016/3780/3694
f 1980/3779/3693 2016/3780/3694 1981/3781/3695
f 1981/3781/3695 2016/3780/3694 2017/3782/3696
f 1981/3781/3695 2017/3782/3696 1982/3783/3697
f 1982/3783/3697 2017/3782/3696 2018/3736/3650
f 1982/3783/3697 2018/3736/3650 1983/3738/3652
f 2020/3784/3698 2044/3785/3699 2019/3786/3700
f 2019/3786/3700 2044/3785/3699 2043/3787/3701
f 2019/3788/3700 2043/3789/3701 2042/3790/3702
f 2042/3790/3702 2043/3789/3701 2066/3791/3703
f 2042/3790/3702 2066/3791/3703 2041/3792/3704
f 2041/3792/3704 2066/3791/3703 2065/3793/3705
f 2041/3792/3704 2065/3793/3705 2040/3794/3706
f 2040/3794/3706 2065/3793/3705 2064/3795/3707
f 2040/3794/3706 2064/3795/3707 2039/3796/3708
f 2039/3796/3708 2064/3795/3707 2063/3797/3709
f 2039/3796/3708 2063/3797/3709 2038/3798/3710
f 2038/3798/3710 2063/3797/3709 2062/3799/3711
f 2038/3798/3710 2062/3799/3711 2037/3800/3712
f 2037/3800/3712 2062/3799/3711 2061/3801/3713
f 2037/3800/3712 2061/3801/3713 2036/3802/3714
f 2036/3802/3714 2061/3801/3713 2060/3803/3715
f 2036/3802/3714 2060/3803/3715 2035/3804/3716
f 2035/3804/3716 2060/3803/3715 2059/3805/3717
f 2035/3804/3716 2059/3805/3717 2034/3806/3718
f 2034/3806/3718 2059/3805/3717 2058/3807/3719
f 2034/3806/3718 2058/3807/3719 2033/3808/3720
f 2033/3808/3720 2058/3807/3719 2057/3809/3721
f 2033/3808/3720 2057/3809/3721 2032/3810/3722
f 2032/3810/3722 2057/3809/3721 2056/3811/3723
f 2032/3810/3722 2056/3811/3723 2031/3812/3724
f 2031/3812/3724 2056/3811/3723 2055/3813/3725
f 2031/3812/3724 2055/3813/3725 2030/3814/3726
f 2030/3814/3726 2055/3813/3725 2054/3815/3727
f 2030/3814/3726 2054/3815/3727 2029/3816/3728
f 2029/3816/3728 2054/3815/3727 2053/3817/3729
f 2029/3816/3728 2053/3817/3729 2028/3818/3730
f 2028/3818/3730 2053/3817/3729 2052/3819/3731
f 2028/3818/3730 2052/3819/3731 2027/3820/3732
f 2027/3820/3732 2052/3819/3731 2051/3821/3733
f 2027/3820/3732 2051/3821/3733 2026/3822/3734
f 2026/3822/3734 2051/3821/3733 2050/3823/3735
f 2026/3822/3734 2050/3823/3735 2025/3824/3736
f 2025/3824/3736 2050/3823/3735 2049/3825/3737
f 2025/3824/3736 2049/3825/3737 2024/3826/3738
f 2024/3826/3738 2049/3825/3737 2048/3827/3739
f 2024/3826/3738 2048/3827/3739 2023/3828/3740
f 2023/3828/3740 2048/3827/3739 2047/3829/3741
f 2023/3828/3740 2047/3829/3741 2022/3830/3742
f 2022/3830/3742 2047/3829/3741 2046/3831/3743
f 2022/3830/3742 2046/3831/3743 2021/3832/3744
f 2021/3832/3744 2046/3831/3743 2045/3833/3745
f 2021/3832/3744 2045/3833/3745 2020/3784/3698
f 2020/3784/3698 2045/3833/3745 2044/3785/3699
f 2018/3834/3746 2066/3791/3703 1995/3835/3747
f 1995/3835/3747 2066/3791/3703 2043/3789/3701
f 1995/3836/3747 2043/3787/3701 1996/3837/3748
f 1996/3837/3748 2043/3787/3701 2044/3785/3699
f 1996/3837/3748 2044/3785/3699 1997/3838/3749
f 1997/3838/3749 2044/3785/3699 2045/3833/3745
f 1997/3838/3749 2045/3833/3745 1998/3839/3750
f 1998/3839/3750 2045/3833/3745 2046/3831/3743
f 1998/3839/3750 2046/3831/3743 1999/3840/3751
f 1999/3840/3751 2046/3831/3743 2047/3829/3741
f 1999/3840/3751 2047/3829/3741 2000/3841/3752
f 2000/3841/3752 2047/3829/3741 2048/3827/3739
f 2000/3841/3752 2048/3827/3739 2001/3842/3753
f 2001/3842/3753 2048/3827/3739 2049/3825/3737
f 2001/3842/3753 2049/3825/3737 2002/3843/3754
f 2002/3843/3754 2049/3825/3737 2050/3823/3735
f 2002/3843/3754 2050/3823/3735 2003/3844/3755
f 2003/3844/3755 2050/3823/3735 2051/3821/3733
f 2003/3844/3755 2051/3821/3733 2004/3845/3756
f 2004/3845/3756 2051/3821/3733 2052/3819/3731
f 2004/3845/3756 2052/3819/3731 2005/3846/3757
f 2005/3846/3757 2052/3819/3731 2053/3817/3729
f 2005/3846/3757 2053/3817/3729 2006/3847/3758
f 2006/3847/3758 2053/3817/3729 2054/3815/3727
f 2006/3847/3758 2054/3815/3727 2007/3848/3759
f 2007/3848/3759 2054/3815/3727 2055/3813/3725
f 2007/3848/3759 2055/3813/3725 2008/3849/3760
f 2008/3849/3760 2055/3813/3725 2056/3811/3723
f 2008/3849/3760 2056/3811/3723 2009/3850/3761
f 2009/3850/3761 2056/3811/3723 2057/3809/3721
f 2009/3850/3761 2057/3809/3721 2010/3851/3762
f 2010/3851/3762 2057/3809/3721 2058/3807/3719
f 2010/3851/3762 2058/3807/3719 2011/3852/3763
f 2011/3852/3763 2058/3807/3719 2059/3805/3717
f 2011/3852/3763 2059/3805/3717 2012/3853/3764
f 2012/3853/3764 2059/3805/3717 2060/3803/3715
f 2012/3853/3764 2060/3803/3715 2013/3854/3765
f 2013/3854/3765 2060/3803/3715 2061/3801/3713
f 2013/3854/3765 2061/3801/3713 2014/3855/3766
f 2014/3855/3766 2061/3801/3713 2062/3799/3711
f 2014/3855/3766 2062/3799/3711 2015/3856/3767
f 2015/3856/3767 2062/3799/3711 2063/3797/3709
f 2015/3856/3767 2063/3797/3709 2016/3857/3768
f 2016/3857/3768 2063/3797/3709 2064/3795/3707
f 2016/3857/3768 2064/3795/3707 2017/3858/3769
f 2017/3858/3769 2064/3795/3707 2065/3793/3705
f 2017/3858/3769 2065/3793/3705 2018/3834/3746
f 2018/3834/3746 2065/3793/3705 2066/3791/3703
f 2042/3859/3770 2032/3860/3771 2019/3861/3772
f 2019/3861/3772 2032/3860/3771 2031/3862/3773
f 2019/3861/3772 2031/3862/3773 2020/3863/3774
f 2020/3863/3774 2031/3862/3773 2030/3864/3775
f 2020/3863/3774 2030/3864/3775 2021/3865/3776
f 2021/3865/3776 2030/3864/3775 2029/3866/3777
f 2021/3865/3776 2029/3866/3777 2022/3867/3778
f 2022/3867/3778 2029/3866/3777 2028/3868/3779
f 2022/3867/3778 2028/3868/3779 2023/3869/3780
f 2023/3869/3780 2028/3868/3779 2027/3870/3781
f 2023/3869/3780 2027/3870/3781 2024/3871/3782
f 2024/3871/3782 2027/3870/3781 2026/3872/3783
f 2024/3871/3782 2026/3872/3783 2025/3873/3784
f 2032/3860/3771 2042/3859/3770 2033/3874/3785
f 2033/3874/3785 2042/3859/3770 2041/3875/3786
f 2033/3874/3785 2041/3875/3786 2034/3876/3787
f 2034/3876/3787 2041/3875/3786 2040/3877/3788
f 2034/3876/3787 2040/3877/3788 2035/3878/3789
f 2035/3878/3789 2040/3877/3788 2039/3879/3790
f 2035/3878/3789 2039/3879/3790 2036/3880/3791
f 2036/3880/3791 2039/3879/3790 2038/3881/3792
f 2036/3880/3791 2038/3881/3792 2037/3882/3793
g Body1:9

v -15.500000 2.000000 -15.500000
v -15.540940 1.597403 -15.500000
v -15.662084 1.211288 -15.500000
v -15.858473 0.857464 -15.500000
v -16.122066 0.550414 -15.500000
v -16.442072 0.302711 -15.500000
v -16.805389 0.124496 -15.500000
v -17.197144 0.023063 -15.500000
v -17.601298 0.002567 -15.500000
v -18.001305 0.063846 -15.500000
v -18.380788 0.204391 -15.500000
v -18.724212 0.418449 -15.500000
v -19.017516 0.697255 -15.500000
v -19.248693 1.029396 -15.500000
v -19.408279 1.401274 -15.500000
v -19.489739 1.797663 -15.500000
v -19.489739 2.202337 -15.500000
v -19.408279 2.598726 -15.500000
v -19.248693 2.970604 -15.500000
v -19.017516 3.302745 -15.500000
v -18.724212 3.581551 -15.500000
v -18.380788 3.795609 -15.500000
v -18.001305 3.936154 -15.500000
v -17.601298 3.997433 -15.500000
v -17.197144 3.976937 -15.500000
v -16.805389 3.875504 -15.500000
v -16.442072 3.697289 -15.500000
v -16.122066 3.449586 -15.500000
v -15.858473 3.142536 -15.500000
v -15.662084 2.788712 -15.500000
v -15.540940 2.402597 -15.500000
v -15.500000 2.000000 -19.500000
v -15.540940 2.402597 -19.500000
v -15.662084 2.788712 -19.500000
v -15.858473 3.142536 -19.500000
v -16.122066 3.449586 -19.500000
v -16.442072 3.697289 -19.500000
v -16.805389 3.875504 -19.500000
v -17.197144 3.976937 -19.500000
v -17.601298 3.997433 -19.500000
v -18.001305 3.936154 -19.500000
v -18.380788 3.795609 -19.500000
v -18.724212 3.581551 -19.500000
v -19.017516 3.302745 -19.500000
v -19.248693 2.970604 -19.500000
v -19.408279 2.598726 -19.500000
v -19.489739 2.202337 -19.500000
v -19.489739 1.797663 -19.500000
v -19.408279 1.401274 -19.500000
v -19.248693 1.029396 -19.500000
v -19.017516 0.697255 -19.500000
v -18.724212 0.418449 -19.500000
v -18.380788 0.204391 -19.500000
v -18.001305 0.063846 -19.500000
v -17.601298 0.002567 -19.500000
v -17.197144 0.023063 -19.500000
v -16.805389 0.124496 -19.500000
v -16.442072 0.302711 -19.500000
v -16.122066 0.550414 -19.500000
v -15.858473 0.857464 -19.500000
v -15.662084 1.211288 -19.500000
v -15.540940 1.597403 -19.500000
v -16.800000 2.000000 -19.500000
v -16.823852 2.181173 -19.500000
v -16.893782 2.350000 -19.500000
v -17.005025 2.494975 -19.500000
v -17.150000 2.606218 -19.500000
v -17.318827 2.676148 -19.500000
v -17.500000 2.700000 -19.500000
v -17.681173 2.676148 -19.500000
v -17.850000 2.606218 -19.500000
v -17.994975 2.494975 -19.500000
v -18.106218 2.350000 -19.500000
v -18.176148 2.181173 -19.500000
v -18.200000 2.000000 -19.500000
v -18.176148 1.818827 -19.500000
v -18.106218 1.650000 -19.500000
v -17.994975 1.505025 -19.500000
v -17.850000 1.393782 -19.500000
v -17.681173 1.323852 -19.500000
v -17.500000 1.300000 -19.500000
v -17.318827 1.323852 -19.500000
v -17.150000 1.393782 -19.500000
v -17.005025 1.505025 -19.500000
v -16.893782 1.650000 -19.500000
v -16.823852 1.818827 -19.500000
v -16.800000 2.000000 -21.000000
v -16.823852 2.181173 -21.000000
v -16.893782 2.350000 -21.000000
v -17.005025 2.494975 -21.000000
v -17.150000 2.606218 -21.000000
v -17.318827 2.676148 -21.000000
v -17.500000 2.700000 -21.000000
v -17.681173 2.676148 -21.000000
v -17.850000 2.606218 -21.000000
v -17.994975 2.494975 -21.000000
v -18.106218 2.350000 -21.000000
v -18.176148 2.181173 -21.000000
v -18.200000 2.000000 -21.000000
v -18.176148 1.818827 -21.000000
v -18.106218 1.650000 -21.000000
v -17.994975 1.505025 -21.000000
v -17.850000 1.393782 -21.000000
v -17.681173 1.323852 -21.000000
v -17.500000 1.300000 -21.000000
v -17.318827 1.323852 -21.000000
v -17.150000 1.393782 -21.000000
v -17.005025 1.505025 -21.000000
v -16.893782 1.650000 -21.000000
v -16.823852 1.818827 -21.000000
v -17.800000 2.000000 -21.000000
v -17.789778 1.922354 -21.000000
v -17.759808 1.850000 -21.000000
v -17.712132 1.787868 -21.000000
v -17.650000 1.740192 -21.000000
v -17.577646 1.710222 -21.000000
v -17.500000 1.700000 -21.000000
v -17.422354 1.710222 -21.000000
v -17.350000 1.740192 -21.000000
v -17.287868 1.787868 -21.000000
v -17.240192 1.850000 -21.000000
v -17.210222 1.922354 -21.000000
v -17.200000 2.000000 -21.000000
v -17.210222 2.077646 -21.000000
v -17.240192 2.150000 -21.000000
v -17.287868 2.212132 -21.000000
v -17.350000 2.259808 -21.000000
v -17.422354 2.289778 -21.000000
v -17.500000 2.300000 -21.000000
v -17.577646 2.289778 -21.000000
v -17.650000 2.259808 -21.000000
v -17.712132 2.212132 -21.000000
v -17.759808 2.150000 -21.000000
v -17.789778 2.077646 -21.000000
v -17.800000 2.000000 -24.500000
v -17.789778 1.922354 -24.500000
v -17.759808 1.850000 -24.500000
v -17.712132 1.787868 -24.500000
v -17.650000 1.740192 -24.500000
v -17.577646 1.710222 -24.500000
v -17.500000 1.700000 -24.500000
v -17.422354 1.710222 -24.500000
v -17.350000 1.740192 -24.500000
v -17.287868 1.787868 -24.500000
v -17.240192 1.850000 -24.500000
v -17.210222 1.922354 -24.500000
v -17.200000 2.000000 -24.500000
v -17.210222 2.077646 -24.500000
v -17.240192 2.150000 -24.500000
v -17.287868 2.212132 -24.500000
v -17.350000 2.259808 -24.500000
v -17.422354 2.289778 -24.500000
v -17.500000 2.300000 -24.500000
v -17.577646 2.289778 -24.500000
v -17.650000 2.259808 -24.500000
v -17.712132 2.212132 -24.500000
v -17.759808 2.150000 -24.500000
v -17.789778 2.077646 -24.500000
v -17.800000 2.000000 -22.750000
v -17.789778 1.922354 -22.750000
v -17.759808 1.850000 -22.750000
v -17.712132 1.787868 -22.750000
v -17.650000 1.740192 -22.750000
v -17.577646 1.710222 -22.750000
v -17.500000 1.700000 -22.750000
v -17.422354 1.710222 -22.750000
v -17.350000 1.740192 -22.750000
v -17.287868 1.787868 -22.750000
v -17.240192 1.850000 -22.750000
v -17.210222 1.922354 -22.750000
v -17.200000 2.000000 -22.750000
v -17.210222 2.077646 -22.750000
v -17.240192 2.150000 -22.750000
v -17.287868 2.212132 -22.750000
v -17.350000 2.259808 -22.750000
v -17.422354 2.289778 -22.750000
v -17.500000 2.300000 -22.750000
v -17.577646 2.289778 -22.750000
v -17.650000 2.259808 -22.750000
v -17.712132 2.212132 -22.750000
v -17.759808 2.150000 -22.750000
v -17.789778 2.077646 -22.750000
vt -4.000000 5.877819 0.000000
vt 0.000000 5.877819 0.000000
vt -4.000000 6.283185 0.000000
vt -0.000000 6.283185 0.000000
vt -4.000000 -6.283185 0.000000
vt -0.000000 -6.283185 0.000000
vt -4.000000 -5.877819 0.000000
vt -0.000000 -5.877819 0.000000
vt -4.000000 -5.472452 0.000000
vt -0.000000 -5.472452 0.000000
vt -4.000000 -5.067085 0.000000
vt -0.000000 -5.067085 0.000000
vt -4.000000 -4.661718 0.000000
vt -0.000000 -4.661718 0.000000
vt -4.000000 -4.256351 0.000000
vt -0.000000 -4.256351 0.000000
vt -4.000000 -3.850985 0.000000
vt -0.000000 -3.850985 0.000000
vt -4.000000 -3.445618 0.000000
vt -0.000000 -3.445618 0.000000
vt -4.000000 -3.040251 0.000000
vt -0.000000 -3.040251 0.000000
vt -4.000000 -2.634884 0.000000
vt -0.000000 -2.634884 0.000000
vt -4.000000 -2.229517 0.000000
vt -0.000000 -2.229517 0.000000
vt -4.000000 -1.824151 0.000000
vt -0.000000 -1.824151 0.000000
vt -4.000000 -1.418784 0.000000
vt -0.000000 -1.418784 0.000000
vt -4.000000 -1.013417 0.000000
vt -0.000000 -1.013417 0.000000
vt -4.000000 -0.608050 0.000000
vt -0.000000 -0.608050 0.000000
vt -4.000000 -0.202683 0.000000
vt -0.000000 -0.202683 0.000000
vt -4.000000 0.202683 0.000000
vt 0.000000 0.202683 0.000000
vt -4.000000 0.608050 0.000000
vt 0.000000 0.608050 0.000000
vt -4.000000 1.013417 0.000000
vt 0.000000 1.013417 0.000000
vt -4.000000 1.418784 0.000000
vt 0.000000 1.418784 0.000000
vt -4.000000 1.824151 0.000000
vt 0.000000 1.824151 0.000000
vt -4.000000 2.229517 0.000000
vt 0.000000 2.229517 0.000000
vt -4.000000 2.634884 0.000000
vt 0.000000 2.634884 0.000000
vt -4.000000 3.040251 0.000000
vt 0.000000 3.040251 0.000000
vt -4.000000 3.445618 0.000000
vt 0.000000 3.445618 0.000000
vt -4.000000 3.850985 0.000000
vt 0.000000 3.850985 0.000000
vt -4.000000 4.256351 0.000000
vt 0.000000 4.256351 0.000000
vt -4.000000 4.661718 0.000000
vt 0.000000 4.661718 0.000000
vt -4.000000 5.067085 0.000000
vt 0.000000 5.067085 0.000000
vt -4.000000 5.472452 0.000000
vt 0.000000 5.472452 0.000000
vt -2.000000 0.000000 0.000000
vt -1.959060 -0.402597 0.000000
vt -1.959060 0.402597 0.000000
vt -1.837916 0.788712 0.000000
vt -1.837916 -0.788712 0.000000
vt -1.641527 1.142536 0.000000
vt -1.641527 -1.142536 0.000000
vt -1.377934 1.449586 0.000000
vt -1.377934 -1.449586 0.000000
vt -1.057928 1.697289 0.000000
vt -0.694611 1.875504 0.000000
vt -0.302856 1.976937 0.000000
vt 0.101298 1.997433 0.000000
vt 0.501305 1.936154 0.000000
vt 0.880788 1.795609 0.000000
vt 1.224212 1.581551 0.000000
vt 1.517516 1.302745 0.000000
vt 1.748693 0.970604 0.000000
vt 1.908279 0.598726 0.000000
vt 1.989739 0.202337 0.000000
vt 1.989739 -0.202337 0.000000
vt 1.908279 -0.598726 0.000000
vt -1.057928 -1.697289 0.000000
vt 1.748693 -0.970604 0.000000
vt 1.517516 -1.302745 0.000000
vt 1.224212 -1.581551 0.000000
vt 0.880788 -1.795609 0.000000
vt -0.694611 -1.875504 0.000000
vt 0.501305 -1.936154 0.000000
vt -0.302856 -1.976937 0.000000
vt 0.101298 -1.997433 0.000000
vt 0.676148 -0.181173 0.000000
vt 1.959060 -0.402597 0.000000
vt 0.700000 0.000000 0.000000
vt 2.000000 0.000000 0.000000
vt 1.959060 0.402597 0.000000
vt 1.837916 -0.788712 0.000000
vt 0.606218 -0.350000 0.000000
vt 1.641527 -1.142536 0.000000
vt 0.494975 -0.494975 0.000000
vt 1.377934 -1.449586 0.000000
vt 1.057928 -1.697289 0.000000
vt 0.350000 -0.606218 0.000000
vt 0.694611 -1.875504 0.000000
vt 0.181173 -0.676148 0.000000
vt 0.302856 -1.976937 0.000000
vt -0.000000 -0.700000 0.000000
vt -0.101298 -1.997433 0.000000
vt -0.181173 -0.676148 0.000000
vt -0.501305 -1.936154 0.000000
vt -0.880788 -1.795609 0.000000
vt -0.350000 -0.606218 0.000000
vt -1.224212 -1.581551 0.000000
vt -0.494975 -0.494975 0.000000
vt -1.517516 -1.302745 0.000000
vt -0.606218 -0.350000 0.000000
vt -1.748693 -0.970604 0.000000
vt -1.908279 -0.598726 0.000000
vt -0.676148 -0.181173 0.000000
vt -1.989739 -0.202337 0.000000
vt -0.700000 0.000000 0.000000
vt -1.989739 0.202337 0.000000
vt -0.676148 0.181173 0.000000
vt -1.908279 0.598726 0.000000
vt -0.606218 0.350000 0.000000
vt -1.748693 0.970604 0.000000
vt -1.517516 1.302745 0.000000
vt -0.494975 0.494975 0.000000
vt -1.224212 1.581551 0.000000
vt -0.350000 0.606218 0.000000
vt -0.880788 1.795609 0.000000
vt -0.181173 0.676148 0.000000
vt -0.501305 1.936154 0.000000
vt -0.101298 1.997433 0.000000
vt -0.000000 0.700000 0.000000
vt 0.302856 1.976937 0.000000
vt 0.181173 0.676148 0.000000
vt 0.694611 1.875504 0.000000
vt 0.350000 0.606218 0.000000
vt 1.057928 1.697289 0.000000
vt 0.494975 0.494975 0.000000
vt 1.377934 1.449586 0.000000
vt 1.641527 1.142536 0.000000
vt 0.606218 0.350000 0.000000
vt 1.837916 0.788712 0.000000
vt 0.676148 0.181173 0.000000
vt -1.500000 2.015855 0.000000
vt 0.000000 2.015855 0.000000
vt -1.500000 2.199115 0.000000
vt -0.000000 2.199115 0.000000
vt -1.500000 -2.199115 0.000000
vt -0.000000 -2.199115 0.000000
vt -1.500000 -2.015855 0.000000
vt -0.000000 -2.015855 0.000000
vt -1.500000 -1.832596 0.000000
vt -0.000000 -1.832596 0.000000
vt -1.500000 -1.649336 0.000000
vt -0.000000 -1.649336 0.000000
vt -1.500000 -1.466077 0.000000
vt -0.000000 -1.466077 0.000000
vt -1.500000 -1.282817 0.000000
vt -0.000000 -1.282817 0.000000
vt -1.500000 -1.099557 0.000000
vt -0.000000 -1.099557 0.000000
vt -1.500000 -0.916298 0.000000
vt -0.000000 -0.916298 0.000000
vt -1.500000 -0.733038 0.000000
vt -0.000000 -0.733038 0.000000
vt -1.500000 -0.549779 0.000000
vt -0.000000 -0.549779 0.000000
vt -1.500000 -0.366519 0.000000
vt -0.000000 -0.366519 0.000000
vt -1.500000 -0.183260 0.000000
vt -0.000000 -0.183260 0.000000
vt -1.500000 0.000000 0.000000
vt -0.000000 0.000000 0.000000
vt -1.500000 0.183260 0.000000
vt 0.000000 0.183260 0.000000
vt -1.500000 0.366519 0.000000
vt 0.000000 0.366519 0.000000
vt -1.500000 0.549779 0.000000
vt 0.000000 0.549779 0.000000
vt -1.500000 0.733038 0.000000
vt 0.000000 0.733038 0.000000
vt -1.500000 0.916298 0.000000
vt 0.000000 0.916298 0.000000
vt -1.500000 1.099557 0.000000
vt 0.000000 1.099557 0.000000
vt -1.500000 1.282817 0.000000
vt 0.000000 1.282817 0.000000
vt -1.500000 1.466077 0.000000
vt 0.000000 1.466077 0.000000
vt -1.500000 1.649336 0.000000
vt 0.000000 1.649336 0.000000
vt -1.500000 1.832596 0.000000
vt 0.000000 1.832596 0.000000
vt -0.289778 -0.077646 0.000000
vt -0.300000 0.000000 0.000000
vt -0.700000 0.000000 0.000000
vt -0.289778 0.077646 0.000000
vt -0.676148 0.181173 0.000000
vt -0.259808 0.150000 0.000000
vt -0.606218 0.350000 0.000000
vt -0.212132 0.212132 0.000000
vt -0.494975 0.494975 0.000000
vt -0.150000 0.259808 0.000000
vt -0.350000 0.606218 0.000000
vt -0.077646 0.289778 0.000000
vt -0.181173 0.676148 0.000000
vt -0.000000 0.300000 0.000000
vt -0.000000 0.700000 0.000000
vt 0.181173 0.676148 0.000000
vt 0.077646 0.289778 0.000000
vt 0.350000 0.606218 0.000000
vt 0.150000 0.259808 0.000000
vt 0.494975 0.494975 0.000000
vt 0.212132 0.212132 0.000000
vt 0.606218 0.350000 0.000000
vt 0.259808 0.150000 0.000000
vt 0.676148 0.181173 0.000000
vt 0.289778 0.077646 0.000000
vt 0.700000 0.000000 0.000000
vt 0.300000 0.000000 0.000000
vt 0.676148 -0.181173 0.000000
vt 0.289778 -0.077646 0.000000
vt 0.259808 -0.150000 0.000000
vt 0.606218 -0.350000 0.000000
vt 0.212132 -0.212132 0.000000
vt 0.494975 -0.494975 0.000000
vt 0.150000 -0.259808 0.000000
vt 0.350000 -0.606218 0.000000
vt 0.077646 -0.289778 0.000000
vt 0.181173 -0.676148 0.000000
vt -0.000000 -0.300000 0.000000
vt -0.000000 -0.700000 0.000000
vt -0.181173 -0.676148 0.000000
vt -0.077646 -0.289778 0.000000
vt -0.350000 -0.606218 0.000000
vt -0.150000 -0.259808 0.000000
vt -0.494975 -0.494975 0.000000
vt -0.212132 -0.212132 0.000000
vt -0.606218 -0.350000 0.000000
vt -0.259808 -0.150000 0.000000
vt -0.676148 -0.181173 0.000000
vt -3.500000 0.863938 0.000000
vt -1.750000 0.863938 0.000000
vt -3.500000 0.942478 0.000000
vt -1.750000 0.942478 0.000000
vt -3.500000 -0.942478 0.000000
vt -1.750000 -0.942478 0.000000
vt -3.500000 -0.863938 0.000000
vt -1.750000 -0.863938 0.000000
vt -3.500000 -0.785398 0.000000
vt -1.750000 -0.785398 0.000000
vt -3.500000 -0.706858 0.000000
vt -1.750000 -0.706858 0.000000
vt -3.500000 -0.628319 0.000000
vt -1.750000 -0.628319 0.000000
vt -3.500000 -0.549779 0.000000
vt -1.750000 -0.549779 0.000000
vt -3.500000 -0.471239 0.000000
vt -1.750000 -0.471239 0.000000
vt -3.500000 -0.392699 0.000000
vt -1.750000 -0.392699 0.000000
vt -3.500000 -0.314159 0.000000
vt -1.750000 -0.314159 0.000000
vt -3.500000 -0.235619 0.000000
vt -1.750000 -0.235619 0.000000
vt -3.500000 -0.157080 0.000000
vt -1.750000 -0.157080 0.000000
vt -3.500000 -0.078540 0.000000
vt -1.750000 -0.078540 0.000000
vt -3.500000 -0.000000 0.000000
vt -1.750000 -0.000000 0.000000
vt -3.500000 0.078540 0.000000
vt -1.750000 0.078540 0.000000
vt -3.500000 0.157080 0.000000
vt -1.750000 0.157080 0.000000
vt -3.500000 0.235619 0.000000
vt -1.750000 0.235619 0.000000
vt -3.500000 0.314159 0.000000
vt -1.750000 0.314159 0.000000
vt -3.500000 0.392699 0.000000
vt -1.750000 0.392699 0.000000
vt -3.500000 0.471239 0.000000
vt -1.750000 0.471239 0.000000
vt -3.500000 0.549779 0.000000
vt -1.750000 0.549779 0.000000
vt -3.500000 0.628319 0.000000
vt -1.750000 0.628319 0.000000
vt -3.500000 0.706858 0.000000
vt -1.750000 0.706858 0.000000
vt -3.500000 0.785398 0.000000
vt -1.750000 0.785398 0.000000
vt 0.000000 -0.863938 0.000000
vt -0.000000 -0.942478 0.000000
vt -0.000000 0.942478 0.000000
vt -0.000000 0.863938 0.000000
vt -0.000000 0.785398 0.000000
vt -0.000000 0.706858 0.000000
vt -0.000000 0.628319 0.000000
vt -0.000000 0.549779 0.000000
vt -0.000000 0.471239 0.000000
vt -0.000000 0.392699 0.000000
vt -0.000000 0.314159 0.000000
vt -0.000000 0.235619 0.000000
vt -0.000000 0.157080 0.000000
vt -0.000000 0.078540 0.000000
vt -0.000000 0.000000 0.000000
vt 0.000000 -0.078540 0.000000
vt 0.000000 -0.157080 0.000000
vt 0.000000 -0.235619 0.000000
vt 0.000000 -0.314159 0.000000
vt 0.000000 -0.392699 0.000000
vt 0.000000 -0.471239 0.000000
vt 0.000000 -0.549779 0.000000
vt 0.000000 -0.628319 0.000000
vt 0.000000 -0.706858 0.000000
vt 0.000000 -0.785398 0.000000
vt -0.289778 -0.077646 0.000000
vt 0.289778 -0.077646 0.000000
vt -0.300000 0.000000 0.000000
vt 0.300000 0.000000 0.000000
vt -0.289778 0.077646 0.000000
vt 0.289778 0.077646 0.000000
vt -0.259808 0.150000 0.000000
vt 0.259808 0.150000 0.000000
vt -0.212132 0.212132 0.000000
vt 0.212132 0.212132 0.000000
vt -0.150000 0.259808 0.000000
vt 0.150000 0.259808 0.000000
vt -0.077646 0.289778 0.000000
vt 0.077646 0.289778 0.000000
vt 0.000000 0.300000 0.000000
vt 0.259808 -0.150000 0.000000
vt -0.259808 -0.150000 0.000000
vt 0.212132 -0.212132 0.000000
vt -0.212132 -0.212132 0.000000
vt 0.150000 -0.259808 0.000000
vt -0.150000 -0.259808 0.000000
vt 0.077646 -0.289778 0.000000
vt -0.077646 -0.289778 0.000000
vt 0.000000 -0.300000 0.000000
vn 0.979530 -0.201299 0.000000
vn 0.979530 -0.201299 0.000000
vn 1.000000 -0.000000 0.000000
vn 1.000000 -0.000000 0.000000
vn 0.979530 0.201299 -0.000000
vn 0.979530 0.201299 -0.000000
vn 0.918958 0.394356 -0.000000
vn 0.918958 0.394356 -0.000000
vn 0.820763 0.571268 -0.000000
vn 0.820763 0.571268 -0.000000
vn 0.688967 0.724793 -0.000000
vn 0.688967 0.724793 -0.000000
vn 0.528964 0.848644 -0.000000
vn 0.528964 0.848644 -0.000000
vn 0.347305 0.937752 -0.000000
vn 0.347305 0.937752 -0.000000
vn 0.151428 0.988468 -0.000000
vn 0.151428 0.988468 -0.000000
vn -0.050649 0.998717 -0.000000
vn -0.050649 0.998717 -0.000000
vn -0.250653 0.968077 -0.000000
vn -0.250653 0.968077 -0.000000
vn -0.440394 0.897805 -0.000000
vn -0.440394 0.897805 -0.000000
vn -0.612106 0.790776 -0.000000
vn -0.612106 0.790776 -0.000000
vn -0.758758 0.651372 -0.000000
vn -0.758758 0.651372 -0.000000
vn -0.874347 0.485302 -0.000000
vn -0.874347 0.485302 -0.000000
vn -0.954139 0.299363 -0.000000
vn -0.954139 0.299363 -0.000000
vn -0.994869 0.101168 -0.000000
vn -0.994869 0.101168 -0.000000
vn -0.994869 -0.101168 0.000000
vn -0.994869 -0.101168 0.000000
vn -0.954139 -0.299363 0.000000
vn -0.954139 -0.299363 0.000000
vn -0.874347 -0.485302 0.000000
vn -0.874347 -0.485302 0.000000
vn -0.758758 -0.651372 0.000000
vn -0.758758 -0.651372 0.000000
vn -0.612106 -0.790776 0.000000
vn -0.612106 -0.790776 0.000000
vn -0.440394 -0.897805 0.000000
vn -0.440394 -0.897805 0.000000
vn -0.250653 -0.968077 0.000000
vn -0.250653 -0.968077 0.000000
vn -0.050649 -0.998717 0.000000
vn -0.050649 -0.998717 0.000000
vn 0.151428 -0.988468 0.000000
vn 0.151428 -0.988468 0.000000
vn 0.347305 -0.937752 0.000000
vn 0.347305 -0.937752 0.000000
vn 0.528964 -0.848644 0.000000
vn 0.528964 -0.848644 0.000000
vn 0.688967 -0.724793 0.000000
vn 0.688967 -0.724793 0.000000
vn 0.820763 -0.571268 0.000000
vn 0.820763 -0.571268 0.000000
vn 0.918958 -0.394356 0.000000
vn 0.918958 -0.394356 0.000000
vn 0.000000 0.000000 1.000000
vn 0.000000 0.000000 1.000000
vn 0.000000 0.000000 1.000000
vn 0.000000 0.000000 1.000000
vn 0.000000 0.000000 1.000000
vn 0.000000 0.000000 1.000000
vn 0.000000 0.000000 1.000000
vn 0.000000 0.000000 1.000000
vn 0.000000 0.000000 1.000000
vn 0.000000 0.000000 1.000000
vn 0.000000 0.000000 1.000000
vn 0.000000 0.000000 1.000000
vn 0.000000 0.000000 1.000000
vn 0.000000 0.000000 1.000000
vn 0.000000 0.000000 1.000000
vn 0.000000 0.000000 1.000000
vn 0.000000 0.000000 1.000000
vn 0.000000 0.000000 1.000000
vn 0.000000 0.000000 1.000000
vn 0.000000 0.000000 1.000000
vn 0.000000 0.000000 1.000000
vn 0.000000 0.000000 1.000000
vn 0.000000 0.000000 1.000000
vn 0.000000 0.000000 1.000000
vn 0.000000 0.000000 1.000000
vn 0.000000 0.000000 1.000000
vn 0.000000 0.000000 1.000000
vn 0.000000 0.000000 1.000000
vn 0.000000 0.000000 1.000000
vn 0.000000 0.000000 1.000000
vn 0.000000 0.000000 1.000000
vn -0.000000 -0.000000 -1.000000
vn -0.000000 -0.000000 -1.000000
vn -0.000000 -0.000000 -1.000000
vn -0.000000 -0.000000 -1.000000
vn -0.000000 -0.000000 -1.000000
vn -0.000000 -0.000000 -1.000000
vn -0.000000 -0.000000 -1.000000
vn -0.000000 -0.000000 -1.000000
vn -0.000000 -0.000000 -1.000000
vn -0.000000 -0.000000 -1.000000
vn -0.000000 -0.000000 -1.000000
vn -0.000000 -0.000000 -1.000000
vn -0.000000 -0.000000 -1.000000
vn -0.000000 -0.000000 -1.000000
vn -0.000000 -0.000000 -1.000000
vn -0.000000 -0.000000 -1.000000
vn -0.000000 -0.000000 -1.000000
vn -0.000000 -0.000000 -1.000000
vn -0.000000 -0.000000 -1.000000
vn -0.000000 -0.000000 -1.000000
vn -0.000000 -0.000000 -1.000000
vn -0.000000 -0.000000 -1.000000
vn -0.000000 -0.000000 -1.000000
vn -0.000000 -0.000000 -1.000000
vn -0.000000 -0.000000 -1.000000
vn -0.000000 -0.000000 -1.000000
vn -0.000000 -0.000000 -1.000000
vn -0.000000 -0.000000 -1.000000
vn -0.000000 -0.000000 -1.000000
vn -0.000000 -0.000000 -1.000000
vn -0.000000 -0.000000 -1.000000
vn -0.000000 -0.000000 -1.000000
vn -0.000000 -0.000000 -1.000000
vn -0.000000 -0.000000 -1.000000
vn -0.000000 -0.000000 -1.000000
vn -0.000000 -0.000000 -1.000000
vn -0.000000 -0.000000 -1.000000
vn -0.000000 -0.000000 -1.000000
vn -0.000000 -0.000000 -1.000000
vn -0.000000 -0.000000 -1.000000
vn -0.000000 -0.000000 -1.000000
vn -0.000000 -0.000000 -1.000000
vn -0.000000 -0.000000 -1.000000
vn -0.000000 -0.000000 -1.000000
vn -0.000000 -0.000000 -1.000000
vn -0.000000 -0.000000 -1.000000
vn -0.000000 -0.000000 -1.000000
vn -0.000000 -0.000000 -1.000000
vn -0.000000 -0.000000 -1.000000
vn -0.000000 -0.000000 -1.000000
vn -0.000000 -0.000000 -1.000000
vn -0.000000 -0.000000 -1.000000
vn -0.000000 -0.000000 -1.000000
vn -0.000000 -0.000000 -1.000000
vn -0.000000 -0.000000 -1.000000
vn 0.965926 -0.258819 0.000000
vn 0.965926 -0.258819 0.000000
vn 1.000000 -0.000000 0.000000
vn 1.000000 -0.000000 0.000000
vn 0.965926 0.258819 -0.000000
vn 0.965926 0.258819 -0.000000
vn 0.866025 0.500000 -0.000000
vn 0.866025 0.500000 -0.000000
vn 0.707107 0.707107 -0.000000
vn 0.707107 0.707107 -0.000000
vn 0.500000 0.866025 -0.000000
vn 0.500000 0.866025 -0.000000
vn 0.258819 0.965926 -0.000000
vn 0.258819 0.965926 -0.000000
vn -0.000000 1.000000 -0.000000
vn -0.000000 1.000000 -0.000000
vn -0.258819 0.965926 -0.000000
vn -0.258819 0.965926 -0.000000
vn -0.500000 0.866025 -0.000000
vn -0.500000 0.866025 -0.000000
vn -0.707107 0.707107 -0.000000
vn -0.707107 0.707107 -0.000000
vn -0.866025 0.500000 -0.000000
vn -0.866025 0.500000 -0.000000
vn -0.965926 0.258819 -0.000000
vn -0.965926 0.258819 -0.000000
vn -1.000000 -0.000000 0.000000
vn -1.000000 -0.000000 0.000000
vn -0.965926 -0.258819 0.000000
vn -0.965926 -0.258819 0.000000
vn -0.866025 -0.500000 0.000000
vn -0.866025 -0.500000 0.000000
vn -0.707107 -0.707107 0.000000
vn -0.707107 -0.707107 0.000000
vn -0.500000 -0.866025 0.000000
vn -0.500000 -0.866025 0.000000
vn -0.258819 -0.965926 0.000000
vn -0.258819 -0.965926 0.000000
vn -0.000000 -1.000000 0.000000
vn -0.000000 -1.000000 0.000000
vn 0.258819 -0.965926 0.000000
vn 0.258819 -0.965926 0.000000
vn 0.500000 -0.866025 0.000000
vn 0.500000 -0.866025 0.000000
vn 0.707107 -0.707107 0.000000
vn 0.707107 -0.707107 0.000000
vn 0.866025 -0.500000 0.000000
vn 0.866025 -0.500000 0.000000
vn -0.000000 -0.000000 -1.000000
vn -0.000000 -0.000000 -1.000000
vn -0.000000 -0.000000 -1.000000
vn -0.000000 -0.000000 -1.000000
vn -0.000000 -0.000000 -1.000000
vn -0.000000 -0.000000 -1.000000
vn -0.000000 -0.000000 -1.000000
vn -0.000000 -0.000000 -1.000000
vn -0.000000 -0.000000 -1.000000
vn -0.000000 -0.000000 -1.000000
vn -0.000000 -0.000000 -1.000000
vn -0.000000 -0.000000 -1.000000
vn -0.000000 -0.000000 -1.000000
vn -0.000000 -0.000000 -1.000000
vn -0.000000 -0.000000 -1.000000
vn -0.000000 -0.000000 -1.000000
vn -0.000000 -0.000000 -1.000000
vn -0.000000 -0.000000 -1.000000
vn -0.000000 -0.000000 -1.000000
vn -0.000000 -0.000000 -1.000000
vn -0.000000 -0.000000 -1.000000
vn -0.000000 -0.000000 -1.000000
vn -0.000000 -0.000000 -1.000000
vn -0.000000 -0.000000 -1.000000
vn -0.000000 -0.000000 -1.000000
vn -0.000000 -0.000000 -1.000000
vn -0.000000 -0.000000 -1.000000
vn -0.000000 -0.000000 -1.000000
vn -0.000000 -0.000000 -1.000000
vn -0.000000 -0.000000 -1.000000
vn -0.000000 -0.000000 -1.000000
vn -0.000000 -0.000000 -1.000000
vn -0.000000 -0.000000 -1.000000
vn -0.000000 -0.000000 -1.000000
vn -0.000000 -0.000000 -1.000000
vn -0.000000 -0.000000 -1.000000
vn -0.000000 -0.000000 -1.000000
vn -0.000000 -0.000000 -1.000000
vn -0.000000 -0.000000 -1.000000
vn -0.000000 -0.000000 -1.000000
vn -0.000000 -0.000000 -1.000000
vn -0.000000 -0.000000 -1.000000
vn -0.000000 -0.000000 -1.000000
vn -0.000000 -0.000000 -1.000000
vn -0.000000 -0.000000 -1.000000
vn -0.000000 -0.000000 -1.000000
vn -0.000000 -0.000000 -1.000000
vn -0.000000 -0.000000 -1.000000
vn -0.965926 -0.258819 0.000000
vn -0.965926 -0.258819 0.000000
vn -1.000000 -0.000000 0.000000
vn -1.000000 -0.000000 0.000000
vn -0.965926 0.258819 -0.000000
vn -0.965926 0.258819 -0.000000
vn -0.866025 0.500000 -0.000000
vn -0.866025 0.500000 -0.000000
vn -0.707107 0.707107 -0.000000
vn -0.707107 0.707107 -0.000000
vn -0.500000 0.866025 -0.000000
vn -0.500000 0.866025 -0.000000
vn -0.258819 0.965926 -0.000000
vn -0.258819 0.965926 -0.000000
vn 0.000000 1.000000 -0.000000
vn 0.000000 1.000000 -0.000000
vn 0.258819 0.965926 -0.000000
vn 0.258819 0.965926 -0.000000
vn 0.500000 0.866025 -0.000000
vn 0.500000 0.866025 -0.000000
vn 0.707107 0.707107 -0.000000
vn 0.707107 0.707107 -0.000000
vn 0.866025 0.500000 -0.000000
vn 0.866025 0.500000 -0.000000
vn 0.965926 0.258819 -0.000000
vn 0.965926 0.258819 -0.000000
vn 1.000000 0.000000 -0.000000
vn 1.000000 0.000000 -0.000000
vn 0.965926 -0.258819 0.000000
vn 0.965926 -0.258819 0.000000
vn 0.866025 -0.500000 0.000000
vn 0.866025 -0.500000 0.000000
vn 0.707107 -0.707107 0.000000
vn 0.707107 -0.707107 0.000000
vn 0.500000 -0.866025 0.000000
vn 0.500000 -0.866025 0.000000
vn 0.258819 -0.965926 0.000000
vn 0.258819 -0.965926 0.000000
vn 0.000000 -1.000000 0.000000
vn 0.000000 -1.000000 0.000000
vn -0.258819 -0.965926 0.000000
vn -0.258819 -0.965926 0.000000
vn -0.500000 -0.866025 0.000000
vn -0.500000 -0.866025 0.000000
vn -0.707107 -0.707107 0.000000
vn -0.707107 -0.707107 0.000000
vn -0.866025 -0.500000 0.000000
vn -0.866025 -0.500000 0.000000
vn -0.965926 0.258819 -0.000000
vn -1.000000 0.000000 -0.000000
vn -0.965926 -0.258819 0.000000
vn -0.866025 -0.500000 0.000000
vn -0.707107 -0.707107 0.000000
vn -0.500000 -0.866025 0.000000
vn -0.258819 -0.965926 0.000000
vn 0.000000 -1.000000 0.000000
vn 0.258819 -0.965926 0.000000
vn 0.500000 -0.866025 0.000000
vn 0.707107 -0.707107 0.000000
vn 0.866025 -0.500000 0.000000
vn 0.965926 -0.258819 0.000000
vn 1.000000 0.000000 -0.000000
vn 0.965926 0.258819 -0.000000
vn 0.866025 0.500000 -0.000000
vn 0.707107 0.707107 -0.000000
vn 0.500000 0.866025 -0.000000
vn 0.258819 0.965926 -0.000000
vn 0.000000 1.000000 -0.000000
vn -0.258819 0.965926 -0.000000
vn -0.500000 0.866025 -0.000000
vn -0.707107 0.707107 -0.000000
vn -0.866025 0.500000 -0.000000
vn 0.000000 -0.000000 -1.000000
vn 0.000000 -0.000000 -1.000000
vn 0.000000 -0.000000 -1.000000
vn 0.000000 -0.000000 -1.000000
vn 0.000000 -0.000000 -1.000000
vn 0.000000 -0.000000 -1.000000
vn 0.000000 -0.000000 -1.000000
vn 0.000000 -0.000000 -1.000000
vn 0.000000 -0.000000 -1.000000
vn 0.000000 -0.000000 -1.000000
vn 0.000000 -0.000000 -1.000000
vn 0.000000 -0.000000 -1.000000
vn 0.000000 -0.000000 -1.000000
vn 0.000000 -0.000000 -1.000000
vn 0.000000 -0.000000 -1.000000
vn 0.000000 -0.000000 -1.000000
vn 0.000000 -0.000000 -1.000000
vn 0.000000 -0.000000 -1.000000
vn 0.000000 -0.000000 -1.000000
vn 0.000000 -0.000000 -1.000000
vn 0.000000 -0.000000 -1.000000
vn 0.000000 -0.000000 -1.000000
vn 0.000000 -0.000000 -1.000000
vn 0.000000 -0.000000 -1.000000
f 2068/3883/3794 2128/3884/3795 2067/3885/3796
f 2067/3885/3796 2128/3884/3795 2098/3886/3797
f 2067/3887/3796 2098/3888/3797 2097/3889/3798
f 2097/3889/3798 2098/3888/3797 2099/3890/3799
f 2097/3889/3798 2099/3890/3799 2096/3891/3800
f 2096/3891/3800 2099/3890/3799 2100/3892/3801
f 2096/3891/3800 2100/3892/3801 2095/3893/3802
f 2095/3893/3802 2100/3892/3801 2101/3894/3803
f 2095/3893/3802 2101/3894/3803 2094/3895/3804
f 2094/3895/3804 2101/3894/3803 2102/3896/3805
f 2094/3895/3804 2102/3896/3805 2093/3897/3806
f 2093/3897/3806 2102/3896/3805 2103/3898/3807
f 2093/3897/3806 2103/3898/3807 2092/3899/3808
f 2092/3899/3808 2103/3898/3807 2104/3900/3809
f 2092/3899/3808 2104/3900/3809 2091/3901/3810
f 2091/3901/3810 2104/3900/3809 2105/3902/3811
f 2091/3901/3810 2105/3902/3811 2090/3903/3812
f 2090/3903/3812 2105/3902/3811 2106/3904/3813
f 2090/3903/3812 2106/3904/3813 2089/3905/3814
f 2089/3905/3814 2106/3904/3813 2107/3906/3815
f 2089/3905/3814 2107/3906/3815 2088/3907/3816
f 2088/3907/3816 2107/3906/3815 2108/3908/3817
f 2088/3907/3816 2108/3908/3817 2087/3909/3818
f 2087/3909/3818 2108/3908/3817 2109/3910/3819
f 2087/3909/3818 2109/3910/3819 2086/3911/3820
f 2086/3911/3820 2109/3910/3819 2110/3912/3821
f 2086/3911/3820 2110/3912/3821 2085/3913/3822
f 2085/3913/3822 2110/3912/3821 2111/3914/3823
f 2085/3913/3822 2111/3914/3823 2084/3915/3824
f 2084/3915/3824 2111/3914/3823 2112/3916/3825
f 2084/3915/3824 2112/3916/3825 2083/3917/3826
f 2083/3917/3826 2112/3916/3825 2113/3918/3827
f 2083/3917/3826 2113/3918/3827 2082/3919/3828
f 2082/3919/3828 2113/3918/3827 2114/3920/3829
f 2082/3919/3828 2114/3920/3829 2081/3921/3830
f 2081/3921/3830 2114/3920/3829 2115/3922/3831
f 2081/3921/3830 2115/3922/3831 2080/3923/3832
f 2080/3923/3832 2115/3922/3831 2116/3924/3833
f 2080/3923/3832 2116/3924/3833 2079/3925/3834
f 2079/3925/3834 2116/3924/3833 2117/3926/3835
f 2079/3925/3834 2117/3926/3835 2078/3927/3836
f 2078/3927/3836 2117/3926/3835 2118/3928/3837
f 2078/3927/3836 2118/3928/3837 2077/3929/3838
f 2077/3929/3838 2118/3928/3837 2119/3930/3839
f 2077/3929/3838 2119/3930/3839 2076/3931/3840
f 2076/3931/3840 2119/3930/3839 2120/3932/3841
f 2076/3931/3840 2120/3932/3841 2075/3933/3842
f 2075/3933/3842 2120/3932/3841 2121/3934/3843
f 2075/3933/3842 2121/3934/3843 2074/3935/3844
f 2074/3935/3844 2121/3934/3843 2122/3936/3845
f 2074/3935/3844 2122/3936/3845 2073/3937/3846
f 2073/3937/3846 2122/3936/3845 2123/3938/3847
f 2073/3937/3846 2123/3938/3847 2072/3939/3848
f 2072/3939/3848 2123/3938/3847 2124/3940/3849
f 2072/3939/3848 2124/3940/3849 2071/3941/3850
f 2071/3941/3850 2124/3940/3849 2125/3942/3851
f 2071/3941/3850 2125/3942/3851 2070/3943/3852
f 2070/3943/3852 2125/3942/3851 2126/3944/3853
f 2070/3943/3852 2126/3944/3853 2069/3945/3854
f 2069/3945/3854 2126/3944/3853 2127/3946/3855
f 2069/3945/3854 2127/3946/3855 2068/3883/3794
f 2068/3883/3794 2127/3946/3855 2128/3884/3795
f 2067/3947/3856 2097/3948/3857 2068/3949/3858
f 2068/3949/3858 2097/3948/3857 2069/3950/3859
f 2069/3950/3859 2097/3948/3857 2096/3951/3860
f 2069/3950/3859 2096/3951/3860 2070/3952/3861
f 2070/3952/3861 2096/3951/3860 2095/3953/3862
f 2070/3952/3861 2095/3953/3862 2071/3954/3863
f 2071/3954/3863 2095/3953/3862 2094/3955/3864
f 2071/3954/3863 2094/3955/3864 2072/3956/3865
f 2072/3956/3865 2094/3955/3864 2073/3957/3866
f 2073/3957/3866 2094/3955/3864 2074/3958/3867
f 2074/3958/3867 2094/3955/3864 2075/3959/3868
f 2075/3959/3868 2094/3955/3864 2076/3960/3869
f 2076/3960/3869 2094/3955/3864 2077/3961/3870
f 2077/3961/3870 2094/3955/3864 2078/3962/3871
f 2078/3962/3871 2094/3955/3864 2079/3963/3872
f 2079/3963/3872 2094/3955/3864 2080/3964/3873
f 2080/3964/3873 2094/3955/3864 2081/3965/3874
f 2081/3965/3874 2094/3955/3864 2082/3966/3875
f 2082/3966/3875 2094/3955/3864 2083/3967/3876
f 2083/3967/3876 2094/3955/3864 2084/3968/3877
f 2084/3968/3877 2094/3955/3864 2093/3969/3878
f 2084/3968/3877 2093/3969/3878 2085/3970/3879
f 2085/3970/3879 2093/3969/3878 2086/3971/3880
f 2086/3971/3880 2093/3969/3878 2087/3972/3881
f 2087/3972/3881 2093/3969/3878 2088/3973/3882
f 2088/3973/3882 2093/3969/3878 2092/3974/3883
f 2088/3973/3882 2092/3974/3883 2089/3975/3884
f 2089/3975/3884 2092/3974/3883 2091/3976/3885
f 2089/3975/3884 2091/3976/3885 2090/3977/3886
f 2130/3978/3887 2099/3979/3888 2129/3980/3889
f 2129/3980/3889 2099/3979/3888 2098/3981/3890
f 2129/3980/3889 2098/3981/3890 2128/3982/3891
f 2099/3979/3888 2130/3978/3887 2100/3983/3892
f 2100/3983/3892 2130/3978/3887 2131/3984/3893
f 2100/3983/3892 2131/3984/3893 2101/3985/3894
f 2101/3985/3894 2131/3984/3893 2132/3986/3895
f 2101/3985/3894 2132/3986/3895 2102/3987/3896
f 2102/3987/3896 2132/3986/3895 2103/3988/3897
f 2103/3988/3897 2132/3986/3895 2133/3989/3898
f 2103/3988/3897 2133/3989/3898 2104/3990/3899
f 2104/3990/3899 2133/3989/3898 2134/3991/3900
f 2104/3990/3899 2134/3991/3900 2105/3992/3901
f 2105/3992/3901 2134/3991/3900 2135/3993/3902
f 2105/3992/3901 2135/3993/3902 2106/3994/3903
f 2106/3994/3903 2135/3993/3902 2136/3995/3904
f 2106/3994/3903 2136/3995/3904 2107/3996/3905
f 2107/3996/3905 2136/3995/3904 2108/3997/3906
f 2108/3997/3906 2136/3995/3904 2137/3998/3907
f 2108/3997/3906 2137/3998/3907 2109/3999/3908
f 2109/3999/3908 2137/3998/3907 2138/4000/3909
f 2109/3999/3908 2138/4000/3909 2110/4001/3910
f 2110/4001/3910 2138/4000/3909 2139/4002/3911
f 2110/4001/3910 2139/4002/3911 2111/4003/3912
f 2111/4003/3912 2139/4002/3911 2112/4004/3913
f 2112/4004/3913 2139/4002/3911 2140/4005/3914
f 2112/4004/3913 2140/4005/3914 2113/4006/3915
f 2113/4006/3915 2140/4005/3914 2141/4007/3916
f 2113/4006/3915 2141/4007/3916 2114/4008/3917
f 2114/4008/3917 2141/4007/3916 2142/4009/3918
f 2114/4008/3917 2142/4009/3918 2115/4010/3919
f 2115/4010/3919 2142/4009/3918 2143/4011/3920
f 2115/4010/3919 2143/4011/3920 2116/4012/3921
f 2116/4012/3921 2143/4011/3920 2117/4013/3922
f 2117/4013/3922 2143/4011/3920 2144/4014/3923
f 2117/4013/3922 2144/4014/3923 2118/4015/3924
f 2118/4015/3924 2144/4014/3923 2145/4016/3925
f 2118/4015/3924 2145/4016/3925 2119/4017/3926
f 2119/4017/3926 2145/4016/3925 2146/4018/3927
f 2119/4017/3926 2146/4018/3927 2120/4019/3928
f 2120/4019/3928 2146/4018/3927 2121/4020/3929
f 2121/4020/3929 2146/4018/3927 2147/4021/3930
f 2121/4020/3929 2147/4021/3930 2122/4022/3931
f 2122/4022/3931 2147/4021/3930 2148/4023/3932
f 2122/4022/3931 2148/4023/3932 2123/4024/3933
f 2123/4024/3933 2148/4023/3932 2149/4025/3934
f 2123/4024/3933 2149/4025/3934 2124/4026/3935
f 2124/4026/3935 2149/4025/3934 2150/4027/3936
f 2124/4026/3935 2150/4027/3936 2125/4028/3937
f 2125/4028/3937 2150/4027/3936 2126/4029/3938
f 2126/4029/3938 2150/4027/3936 2151/4030/3939
f 2126/4029/3938 2151/4030/3939 2127/4031/3940
f 2127/4031/3940 2151/4030/3939 2152/4032/3941
f 2127/4031/3940 2152/4032/3941 2128/3982/3891
f 2128/3982/3891 2152/4032/3941 2129/3980/3889
f 2152/4033/3942 2176/4034/3943 2129/4035/3944
f 2129/4035/3944 2176/4034/3943 2153/4036/3945
f 2129/4037/3944 2153/4038/3945 2130/4039/3946
f 2130/4039/3946 2153/4038/3945 2154/4040/3947
f 2130/4039/3946 2154/4040/3947 2131/4041/3948
f 2131/4041/3948 2154/4040/3947 2155/4042/3949
f 2131/4041/3948 2155/4042/3949 2132/4043/3950
f 2132/4043/3950 2155/4042/3949 2156/4044/3951
f 2132/4043/3950 2156/4044/3951 2133/4045/3952
f 2133/4045/3952 2156/4044/3951 2157/4046/3953
f 2133/4045/3952 2157/4046/3953 2134/4047/3954
f 2134/4047/3954 2157/4046/3953 2158/4048/3955
f 2134/4047/3954 2158/4048/3955 2135/4049/3956
f 2135/4049/3956 2158/4048/3955 2159/4050/3957
f 2135/4049/3956 2159/4050/3957 2136/4051/3958
f 2136/4051/3958 2159/4050/3957 2160/4052/3959
f 2136/4051/3958 2160/4052/3959 2137/4053/3960
f 2137/4053/3960 2160/4052/3959 2161/4054/3961
f 2137/4053/3960 2161/4054/3961 2138/4055/3962
f 2138/4055/3962 2161/4054/3961 2162/4056/3963
f 2138/4055/3962 2162/4056/3963 2139/4057/3964
f 2139/4057/3964 2162/4056/3963 2163/4058/3965
f 2139/4057/3964 2163/4058/3965 2140/4059/3966
f 2140/4059/3966 2163/4058/3965 2164/4060/3967
f 2140/4059/3966 2164/4060/3967 2141/4061/3968
f 2141/4061/3968 2164/4060/3967 2165/4062/3969
f 2141/4061/3968 2165/4062/3969 2142/4063/3970
f 2142/4063/3970 2165/4062/3969 2166/4064/3971
f 2142/4063/3970 2166/4064/3971 2143/4065/3972
f 2143/4065/3972 2166/4064/3971 2167/4066/3973
f 2143/4065/3972 2167/4066/3973 2144/4067/3974
f 2144/4067/3974 2167/4066/3973 2168/4068/3975
f 2144/4067/3974 2168/4068/3975 2145/4069/3976
f 2145/4069/3976 2168/4068/3975 2169/4070/3977
f 2145/4069/3976 2169/4070/3977 2146/4071/3978
f 2146/4071/3978 2169/4070/3977 2170/4072/3979
f 2146/4071/3978 2170/4072/3979 2147/4073/3980
f 2147/4073/3980 2170/4072/3979 2171/4074/3981
f 2147/4073/3980 2171/4074/3981 2148/4075/3982
f 2148/4075/3982 2171/4074/3981 2172/4076/3983
f 2148/4075/3982 2172/4076/3983 2149/4077/3984
f 2149/4077/3984 2172/4076/3983 2173/4078/3985
f 2149/4077/3984 2173/4078/3985 2150/4079/3986
f 2150/4079/3986 2173/4078/3985 2174/4080/3987
f 2150/4079/3986 2174/4080/3987 2151/4081/3988
f 2151/4081/3988 2174/4080/3987 2175/4082/3989
f 2151/4081/3988 2175/4082/3989 2152/4033/3942
f 2152/4033/3942 2175/4082/3989 2176/4034/3943
f 2200/4083/3990 2177/4084/3991 2165/4085/3992
f 2165/4085/3992 2177/4084/3991 2178/4086/3993
f 2165/4085/3992 2178/4086/3993 2166/4087/3994
f 2166/4087/3994 2178/4086/3993 2179/4088/3995
f 2166/4087/3994 2179/4088/3995 2167/4089/3996
f 2167/4089/3996 2179/4088/3995 2180/4090/3997
f 2167/4089/3996 2180/4090/3997 2168/4091/3998
f 2168/4091/3998 2180/4090/3997 2181/4092/3999
f 2168/4091/3998 2181/4092/3999 2169/4093/4000
f 2169/4093/4000 2181/4092/3999 2182/4094/4001
f 2169/4093/4000 2182/4094/4001 2170/4095/4002
f 2170/4095/4002 2182/4094/4001 2183/4096/4003
f 2170/4095/4002 2183/4096/4003 2171/4097/4004
f 2171/4097/4004 2183/4096/4003 2172/4098/4005
f 2172/4098/4005 2183/4096/4003 2184/4099/4006
f 2172/4098/4005 2184/4099/4006 2173/4100/4007
f 2173/4100/4007 2184/4099/4006 2185/4101/4008
f 2173/4100/4007 2185/4101/4008 2174/4102/4009
f 2174/4102/4009 2185/4101/4008 2186/4103/4010
f 2174/4102/4009 2186/4103/4010 2175/4104/4011
f 2175/4104/4011 2186/4103/4010 2187/4105/4012
f 2175/4104/4011 2187/4105/4012 2176/4106/4013
f 2176/4106/4013 2187/4105/4012 2188/4107/4014
f 2176/4106/4013 2188/4107/4014 2153/4108/4015
f 2153/4108/4015 2188/4107/4014 2189/4109/4016
f 2153/4108/4015 2189/4109/4016 2154/4110/4017
f 2154/4110/4017 2189/4109/4016 2190/4111/4018
f 2154/4110/4017 2190/4111/4018 2191/4112/4019
f 2154/4110/4017 2191/4112/4019 2155/4113/4020
f 2155/4113/4020 2191/4112/4019 2192/4114/4021
f 2155/4113/4020 2192/4114/4021 2156/4115/4022
f 2156/4115/4022 2192/4114/4021 2193/4116/4023
f 2156/4115/4022 2193/4116/4023 2157/4117/4024
f 2157/4117/4024 2193/4116/4023 2194/4118/4025
f 2157/4117/4024 2194/4118/4025 2158/4119/4026
f 2158/4119/4026 2194/4118/4025 2195/4120/4027
f 2158/4119/4026 2195/4120/4027 2159/4121/4028
f 2159/4121/4028 2195/4120/4027 2160/4122/4029
f 2160/4122/4029 2195/4120/4027 2196/4123/4030
f 2160/4122/4029 2196/4123/4030 2161/4124/4031
f 2161/4124/4031 2196/4123/4030 2197/4125/4032
f 2161/4124/4031 2197/4125/4032 2162/4126/4033
f 2162/4126/4033 2197/4125/4032 2198/4127/4034
f 2162/4126/4033 2198/4127/4034 2163/4128/4035
f 2163/4128/4035 2198/4127/4034 2199/4129/4036
f 2163/4128/4035 2199/4129/4036 2164/4130/4037
f 2164/4130/4037 2199/4129/4036 2200/4083/3990
f 2164/4130/4037 2200/4083/3990 2165/4085/3992
f 2202/4131/4038 2226/4132/4039 2201/4133/4040
f 2201/4133/4040 2226/4132/4039 2225/4134/4041
f 2201/4135/4040 2225/4136/4041 2224/4137/4042
f 2224/4137/4042 2225/4136/4041 2248/4138/4043
f 2224/4137/4042 2248/4138/4043 2223/4139/4044
f 2223/4139/4044 2248/4138/4043 2247/4140/4045
f 2223/4139/4044 2247/4140/4045 2222/4141/4046
f 2222/4141/4046 2247/4140/4045 2246/4142/4047
f 2222/4141/4046 2246/4142/4047 2221/4143/4048
f 2221/4143/4048 2246/4142/4047 2245/4144/4049
f 2221/4143/4048 2245/4144/4049 2220/4145/4050
f 2220/4145/4050 2245/4144/4049 2244/4146/4051
f 2220/4145/4050 2244/4146/4051 2219/4147/4052
f 2219/4147/4052 2244/4146/4051 2243/4148/4053
f 2219/4147/4052 2243/4148/4053 2218/4149/4054
f 2218/4149/4054 2243/4148/4053 2242/4150/4055
f 2218/4149/4054 2242/4150/4055 2217/4151/4056
f 2217/4151/4056 2242/4150/4055 2241/4152/4057
f 2217/4151/4056 2241/4152/4057 2216/4153/4058
f 2216/4153/4058 2241/4152/4057 2240/4154/4059
f 2216/4153/4058 2240/4154/4059 2215/4155/4060
f 2215/4155/4060 2240/4154/4059 2239/4156/4061
f 2215/4155/4060 2239/4156/4061 2214/4157/4062
f 2214/4157/4062 2239/4156/4061 2238/4158/4063
f 2214/4157/4062 2238/4158/4063 2213/4159/4064
f 2213/4159/4064 2238/4158/4063 2237/4160/4065
f 2213/4159/4064 2237/4160/4065 2212/4161/4066
f 2212/4161/4066 2237/4160/4065 2236/4162/4067
f 2212/4161/4066 2236/4162/4067 2211/4163/4068
f 2211/4163/4068 2236/4162/4067 2235/4164/4069
f 2211/4163/4068 2235/4164/4069 2210/4165/4070
f 2210/4165/4070 2235/4164/4069 2234/4166/4071
f 2210/4165/4070 2234/4166/4071 2209/4167/4072
f 2209/4167/4072 2234/4166/4071 2233/4168/4073
f 2209/4167/4072 2233/4168/4073 2208/4169/4074
f 2208/4169/4074 2233/4168/4073 2232/4170/4075
f 2208/4169/4074 2232/4170/4075 2207/4171/4076
f 2207/4171/4076 2232/4170/4075 2231/4172/4077
f 2207/4171/4076 2231/4172/4077 2206/4173/4078
f 2206/4173/4078 2231/4172/4077 2230/4174/4079
f 2206/4173/4078 2230/4174/4079 2205/4175/4080
f 2205/4175/4080 2230/4174/4079 2229/4176/4081
f 2205/4175/4080 2229/4176/4081 2204/4177/4082
f 2204/4177/4082 2229/4176/4081 2228/4178/4083
f 2204/4177/4082 2228/4178/4083 2203/4179/4084
f 2203/4179/4084 2228/4178/4083 2227/4180/4085
f 2203/4179/4084 2227/4180/4085 2202/4131/4038
f 2202/4131/4038 2227/4180/4085 2226/4132/4039
f 2200/4181/4086 2248/4138/4043 2177/4182/4087
f 2177/4182/4087 2248/4138/4043 2225/4136/4041
f 2177/4183/4087 2225/4134/4041 2178/4184/4088
f 2178/4184/4088 2225/4134/4041 2226/4132/4039
f 2178/4184/4088 2226/4132/4039 2179/4185/4089
f 2179/4185/4089 2226/4132/4039 2227/4180/4085
f 2179/4185/4089 2227/4180/4085 2180/4186/4090
f 2180/4186/4090 2227/4180/4085 2228/4178/4083
f 2180/4186/4090 2228/4178/4083 2181/4187/4091
f 2181/4187/4091 2228/4178/4083 2229/4176/4081
f 2181/4187/4091 2229/4176/4081 2182/4188/4092
f 2182/4188/4092 2229/4176/4081 2230/4174/4079
f 2182/4188/4092 2230/4174/4079 2183/4189/4093
f 2183/4189/4093 2230/4174/4079 2231/4172/4077
f 2183/4189/4093 2231/4172/4077 2184/4190/4094
f 2184/4190/4094 2231/4172/4077 2232/4170/4075
f 2184/4190/4094 2232/4170/4075 2185/4191/4095
f 2185/4191/4095 2232/4170/4075 2233/4168/4073
f 2185/4191/4095 2233/4168/4073 2186/4192/4096
f 2186/4192/4096 2233/4168/4073 2234/4166/4071
f 2186/4192/4096 2234/4166/4071 2187/4193/4097
f 2187/4193/4097 2234/4166/4071 2235/4164/4069
f 2187/4193/4097 2235/4164/4069 2188/4194/4098
f 2188/4194/4098 2235/4164/4069 2236/4162/4067
f 2188/4194/4098 2236/4162/4067 2189/4195/4099
f 2189/4195/4099 2236/4162/4067 2237/4160/4065
f 2189/4195/4099 2237/4160/4065 2190/4196/4100
f 2190/4196/4100 2237/4160/4065 2238/4158/4063
f 2190/4196/4100 2238/4158/4063 2191/4197/4101
f 2191/4197/4101 2238/4158/4063 2239/4156/4061
f 2191/4197/4101 2239/4156/4061 2192/4198/4102
f 2192/4198/4102 2239/4156/4061 2240/4154/4059
f 2192/4198/4102 2240/4154/4059 2193/4199/4103
f 2193/4199/4103 2240/4154/4059 2241/4152/4057
f 2193/4199/4103 2241/4152/4057 2194/4200/4104
f 2194/4200/4104 2241/4152/4057 2242/4150/4055
f 2194/4200/4104 2242/4150/4055 2195/4201/4105
f 2195/4201/4105 2242/4150/4055 2243/4148/4053
f 2195/4201/4105 2243/4148/4053 2196/4202/4106
f 2196/4202/4106 2243/4148/4053 2244/4146/4051
f 2196/4202/4106 2244/4146/4051 2197/4203/4107
f 2197/4203/4107 2244/4146/4051 2245/4144/4049
f 2197/4203/4107 2245/4144/4049 2198/4204/4108
f 2198/4204/4108 2245/4144/4049 2246/4142/4047
f 2198/4204/4108 2246/4142/4047 2199/4205/4109
f 2199/4205/4109 2246/4142/4047 2247/4140/4045
f 2199/4205/4109 2247/4140/4045 2200/4181/4086
f 2200/4181/4086 2247/4140/4045 2248/4138/4043
f 2224/4206/4110 2214/4207/4111 2201/4208/4112
f 2201/4208/4112 2214/4207/4111 2213/4209/4113
f 2201/4208/4112 2213/4209/4113 2202/4210/4114
f 2202/4210/4114 2213/4209/4113 2212/4211/4115
f 2202/4210/4114 2212/4211/4115 2203/4212/4116
f 2203/4212/4116 2212/4211/4115 2211/4213/4117
f 2203/4212/4116 2211/4213/4117 2204/4214/4118
f 2204/4214/4118 2211/4213/4117 2210/4215/4119
f 2204/4214/4118 2210/4215/4119 2205/4216/4120
f 2205/4216/4120 2210/4215/4119 2209/4217/4121
f 2205/4216/4120 2209/4217/4121 2206/4218/4122
f 2206/4218/4122 2209/4217/4121 2208/4219/4123
f 2206/4218/4122 2208/4219/4123 2207/4220/4124
f 2214/4207/4111 2224/4206/4110 2215/4221/4125
f 2215/4221/4125 2224/4206/4110 2223/4222/4126
f 2215/4221/4125 2223/4222/4126 2216/4223/4127
f 2216/4223/4127 2223/4222/4126 2222/4224/4128
f 2216/4223/4127 2222/4224/4128 2217/4225/4129
f 2217/4225/4129 2222/4224/4128 2221/4226/4130
f 2217/4225/4129 2221/4226/4130 2218/4227/4131
f 2218/4227/4131 2221/4226/4130 2220/4228/4132
f 2218/4227/4131 2220/4228/4132 2219/4229/4133
g Body1:10

v 15.472009 2.066956 7.378060
v 15.431069 2.469553 7.378060
v 15.309924 2.855668 7.378060
v 15.113536 3.209493 7.378060
v 14.849943 3.516542 7.378060
v 14.529937 3.764245 7.378060
v 14.166619 3.942460 7.378060
v 13.774864 4.043893 7.378060
v 13.370710 4.064389 7.378060
v 12.970704 4.003110 7.378060
v 12.591220 3.862565 7.378060
v 12.247797 3.648508 7.378060
v 11.954492 3.369701 7.378060
v 11.723315 3.037560 7.378060
v 11.563730 2.665682 7.378060
v 11.482270 2.269293 7.378060
v 11.482270 1.864620 7.378060
v 11.563730 1.468230 7.378060
v 11.723315 1.096352 7.378060
v 11.954492 0.764211 7.378060
v 12.247797 0.485405 7.378060
v 12.591220 0.271347 7.378060
v 12.970704 0.130802 7.378060
v 13.370710 0.069523 7.378060
v 13.774864 0.090020 7.378060
v 14.166619 0.191452 7.378060
v 14.529937 0.369668 7.378060
v 14.849943 0.617371 7.378060
v 15.113536 0.924420 7.378060
v 15.309924 1.278245 7.378060
v 15.431069 1.664359 7.378060
v 15.472009 2.066956 11.378060
v 15.431069 1.664359 11.378060
v 15.309924 1.278245 11.378060
v 15.113536 0.924420 11.378060
v 14.849943 0.617371 11.378060
v 14.529937 0.369668 11.378060
v 14.166619 0.191452 11.378060
v 13.774864 0.090020 11.378060
v 13.370710 0.069523 11.378060
v 12.970704 0.130802 11.378060
v 12.591220 0.271347 11.378060
v 12.247797 0.485405 11.378060
v 11.954492 0.764211 11.378060
v 11.723315 1.096352 11.378060
v 11.563730 1.468230 11.378060
v 11.482270 1.864620 11.378060
v 11.482270 2.269293 11.378060
v 11.563730 2.665682 11.378060
v 11.723315 3.037560 11.378060
v 11.954492 3.369701 11.378060
v 12.247797 3.648508 11.378060
v 12.591220 3.862565 11.378060
v 12.970704 4.003110 11.378060
v 13.370710 4.064389 11.378060
v 13.774864 4.043893 11.378060
v 14.166619 3.942460 11.378060
v 14.529937 3.764245 11.378060
v 14.849943 3.516542 11.378060
v 15.113536 3.209493 11.378060
v 15.309924 2.855668 11.378060
v 15.431069 2.469553 11.378060
v 14.172009 2.066956 11.378060
v 14.148157 1.885783 11.378060
v 14.078226 1.716956 11.378060
v 13.966983 1.571981 11.378060
v 13.822009 1.460738 11.378060
v 13.653182 1.390808 11.378060
v 13.472009 1.366956 11.378060
v 13.290835 1.390808 11.378060
v 13.122009 1.460738 11.378060
v 12.977034 1.571981 11.378060
v 12.865791 1.716956 11.378060
v 12.795861 1.885783 11.378060
v 12.772009 2.066956 11.378060
v 12.795861 2.248130 11.378060
v 12.865791 2.416956 11.378060
v 12.977034 2.561931 11.378060
v 13.122009 2.673174 11.378060
v 13.290835 2.743104 11.378060
v 13.472009 2.766956 11.378060
v 13.653182 2.743104 11.378060
v 13.822009 2.673174 11.378060
v 13.966983 2.561931 11.378060
v 14.078226 2.416956 11.378060
v 14.148157 2.248130 11.378060
v 14.172009 2.066956 12.878060
v 14.148157 1.885783 12.878060
v 14.078226 1.716956 12.878060
v 13.966983 1.571981 12.878060
v 13.822009 1.460738 12.878060
v 13.653182 1.390808 12.878060
v 13.472009 1.366956 12.878060
v 13.290835 1.390808 12.878060
v 13.122009 1.460738 12.878060
v 12.977034 1.571981 12.878060
v 12.865791 1.716956 12.878060
v 12.795861 1.885783 12.878060
v 12.772009 2.066956 12.878060
v 12.795861 2.248130 12.878060
v 12.865791 2.416956 12.878060
v 12.977034 2.561931 12.878060
v 13.122009 2.673174 12.878060
v 13.290835 2.743104 12.878060
v 13.472009 2.766956 12.878060
v 13.653182 2.743104 12.878060
v 13.822009 2.673174 12.878060
v 13.966983 2.561931 12.878060
v 14.078226 2.416956 12.878060
v 14.148157 2.248130 12.878060
v 13.172009 2.066956 12.878060
v 13.182231 2.144602 12.878060
v 13.212201 2.216956 12.878060
v 13.259877 2.279088 12.878060
v 13.322009 2.326764 12.878060
v 13.394363 2.356734 12.878060
v 13.472009 2.366956 12.878060
v 13.549654 2.356734 12.878060
v 13.622009 2.326764 12.878060
v 13.684141 2.279088 12.878060
v 13.731816 2.216956 12.878060
v 13.761786 2.144602 12.878060
v 13.772009 2.066956 12.878060
v 13.761786 1.989311 12.878060
v 13.731816 1.916956 12.878060
v 13.684141 1.854824 12.878060
v 13.622009 1.807149 12.878060
v 13.549654 1.777178 12.878060
v 13.472009 1.766956 12.878060
v 13.394363 1.777178 12.878060
v 13.322009 1.807149 12.878060
v 13.259877 1.854824 12.878060
v 13.212201 1.916956 12.878060
v 13.182231 1.989311 12.878060
v 13.172009 2.066956 16.378060
v 13.182231 2.144602 16.378060
v 13.212201 2.216956 16.378060
v 13.259877 2.279088 16.378060
v 13.322009 2.326764 16.378060
v 13.394363 2.356734 16.378060
v 13.472009 2.366956 16.378060
v 13.549654 2.356734 16.378060
v 13.622009 2.326764 16.378060
v 13.684141 2.279088 16.378060
v 13.731816 2.216956 16.378060
v 13.761786 2.144602 16.378060
v 13.772009 2.066956 16.378060
v 13.761786 1.989311 16.378060
v 13.731816 1.916956 16.378060
v 13.684141 1.854824 16.378060
v 13.622009 1.807149 16.378060
v 13.549654 1.777178 16.378060
v 13.472009 1.766956 16.378060
v 13.394363 1.777178 16.378060
v 13.322009 1.807149 16.378060
v 13.259877 1.854824 16.378060
v 13.212201 1.916956 16.378060
v 13.182231 1.989311 16.378060
v 13.172009 2.066956 14.628060
v 13.182231 2.144602 14.628060
v 13.212201 2.216956 14.628060
v 13.259877 2.279088 14.628060
v 13.322009 2.326764 14.628060
v 13.394363 2.356734 14.628060
v 13.472009 2.366956 14.628060
v 13.549654 2.356734 14.628060
v 13.622009 2.326764 14.628060
v 13.684141 2.279088 14.628060
v 13.731816 2.216956 14.628060
v 13.761786 2.144602 14.628060
v 13.772009 2.066956 14.628060
v 13.761786 1.989311 14.628060
v 13.731816 1.916956 14.628060
v 13.684141 1.854824 14.628060
v 13.622009 1.807149 14.628060
v 13.549654 1.777178 14.628060
v 13.472009 1.766956 14.628060
v 13.394363 1.777178 14.628060
v 13.322009 1.807149 14.628060
v 13.259877 1.854824 14.628060
v 13.212201 1.916956 14.628060
v 13.182231 1.989311 14.628060
vt -4.000000 5.877819 0.000000
vt 0.000000 5.877819 0.000000
vt -4.000000 6.283185 0.000000
vt -0.000000 6.283185 0.000000
vt -4.000000 -6.283185 0.000000
vt -0.000000 -6.283185 0.000000
vt -4.000000 -5.877819 0.000000
vt -0.000000 -5.877819 0.000000
vt -4.000000 -5.472452 0.000000
vt -0.000000 -5.472452 0.000000
vt -4.000000 -5.067085 0.000000
vt -0.000000 -5.067085 0.000000
vt -4.000000 -4.661718 0.000000
vt -0.000000 -4.661718 0.000000
vt -4.000000 -4.256351 0.000000
vt -0.000000 -4.256351 0.000000
vt -4.000000 -3.850985 0.000000
vt -0.000000 -3.850985 0.000000
vt -4.000000 -3.445618 0.000000
vt -0.000000 -3.445618 0.000000
vt -4.000000 -3.040251 0.000000
vt -0.000000 -3.040251 0.000000
vt -4.000000 -2.634884 0.000000
vt -0.000000 -2.634884 0.000000
vt -4.000000 -2.229517 0.000000
vt -0.000000 -2.229517 0.000000
vt -4.000000 -1.824151 0.000000
vt -0.000000 -1.824151 0.000000
vt -4.000000 -1.418784 0.000000
vt -0.000000 -1.418784 0.000000
vt -4.000000 -1.013417 0.000000
vt -0.000000 -1.013417 0.000000
vt -4.000000 -0.608050 0.000000
vt -0.000000 -0.608050 0.000000
vt -4.000000 -0.202683 0.000000
vt -0.000000 -0.202683 0.000000
vt -4.000000 0.202683 0.000000
vt 0.000000 0.202683 0.000000
vt -4.000000 0.608050 0.000000
vt 0.000000 0.608050 0.000000
vt -4.000000 1.013417 0.000000
vt 0.000000 1.013417 0.000000
vt -4.000000 1.418784 0.000000
vt 0.000000 1.418784 0.000000
vt -4.000000 1.824151 0.000000
vt 0.000000 1.824151 0.000000
vt -4.000000 2.229517 0.000000
vt 0.000000 2.229517 0.000000
vt -4.000000 2.634884 0.000000
vt 0.000000 2.634884 0.000000
vt -4.000000 3.040251 0.000000
vt 0.000000 3.040251 0.000000
vt -4.000000 3.445618 0.000000
vt 0.000000 3.445618 0.000000
vt -4.000000 3.850985 0.000000
vt 0.000000 3.850985 0.000000
vt -4.000000 4.256351 0.000000
vt 0.000000 4.256351 0.000000
vt -4.000000 4.661718 0.000000
vt 0.000000 4.661718 0.000000
vt -4.000000 5.067085 0.000000
vt 0.000000 5.067085 0.000000
vt -4.000000 5.472452 0.000000
vt 0.000000 5.472452 0.000000
vt -2.000000 -0.000000 0.000000
vt -1.959060 -0.402597 0.000000
vt -1.959060 0.402597 0.000000
vt -1.837916 0.788712 0.000000
vt -1.837916 -0.788712 0.000000
vt -1.641527 1.142536 0.000000
vt -1.641527 -1.142536 0.000000
vt -1.377934 1.449586 0.000000
vt -1.377934 -1.449586 0.000000
vt -1.057928 1.697289 0.000000
vt -0.694611 1.875504 0.000000
vt -0.302856 1.976937 0.000000
vt 0.101298 1.997433 0.000000
vt 0.501305 1.936154 0.000000
vt 0.880788 1.795609 0.000000
vt 1.224212 1.581551 0.000000
vt 1.517516 1.302745 0.000000
vt 1.748693 0.970604 0.000000
vt 1.908279 0.598726 0.000000
vt 1.989739 0.202337 0.000000
vt 1.989739 -0.202337 0.000000
vt 1.908279 -0.598726 0.000000
vt -1.057928 -1.697289 0.000000
vt 1.748693 -0.970604 0.000000
vt 1.517516 -1.302745 0.000000
vt 1.224212 -1.581551 0.000000
vt 0.880788 -1.795609 0.000000
vt -0.694611 -1.875504 0.000000
vt 0.501305 -1.936154 0.000000
vt -0.302856 -1.976937 0.000000
vt 0.101298 -1.997433 0.000000
vt 0.676148 -0.181173 0.000000
vt 1.959060 -0.402597 0.000000
vt 0.700000 -0.000000 0.000000
vt 2.000000 -0.000000 0.000000
vt 1.959060 0.402597 0.000000
vt 1.837916 -0.788712 0.000000
vt 0.606218 -0.350000 0.000000
vt 1.641527 -1.142536 0.000000
vt 0.494975 -0.494975 0.000000
vt 1.377934 -1.449586 0.000000
vt 1.057928 -1.697289 0.000000
vt 0.350000 -0.606218 0.000000
vt 0.694611 -1.875504 0.000000
vt 0.181173 -0.676148 0.000000
vt 0.302856 -1.976937 0.000000
vt -0.000000 -0.700000 0.000000
vt -0.101298 -1.997433 0.000000
vt -0.181173 -0.676148 0.000000
vt -0.501305 -1.936154 0.000000
vt -0.880788 -1.795609 0.000000
vt -0.350000 -0.606218 0.000000
vt -1.224212 -1.581551 0.000000
vt -0.494975 -0.494975 0.000000
vt -1.517516 -1.302745 0.000000
vt -0.606218 -0.350000 0.000000
vt -1.748693 -0.970604 0.000000
vt -1.908279 -0.598726 0.000000
vt -0.676148 -0.181173 0.000000
vt -1.989739 -0.202337 0.000000
vt -0.700000 0.000000 0.000000
vt -1.989739 0.202337 0.000000
vt -0.676148 0.181173 0.000000
vt -1.908279 0.598726 0.000000
vt -0.606218 0.350000 0.000000
vt -1.748693 0.970604 0.000000
vt -1.517516 1.302745 0.000000
vt -0.494975 0.494975 0.000000
vt -1.224212 1.581551 0.000000
vt -0.350000 0.606218 0.000000
vt -0.880788 1.795609 0.000000
vt -0.181173 0.676148 0.000000
vt -0.501305 1.936154 0.000000
vt -0.101298 1.997433 0.000000
vt 0.000000 0.700000 0.000000
vt 0.302856 1.976937 0.000000
vt 0.181173 0.676148 0.000000
vt 0.694611 1.875504 0.000000
vt 0.350000 0.606218 0.000000
vt 1.057928 1.697289 0.000000
vt 0.494975 0.494975 0.000000
vt 1.377934 1.449586 0.000000
vt 1.641527 1.142536 0.000000
vt 0.606218 0.350000 0.000000
vt 1.837916 0.788712 0.000000
vt 0.676148 0.181173 0.000000
vt -1.500000 2.015855 0.000000
vt 0.000000 2.015855 0.000000
vt -1.500000 2.199115 0.000000
vt -0.000000 2.199115 0.000000
vt -1.500000 -2.199115 0.000000
vt -0.000000 -2.199115 0.000000
vt -1.500000 -2.015855 0.000000
vt -0.000000 -2.015855 0.000000
vt -1.500000 -1.832596 0.000000
vt -0.000000 -1.832596 0.000000
vt -1.500000 -1.649336 0.000000
vt -0.000000 -1.649336 0.000000
vt -1.500000 -1.466077 0.000000
vt -0.000000 -1.466077 0.000000
vt -1.500000 -1.282817 0.000000
vt -0.000000 -1.282817 0.000000
vt -1.500000 -1.099557 0.000000
vt -0.000000 -1.099557 0.000000
vt -1.500000 -0.916298 0.000000
vt -0.000000 -0.916298 0.000000
vt -1.500000 -0.733038 0.000000
vt -0.000000 -0.733038 0.000000
vt -1.500000 -0.549779 0.000000
vt -0.000000 -0.549779 0.000000
vt -1.500000 -0.366519 0.000000
vt -0.000000 -0.366519 0.000000
vt -1.500000 -0.183260 0.000000
vt -0.000000 -0.183260 0.000000
vt -1.500000 0.000000 0.000000
vt 0.000000 0.000000 0.000000
vt -1.500000 0.183260 0.000000
vt 0.000000 0.183260 0.000000
vt -1.500000 0.366519 0.000000
vt 0.000000 0.366519 0.000000
vt -1.500000 0.549779 0.000000
vt 0.000000 0.549779 0.000000
vt -1.500000 0.733038 0.000000
vt 0.000000 0.733038 0.000000
vt -1.500000 0.916298 0.000000
vt 0.000000 0.916298 0.000000
vt -1.500000 1.099557 0.000000
vt 0.000000 1.099557 0.000000
vt -1.500000 1.282817 0.000000
vt 0.000000 1.282817 0.000000
vt -1.500000 1.466077 0.000000
vt 0.000000 1.466077 0.000000
vt -1.500000 1.649336 0.000000
vt 0.000000 1.649336 0.000000
vt -1.500000 1.832596 0.000000
vt 0.000000 1.832596 0.000000
vt -0.289778 -0.077646 0.000000
vt -0.300000 0.000000 0.000000
vt -0.700000 0.000000 0.000000
vt -0.289778 0.077646 0.000000
vt -0.676148 0.181173 0.000000
vt -0.259808 0.150000 0.000000
vt -0.606218 0.350000 0.000000
vt -0.212132 0.212132 0.000000
vt -0.494975 0.494975 0.000000
vt -0.150000 0.259808 0.000000
vt -0.350000 0.606218 0.000000
vt -0.077646 0.289778 0.000000
vt -0.181173 0.676148 0.000000
vt 0.000000 0.300000 0.000000
vt 0.000000 0.700000 0.000000
vt 0.181173 0.676148 0.000000
vt 0.077646 0.289778 0.000000
vt 0.350000 0.606218 0.000000
vt 0.150000 0.259808 0.000000
vt 0.494975 0.494975 0.000000
vt 0.212132 0.212132 0.000000
vt 0.606218 0.350000 0.000000
vt 0.259808 0.150000 0.000000
vt 0.676148 0.181173 0.000000
vt 0.289778 0.077646 0.000000
vt 0.700000 -0.000000 0.000000
vt 0.300000 -0.000000 0.000000
vt 0.676148 -0.181173 0.000000
vt 0.289778 -0.077646 0.000000
vt 0.259808 -0.150000 0.000000
vt 0.606218 -0.350000 0.000000
vt 0.212132 -0.212132 0.000000
vt 0.494975 -0.494975 0.000000
vt 0.150000 -0.259808 0.000000
vt 0.350000 -0.606218 0.000000
vt 0.077646 -0.289778 0.000000
vt 0.181173 -0.676148 0.000000
vt -0.000000 -0.300000 0.000000
vt -0.000000 -0.700000 0.000000
vt -0.181173 -0.676148 0.000000
vt -0.077646 -0.289778 0.000000
vt -0.350000 -0.606218 0.000000
vt -0.150000 -0.259808 0.000000
vt -0.494975 -0.494975 0.000000
vt -0.212132 -0.212132 0.000000
vt -0.606218 -0.350000 0.000000
vt -0.259808 -0.150000 0.000000
vt -0.676148 -0.181173 0.000000
vt -3.500000 0.863938 0.000000
vt -1.750000 0.863938 0.000000
vt -3.500000 0.942478 0.000000
vt -1.750000 0.942478 0.000000
vt -3.500000 -0.942478 0.000000
vt -1.750000 -0.942478 0.000000
vt -3.500000 -0.863938 0.000000
vt -1.750000 -0.863938 0.000000
vt -3.500000 -0.785398 0.000000
vt -1.750000 -0.785398 0.000000
vt -3.500000 -0.706858 0.000000
vt -1.750000 -0.706858 0.000000
vt -3.500000 -0.628319 0.000000
vt -1.750000 -0.628319 0.000000
vt -3.500000 -0.549779 0.000000
vt -1.750000 -0.549779 0.000000
vt -3.500000 -0.471239 0.000000
vt -1.750000 -0.471239 0.000000
vt -3.500000 -0.392699 0.000000
vt -1.750000 -0.392699 0.000000
vt -3.500000 -0.314159 0.000000
vt -1.750000 -0.314159 0.000000
vt -3.500000 -0.235619 0.000000
vt -1.750000 -0.235619 0.000000
vt -3.500000 -0.157080 0.000000
vt -1.750000 -0.157080 0.000000
vt -3.500000 -0.078540 0.000000
vt -1.750000 -0.078540 0.000000
vt -3.500000 -0.000000 0.000000
vt -1.750000 -0.000000 0.000000
vt -3.500000 0.078540 0.000000
vt -1.750000 0.078540 0.000000
vt -3.500000 0.157080 0.000000
vt -1.750000 0.157080 0.000000
vt -3.500000 0.235619 0.000000
vt -1.750000 0.235619 0.000000
vt -3.500000 0.314159 0.000000
vt -1.750000 0.314159 0.000000
vt -3.500000 0.392699 0.000000
vt -1.750000 0.392699 0.000000
vt -3.500000 0.471239 0.000000
vt -1.750000 0.471239 0.000000
vt -3.500000 0.549779 0.000000
vt -1.750000 0.549779 0.000000
vt -3.500000 0.628319 0.000000
vt -1.750000 0.628319 0.000000
vt -3.500000 0.706858 0.000000
vt -1.750000 0.706858 0.000000
vt -3.500000 0.785398 0.000000
vt -1.750000 0.785398 0.000000
vt 0.000000 -0.863938 0.000000
vt -0.000000 -0.942478 0.000000
vt -0.000000 0.942478 0.000000
vt -0.000000 0.863938 0.000000
vt -0.000000 0.785398 0.000000
vt -0.000000 0.706858 0.000000
vt -0.000000 0.628319 0.000000
vt -0.000000 0.549779 0.000000
vt -0.000000 0.471239 0.000000
vt -0.000000 0.392699 0.000000
vt -0.000000 0.314159 0.000000
vt -0.000000 0.235619 0.000000
vt -0.000000 0.157080 0.000000
vt -0.000000 0.078540 0.000000
vt 0.000000 -0.000000 0.000000
vt 0.000000 -0.078540 0.000000
vt 0.000000 -0.157080 0.000000
vt 0.000000 -0.235619 0.000000
vt 0.000000 -0.314159 0.000000
vt 0.000000 -0.392699 0.000000
vt 0.000000 -0.471239 0.000000
vt 0.000000 -0.549779 0.000000
vt 0.000000 -0.628319 0.000000
vt 0.000000 -0.706858 0.000000
vt 0.000000 -0.785398 0.000000
vt -0.289778 -0.077646 0.000000
vt 0.289778 -0.077646 0.000000
vt -0.300000 0.000000 0.000000
vt 0.300000 -0.000000 0.000000
vt -0.289778 0.077646 0.000000
vt 0.289778 0.077646 0.000000
vt -0.259808 0.150000 0.000000
vt 0.259808 0.150000 0.000000
vt -0.212132 0.212132 0.000000
vt 0.212132 0.212132 0.000000
vt -0.150000 0.259808 0.000000
vt 0.150000 0.259808 0.000000
vt -0.077646 0.289778 0.000000
vt 0.077646 0.289778 0.000000
vt 0.000000 0.300000 0.000000
vt 0.259808 -0.150000 0.000000
vt -0.259808 -0.150000 0.000000
vt 0.212132 -0.212132 0.000000
vt -0.212132 -0.212132 0.000000
vt 0.150000 -0.259808 0.000000
vt -0.150000 -0.259808 0.000000
vt 0.077646 -0.289778 0.000000
vt -0.077646 -0.289778 0.000000
vt -0.000000 -0.300000 0.000000
vn 0.979530 0.201299 -0.000000
vn 0.979530 0.201299 -0.000000
vn 1.000000 0.000000 -0.000000
vn 1.000000 0.000000 -0.000000
vn 0.979530 -0.201299 0.000000
vn 0.979530 -0.201299 0.000000
vn 0.918958 -0.394356 0.000000
vn 0.918958 -0.394356 0.000000
vn 0.820763 -0.571268 0.000000
vn 0.820763 -0.571268 0.000000
vn 0.688967 -0.724793 0.000000
vn 0.688967 -0.724793 0.000000
vn 0.528964 -0.848644 0.000000
vn 0.528964 -0.848644 0.000000
vn 0.347305 -0.937752 0.000000
vn 0.347305 -0.937752 0.000000
vn 0.151428 -0.988468 0.000000
vn 0.151428 -0.988468 0.000000
vn -0.050649 -0.998717 0.000000
vn -0.050649 -0.998717 0.000000
vn -0.250653 -0.968077 0.000000
vn -0.250653 -0.968077 0.000000
vn -0.440394 -0.897805 0.000000
vn -0.440394 -0.897805 0.000000
vn -0.612106 -0.790776 0.000000
vn -0.612106 -0.790776 0.000000
vn -0.758758 -0.651372 0.000000
vn -0.758758 -0.651372 0.000000
vn -0.874347 -0.485302 0.000000
vn -0.874347 -0.485302 0.000000
vn -0.954139 -0.299363 0.000000
vn -0.954139 -0.299363 0.000000
vn -0.994869 -0.101168 0.000000
vn -0.994869 -0.101168 0.000000
vn -0.994869 0.101168 -0.000000
vn -0.994869 0.101168 -0.000000
vn -0.954139 0.299363 -0.000000
vn -0.954139 0.299363 -0.000000
vn -0.874347 0.485302 -0.000000
vn -0.874347 0.485302 -0.000000
vn -0.758758 0.651372 -0.000000
vn -0.758758 0.651372 -0.000000
vn -0.612106 0.790776 -0.000000
vn -0.612106 0.790776 -0.000000
vn -0.440394 0.897805 -0.000000
vn -0.440394 0.897805 -0.000000
vn -0.250653 0.968077 -0.000000
vn -0.250653 0.968077 -0.000000
vn -0.050649 0.998717 -0.000000
vn -0.050649 0.998717 -0.000000
vn 0.151428 0.988468 -0.000000
vn 0.151428 0.988468 -0.000000
vn 0.347305 0.937752 -0.000000
vn 0.347305 0.937752 -0.000000
vn 0.528964 0.848644 -0.000000
vn 0.528964 0.848644 -0.000000
vn 0.688967 0.724793 -0.000000
vn 0.688967 0.724793 -0.000000
vn 0.820763 0.571268 -0.000000
vn 0.820763 0.571268 -0.000000
vn 0.918958 0.394356 -0.000000
vn 0.918958 0.394356 -0.000000
vn 0.000000 -0.000000 -1.000000
vn 0.000000 -0.000000 -1.000000
vn 0.000000 -0.000000 -1.000000
vn 0.000000 -0.000000 -1.000000
vn 0.000000 -0.000000 -1.000000
vn 0.000000 -0.000000 -1.000000
vn 0.000000 -0.000000 -1.000000
vn 0.000000 -0.000000 -1.000000
vn 0.000000 -0.000000 -1.000000
vn 0.000000 -0.000000 -1.000000
vn 0.000000 -0.000000 -1.000000
vn 0.000000 -0.000000 -1.000000
vn 0.000000 -0.000000 -1.000000
vn 0.000000 -0.000000 -1.000000
vn 0.000000 -0.000000 -1.000000
vn 0.000000 -0.000000 -1.000000
vn 0.000000 -0.000000 -1.000000
vn 0.000000 -0.000000 -1.000000
vn 0.000000 -0.000000 -1.000000
vn 0.000000 -0.000000 -1.000000
vn 0.000000 -0.000000 -1.000000
vn 0.000000 -0.000000 -1.000000
vn 0.000000 -0.000000 -1.000000
vn 0.000000 -0.000000 -1.000000
vn 0.000000 -0.000000 -1.000000
vn 0.000000 -0.000000 -1.000000
vn 0.000000 -0.000000 -1.000000
vn 0.000000 -0.000000 -1.000000
vn 0.000000 -0.000000 -1.000000
vn 0.000000 -0.000000 -1.000000
vn 0.000000 -0.000000 -1.000000
vn -0.000000 0.000000 1.000000
vn -0.000000 0.000000 1.000000
vn -0.000000 0.000000 1.000000
vn -0.000000 0.000000 1.000000
vn -0.000000 0.000000 1.000000
vn -0.000000 0.000000 1.000000
vn -0.000000 0.000000 1.000000
vn -0.000000 0.000000 1.000000
vn -0.000000 0.000000 1.000000
vn -0.000000 0.000000 1.000000
vn -0.000000 0.000000 1.000000
vn -0.000000 0.000000 1.000000
vn -0.000000 0.000000 1.000000
vn -0.000000 0.000000 1.000000
vn -0.000000 0.000000 1.000000
vn -0.000000 0.000000 1.000000
vn -0.000000 0.000000 1.000000
vn -0.000000 0.000000 1.000000
vn -0.000000 0.000000 1.000000
vn -0.000000 0.000000 1.000000
vn -0.000000 0.000000 1.000000
vn -0.000000 0.000000 1.000000
vn -0.000000 0.000000 1.000000
vn -0.000000 0.000000 1.000000
vn -0.000000 0.000000 1.000000
vn -0.000000 0.000000 1.000000
vn -0.000000 0.000000 1.000000
vn -0.000000 0.000000 1.000000
vn -0.000000 0.000000 1.000000
vn -0.000000 0.000000 1.000000
vn -0.000000 0.000000 1.000000
vn -0.000000 0.000000 1.000000
vn -0.000000 0.000000 1.000000
vn -0.000000 0.000000 1.000000
vn -0.000000 0.000000 1.000000
vn -0.000000 0.000000 1.000000
vn -0.000000 0.000000 1.000000
vn -0.000000 0.000000 1.000000
vn -0.000000 0.000000 1.000000
vn -0.000000 0.000000 1.000000
vn -0.000000 0.000000 1.000000
vn -0.000000 0.000000 1.000000
vn -0.000000 0.000000 1.000000
vn -0.000000 0.000000 1.000000
vn -0.000000 0.000000 1.000000
vn -0.000000 0.000000 1.000000
vn -0.000000 0.000000 1.000000
vn -0.000000 0.000000 1.000000
vn -0.000000 0.000000 1.000000
vn -0.000000 0.000000 1.000000
vn -0.000000 0.000000 1.000000
vn -0.000000 0.000000 1.000000
vn -0.000000 0.000000 1.000000
vn -0.000000 0.000000 1.000000
vn -0.000000 0.000000 1.000000
vn 0.965926 0.258819 -0.000000
vn 0.965926 0.258819 -0.000000
vn 1.000000 0.000000 -0.000000
vn 1.000000 0.000000 -0.000000
vn 0.965926 -0.258819 0.000000
vn 0.965926 -0.258819 0.000000
vn 0.866025 -0.500000 0.000000
vn 0.866025 -0.500000 0.000000
vn 0.707107 -0.707107 0.000000
vn 0.707107 -0.707107 0.000000
vn 0.500000 -0.866025 0.000000
vn 0.500000 -0.866025 0.000000
vn 0.258819 -0.965926 0.000000
vn 0.258819 -0.965926 0.000000
vn -0.000000 -1.000000 0.000000
vn -0.000000 -1.000000 0.000000
vn -0.258819 -0.965926 0.000000
vn -0.258819 -0.965926 0.000000
vn -0.500000 -0.866025 0.000000
vn -0.500000 -0.866025 0.000000
vn -0.707107 -0.707107 0.000000
vn -0.707107 -0.707107 0.000000
vn -0.866025 -0.500000 0.000000
vn -0.866025 -0.500000 0.000000
vn -0.965926 -0.258819 0.000000
vn -0.965926 -0.258819 0.000000
vn -1.000000 0.000000 -0.000000
vn -1.000000 -0.000000 -0.000000
vn -0.965926 0.258819 -0.000000
vn -0.965926 0.258819 -0.000000
vn -0.866025 0.500000 -0.000000
vn -0.866025 0.500000 -0.000000
vn -0.707107 0.707107 -0.000000
vn -0.707107 0.707107 -0.000000
vn -0.500000 0.866025 -0.000000
vn -0.500000 0.866025 -0.000000
vn -0.258819 0.965926 -0.000000
vn -0.258819 0.965926 -0.000000
vn -0.000000 1.000000 -0.000000
vn -0.000000 1.000000 -0.000000
vn 0.258819 0.965926 -0.000000
vn 0.258819 0.965926 -0.000000
vn 0.500000 0.866025 -0.000000
vn 0.500000 0.866025 -0.000000
vn 0.707107 0.707107 -0.000000
vn 0.707107 0.707107 -0.000000
vn 0.866025 0.500000 -0.000000
vn 0.866025 0.500000 -0.000000
vn -0.000000 0.000000 1.000000
vn -0.000000 0.000000 1.000000
vn -0.000000 0.000000 1.000000
vn -0.000000 0.000000 1.000000
vn -0.000000 0.000000 1.000000
vn -0.000000 0.000000 1.000000
vn -0.000000 0.000000 1.000000
vn -0.000000 0.000000 1.000000
vn -0.000000 0.000000 1.000000
vn -0.000000 0.000000 1.000000
vn -0.000000 0.000000 1.000000
vn -0.000000 0.000000 1.000000
vn -0.000000 0.000000 1.000000
vn -0.000000 0.000000 1.000000
vn -0.000000 0.000000 1.000000
vn -0.000000 0.000000 1.000000
vn -0.000000 0.000000 1.000000
vn -0.000000 0.000000 1.000000
vn -0.000000 0.000000 1.000000
vn -0.000000 0.000000 1.000000
vn -0.000000 0.000000 1.000000
vn -0.000000 0.000000 1.000000
vn -0.000000 0.000000 1.000000
vn -0.000000 0.000000 1.000000
vn -0.000000 0.000000 1.000000
vn -0.000000 0.000000 1.000000
vn -0.000000 0.000000 1.000000
vn -0.000000 0.000000 1.000000
vn -0.000000 0.000000 1.000000
vn -0.000000 0.000000 1.000000
vn -0.000000 0.000000 1.000000
vn -0.000000 0.000000 1.000000
vn -0.000000 0.000000 1.000000
vn -0.000000 0.000000 1.000000
vn -0.000000 0.000000 1.000000
vn -0.000000 0.000000 1.000000
vn -0.000000 0.000000 1.000000
vn -0.000000 0.000000 1.000000
vn -0.000000 0.000000 1.000000
vn -0.000000 0.000000 1.000000
vn -0.000000 0.000000 1.000000
vn -0.000000 0.000000 1.000000
vn -0.000000 0.000000 1.000000
vn -0.000000 0.000000 1.000000
vn -0.000000 0.000000 1.000000
vn -0.000000 0.000000 1.000000
vn -0.000000 0.000000 1.000000
vn -0.000000 0.000000 1.000000
vn -0.965926 0.258819 -0.000000
vn -0.965926 0.258819 -0.000000
vn -1.000000 0.000000 -0.000000
vn -1.000000 0.000000 -0.000000
vn -0.965926 -0.258819 0.000000
vn -0.965926 -0.258819 0.000000
vn -0.866025 -0.500000 0.000000
vn -0.866025 -0.500000 0.000000
vn -0.707107 -0.707107 0.000000
vn -0.707107 -0.707107 0.000000
vn -0.500000 -0.866025 0.000000
vn -0.500000 -0.866025 0.000000
vn -0.258819 -0.965926 0.000000
vn -0.258819 -0.965926 0.000000
vn 0.000000 -1.000000 0.000000
vn 0.000000 -1.000000 0.000000
vn 0.258819 -0.965926 0.000000
vn 0.258819 -0.965926 0.000000
vn 0.500000 -0.866025 0.000000
vn 0.500000 -0.866025 0.000000
vn 0.707107 -0.707107 0.000000
vn 0.707107 -0.707107 0.000000
vn 0.866025 -0.500000 0.000000
vn 0.866025 -0.500000 0.000000
vn 0.965926 -0.258819 0.000000
vn 0.965926 -0.258819 0.000000
vn 1.000000 -0.000000 0.000000
vn 1.000000 -0.000000 0.000000
vn 0.965926 0.258819 -0.000000
vn 0.965926 0.258819 -0.000000
vn 0.866025 0.500000 -0.000000
vn 0.866025 0.500000 -0.000000
vn 0.707107 0.707107 -0.000000
vn 0.707107 0.707107 -0.000000
vn 0.500000 0.866025 -0.000000
vn 0.500000 0.866025 -0.000000
vn 0.258819 0.965926 -0.000000
vn 0.258819 0.965926 -0.000000
vn 0.000000 1.000000 -0.000000
vn 0.000000 1.000000 -0.000000
vn -0.258819 0.965926 -0.000000
vn -0.258819 0.965926 -0.000000
vn -0.500000 0.866025 -0.000000
vn -0.500000 0.866025 -0.000000
vn -0.707107 0.707107 -0.000000
vn -0.707107 0.707107 -0.000000
vn -0.866025 0.500000 -0.000000
vn -0.866025 0.500000 -0.000000
vn -0.965926 -0.258819 0.000000
vn -1.000000 -0.000000 0.000000
vn -0.965926 0.258819 -0.000000
vn -0.866025 0.500000 -0.000000
vn -0.707107 0.707107 -0.000000
vn -0.500000 0.866025 -0.000000
vn -0.258819 0.965926 -0.000000
vn 0.000000 1.000000 -0.000000
vn 0.258819 0.965926 -0.000000
vn 0.500000 0.866025 -0.000000
vn 0.707107 0.707107 -0.000000
vn 0.866025 0.500000 -0.000000
vn 0.965926 0.258819 -0.000000
vn 1.000000 0.000000 0.000000
vn 0.965926 -0.258819 0.000000
vn 0.866025 -0.500000 0.000000
vn 0.707107 -0.707107 0.000000
vn 0.500000 -0.866025 0.000000
vn 0.258819 -0.965926 0.000000
vn 0.000000 -1.000000 0.000000
vn -0.258819 -0.965926 0.000000
vn -0.500000 -0.866025 0.000000
vn -0.707107 -0.707107 0.000000
vn -0.866025 -0.500000 0.000000
vn -0.000000 0.000000 1.000000
vn -0.000000 0.000000 1.000000
vn -0.000000 0.000000 1.000000
vn -0.000000 0.000000 1.000000
vn -0.000000 0.000000 1.000000
vn -0.000000 0.000000 1.000000
vn -0.000000 0.000000 1.000000
vn -0.000000 0.000000 1.000000
vn -0.000000 0.000000 1.000000
vn -0.000000 0.000000 1.000000
vn -0.000000 0.000000 1.000000
vn -0.000000 0.000000 1.000000
vn -0.000000 0.000000 1.000000
vn -0.000000 0.000000 1.000000
vn -0.000000 0.000000 1.000000
vn -0.000000 0.000000 1.000000
vn -0.000000 0.000000 1.000000
vn -0.000000 0.000000 1.000000
vn -0.000000 0.000000 1.000000
vn -0.000000 0.000000 1.000000
vn -0.000000 0.000000 1.000000
vn -0.000000 0.000000 1.000000
vn -0.000000 0.000000 1.000000
vn -0.000000 0.000000 1.000000
f 2250/4230/4134 2310/4231/4135 2249/4232/4136
f 2249/4232/4136 2310/4231/4135 2280/4233/4137
f 2249/4234/4136 2280/4235/4137 2279/4236/4138
f 2279/4236/4138 2280/4235/4137 2281/4237/4139
f 2279/4236/4138 2281/4237/4139 2278/4238/4140
f 2278/4238/4140 2281/4237/4139 2282/4239/4141
f 2278/4238/4140 2282/4239/4141 2277/4240/4142
f 2277/4240/4142 2282/4239/4141 2283/4241/4143
f 2277/4240/4142 2283/4241/4143 2276/4242/4144
f 2276/4242/4144 2283/4241/4143 2284/4243/4145
f 2276/4242/4144 2284/4243/4145 2275/4244/4146
f 2275/4244/4146 2284/4243/4145 2285/4245/4147
f 2275/4244/4146 2285/4245/4147 2274/4246/4148
f 2274/4246/4148 2285/4245/4147 2286/4247/4149
f 2274/4246/4148 2286/4247/4149 2273/4248/4150
f 2273/4248/4150 2286/4247/4149 2287/4249/4151
f 2273/4248/4150 2287/4249/4151 2272/4250/4152
f 2272/4250/4152 2287/4249/4151 2288/4251/4153
f 2272/4250/4152 2288/4251/4153 2271/4252/4154
f 2271/4252/4154 2288/4251/4153 2289/4253/4155
f 2271/4252/4154 2289/4253/4155 2270/4254/4156
f 2270/4254/4156 2289/4253/4155 2290/4255/4157
f 2270/4254/4156 2290/4255/4157 2269/4256/4158
f 2269/4256/4158 2290/4255/4157 2291/4257/4159
f 2269/4256/4158 2291/4257/4159 2268/4258/4160
f 2268/4258/4160 2291/4257/4159 2292/4259/4161
f 2268/4258/4160 2292/4259/4161 2267/4260/4162
f 2267/4260/4162 2292/4259/4161 2293/4261/4163
f 2267/4260/4162 2293/4261/4163 2266/4262/4164
f 2266/4262/4164 2293/4261/4163 2294/4263/4165
f 2266/4262/4164 2294/4263/4165 2265/4264/4166
f 2265/4264/4166 2294/4263/4165 2295/4265/4167
f 2265/4264/4166 2295/4265/4167 2264/4266/4168
f 2264/4266/4168 2295/4265/4167 2296/4267/4169
f 2264/4266/4168 2296/4267/4169 2263/4268/4170
f 2263/4268/4170 2296/4267/4169 2297/4269/4171
f 2263/4268/4170 2297/4269/4171 2262/4270/4172
f 2262/4270/4172 2297/4269/4171 2298/4271/4173
f 2262/4270/4172 2298/4271/4173 2261/4272/4174
f 2261/4272/4174 2298/4271/4173 2299/4273/4175
f 2261/4272/4174 2299/4273/4175 2260/4274/4176
f 2260/4274/4176 2299/4273/4175 2300/4275/4177
f 2260/4274/4176 2300/4275/4177 2259/4276/4178
f 2259/4276/4178 2300/4275/4177 2301/4277/4179
f 2259/4276/4178 2301/4277/4179 2258/4278/4180
f 2258/4278/4180 2301/4277/4179 2302/4279/4181
f 2258/4278/4180 2302/4279/4181 2257/4280/4182
f 2257/4280/4182 2302/4279/4181 2303/4281/4183
f 2257/4280/4182 2303/4281/4183 2256/4282/4184
f 2256/4282/4184 2303/4281/4183 2304/4283/4185
f 2256/4282/4184 2304/4283/4185 2255/4284/4186
f 2255/4284/4186 2304/4283/4185 2305/4285/4187
f 2255/4284/4186 2305/4285/4187 2254/4286/4188
f 2254/4286/4188 2305/4285/4187 2306/4287/4189
f 2254/4286/4188 2306/4287/4189 2253/4288/4190
f 2253/4288/4190 2306/4287/4189 2307/4289/4191
f 2253/4288/4190 2307/4289/4191 2252/4290/4192
f 2252/4290/4192 2307/4289/4191 2308/4291/4193
f 2252/4290/4192 2308/4291/4193 2251/4292/4194
f 2251/4292/4194 2308/4291/4193 2309/4293/4195
f 2251/4292/4194 2309/4293/4195 2250/4230/4134
f 2250/4230/4134 2309/4293/4195 2310/4231/4135
f 2249/4294/4196 2279/4295/4197 2250/4296/4198
f 2250/4296/4198 2279/4295/4197 2251/4297/4199
f 2251/4297/4199 2279/4295/4197 2278/4298/4200
f 2251/4297/4199 2278/4298/4200 2252/4299/4201
f 2252/4299/4201 2278/4298/4200 2277/4300/4202
f 2252/4299/4201 2277/4300/4202 2253/4301/4203
f 2253/4301/4203 2277/4300/4202 2276/4302/4204
f 2253/4301/4203 2276/4302/4204 2254/4303/4205
f 2254/4303/4205 2276/4302/4204 2255/4304/4206
f 2255/4304/4206 2276/4302/4204 2256/4305/4207
f 2256/4305/4207 2276/4302/4204 2257/4306/4208
f 2257/4306/4208 2276/4302/4204 2258/4307/4209
f 2258/4307/4209 2276/4302/4204 2259/4308/4210
f 2259/4308/4210 2276/4302/4204 2260/4309/4211
f 2260/4309/4211 2276/4302/4204 2261/4310/4212
f 2261/4310/4212 2276/4302/4204 2262/4311/4213
f 2262/4311/4213 2276/4302/4204 2263/4312/4214
f 2263/4312/4214 2276/4302/4204 2264/4313/4215
f 2264/4313/4215 2276/4302/4204 2265/4314/4216
f 2265/4314/4216 2276/4302/4204 2266/4315/4217
f 2266/4315/4217 2276/4302/4204 2275/4316/4218
f 2266/4315/4217 2275/4316/4218 2267/4317/4219
f 2267/4317/4219 2275/4316/4218 2268/4318/4220
f 2268/4318/4220 2275/4316/4218 2269/4319/4221
f 2269/4319/4221 2275/4316/4218 2270/4320/4222
f 2270/4320/4222 2275/4316/4218 2274/4321/4223
f 2270/4320/4222 2274/4321/4223 2271/4322/4224
f 2271/4322/4224 2274/4321/4223 2273/4323/4225
f 2271/4322/4224 2273/4323/4225 2272/4324/4226
f 2312/4325/4227 2281/4326/4228 2311/4327/4229
f 2311/4327/4229 2281/4326/4228 2280/4328/4230
f 2311/4327/4229 2280/4328/4230 2310/4329/4231
f 2281/4326/4228 2312/4325/4227 2282/4330/4232
f 2282/4330/4232 2312/4325/4227 2313/4331/4233
f 2282/4330/4232 2313/4331/4233 2283/4332/4234
f 2283/4332/4234 2313/4331/4233 2314/4333/4235
f 2283/4332/4234 2314/4333/4235 2284/4334/4236
f 2284/4334/4236 2314/4333/4235 2285/4335/4237
f 2285/4335/4237 2314/4333/4235 2315/4336/4238
f 2285/4335/4237 2315/4336/4238 2286/4337/4239
f 2286/4337/4239 2315/4336/4238 2316/4338/4240
f 2286/4337/4239 2316/4338/4240 2287/4339/4241
f 2287/4339/4241 2316/4338/4240 2317/4340/4242
f 2287/4339/4241 2317/4340/4242 2288/4341/4243
f 2288/4341/4243 2317/4340/4242 2318/4342/4244
f 2288/4341/4243 2318/4342/4244 2289/4343/4245
f 2289/4343/4245 2318/4342/4244 2290/4344/4246
f 2290/4344/4246 2318/4342/4244 2319/4345/4247
f 2290/4344/4246 2319/4345/4247 2291/4346/4248
f 2291/4346/4248 2319/4345/4247 2320/4347/4249
f 2291/4346/4248 2320/4347/4249 2292/4348/4250
f 2292/4348/4250 2320/4347/4249 2321/4349/4251
f 2292/4348/4250 2321/4349/4251 2293/4350/4252
f 2293/4350/4252 2321/4349/4251 2294/4351/4253
f 2294/4351/4253 2321/4349/4251 2322/4352/4254
f 2294/4351/4253 2322/4352/4254 2295/4353/4255
f 2295/4353/4255 2322/4352/4254 2323/4354/4256
f 2295/4353/4255 2323/4354/4256 2296/4355/4257
f 2296/4355/4257 2323/4354/4256 2324/4356/4258
f 2296/4355/4257 2324/4356/4258 2297/4357/4259
f 2297/4357/4259 2324/4356/4258 2325/4358/4260
f 2297/4357/4259 2325/4358/4260 2298/4359/4261
f 2298/4359/4261 2325/4358/4260 2299/4360/4262
f 2299/4360/4262 2325/4358/4260 2326/4361/4263
f 2299/4360/4262 2326/4361/4263 2300/4362/4264
f 2300/4362/4264 2326/4361/4263 2327/4363/4265
f 2300/4362/4264 2327/4363/4265 2301/4364/4266
f 2301/4364/4266 2327/4363/4265 2328/4365/4267
f 2301/4364/4266 2328/4365/4267 2302/4366/4268
f 2302/4366/4268 2328/4365/4267 2303/4367/4269
f 2303/4367/4269 2328/4365/4267 2329/4368/4270
f 2303/4367/4269 2329/4368/4270 2304/4369/4271
f 2304/4369/4271 2329/4368/4270 2330/4370/4272
f 2304/4369/4271 2330/4370/4272 2305/4371/4273
f 2305/4371/4273 2330/4370/4272 2331/4372/4274
f 2305/4371/4273 2331/4372/4274 2306/4373/4275
f 2306/4373/4275 2331/4372/4274 2332/4374/4276
f 2306/4373/4275 2332/4374/4276 2307/4375/4277
f 2307/4375/4277 2332/4374/4276 2308/4376/4278
f 2308/4376/4278 2332/4374/4276 2333/4377/4279
f 2308/4376/4278 2333/4377/4279 2309/4378/4280
f 2309/4378/4280 2333/4377/4279 2334/4379/4281
f 2309/4378/4280 2334/4379/4281 2310/4329/4231
f 2310/4329/4231 2334/4379/4281 2311/4327/4229
f 2334/4380/4282 2358/4381/4283 2311/4382/4284
f 2311/4382/4284 2358/4381/4283 2335/4383/4285
f 2311/4384/4284 2335/4385/4285 2312/4386/4286
f 2312/4386/4286 2335/4385/4285 2336/4387/4287
f 2312/4386/4286 2336/4387/4287 2313/4388/4288
f 2313/4388/4288 2336/4387/4287 2337/4389/4289
f 2313/4388/4288 2337/4389/4289 2314/4390/4290
f 2314/4390/4290 2337/4389/4289 2338/4391/4291
f 2314/4390/4290 2338/4391/4291 2315/4392/4292
f 2315/4392/4292 2338/4391/4291 2339/4393/4293
f 2315/4392/4292 2339/4393/4293 2316/4394/4294
f 2316/4394/4294 2339/4393/4293 2340/4395/4295
f 2316/4394/4294 2340/4395/4295 2317/4396/4296
f 2317/4396/4296 2340/4395/4295 2341/4397/4297
f 2317/4396/4296 2341/4397/4297 2318/4398/4298
f 2318/4398/4298 2341/4397/4297 2342/4399/4299
f 2318/4398/4298 2342/4399/4299 2319/4400/4300
f 2319/4400/4300 2342/4399/4299 2343/4401/4301
f 2319/4400/4300 2343/4401/4301 2320/4402/4302
f 2320/4402/4302 2343/4401/4301 2344/4403/4303
f 2320/4402/4302 2344/4403/4303 2321/4404/4304
f 2321/4404/4304 2344/4403/4303 2345/4405/4305
f 2321/4404/4304 2345/4405/4305 2322/4406/4306
f 2322/4406/4306 2345/4405/4305 2346/4407/4307
f 2322/4406/4306 2346/4407/4307 2323/4408/4308
f 2323/4408/4308 2346/4407/4307 2347/4409/4309
f 2323/4408/4308 2347/4409/4309 2324/4410/4310
f 2324/4410/4310 2347/4409/4309 2348/4411/4311
f 2324/4410/4310 2348/4411/4311 2325/4412/4312
f 2325/4412/4312 2348/4411/4311 2349/4413/4313
f 2325/4412/4312 2349/4413/4313 2326/4414/4314
f 2326/4414/4314 2349/4413/4313 2350/4415/4315
f 2326/4414/4314 2350/4415/4315 2327/4416/4316
f 2327/4416/4316 2350/4415/4315 2351/4417/4317
f 2327/4416/4316 2351/4417/4317 2328/4418/4318
f 2328/4418/4318 2351/4417/4317 2352/4419/4319
f 2328/4418/4318 2352/4419/4319 2329/4420/4320
f 2329/4420/4320 2352/4419/4319 2353/4421/4321
f 2329/4420/4320 2353/4421/4321 2330/4422/4322
f 2330/4422/4322 2353/4421/4321 2354/4423/4323
f 2330/4422/4322 2354/4423/4323 2331/4424/4324
f 2331/4424/4324 2354/4423/4323 2355/4425/4325
f 2331/4424/4324 2355/4425/4325 2332/4426/4326
f 2332/4426/4326 2355/4425/4325 2356/4427/4327
f 2332/4426/4326 2356/4427/4327 2333/4428/4328
f 2333/4428/4328 2356/4427/4327 2357/4429/4329
f 2333/4428/4328 2357/4429/4329 2334/4380/4282
f 2334/4380/4282 2357/4429/4329 2358/4381/4283
f 2382/4430/4330 2359/4431/4331 2347/4432/4332
f 2347/4432/4332 2359/4431/4331 2360/4433/4333
f 2347/4432/4332 2360/4433/4333 2348/4434/4334
f 2348/4434/4334 2360/4433/4333 2361/4435/4335
f 2348/4434/4334 2361/4435/4335 2349/4436/4336
f 2349/4436/4336 2361/4435/4335 2362/4437/4337
f 2349/4436/4336 2362/4437/4337 2350/4438/4338
f 2350/4438/4338 2362/4437/4337 2363/4439/4339
f 2350/4438/4338 2363/4439/4339 2351/4440/4340
f 2351/4440/4340 2363/4439/4339 2364/4441/4341
f 2351/4440/4340 2364/4441/4341 2352/4442/4342
f 2352/4442/4342 2364/4441/4341 2365/4443/4343
f 2352/4442/4342 2365/4443/4343 2353/4444/4344
f 2353/4444/4344 2365/4443/4343 2354/4445/4345
f 2354/4445/4345 2365/4443/4343 2366/4446/4346
f 2354/4445/4345 2366/4446/4346 2355/4447/4347
f 2355/4447/4347 2366/4446/4346 2367/4448/4348
f 2355/4447/4347 2367/4448/4348 2356/4449/4349
f 2356/4449/4349 2367/4448/4348 2368/4450/4350
f 2356/4449/4349 2368/4450/4350 2357/4451/4351
f 2357/4451/4351 2368/4450/4350 2369/4452/4352
f 2357/4451/4351 2369/4452/4352 2358/4453/4353
f 2358/4453/4353 2369/4452/4352 2370/4454/4354
f 2358/4453/4353 2370/4454/4354 2335/4455/4355
f 2335/4455/4355 2370/4454/4354 2371/4456/4356
f 2335/4455/4355 2371/4456/4356 2336/4457/4357
f 2336/4457/4357 2371/4456/4356 2372/4458/4358
f 2336/4457/4357 2372/4458/4358 2373/4459/4359
f 2336/4457/4357 2373/4459/4359 2337/4460/4360
f 2337/4460/4360 2373/4459/4359 2374/4461/4361
f 2337/4460/4360 2374/4461/4361 2338/4462/4362
f 2338/4462/4362 2374/4461/4361 2375/4463/4363
f 2338/4462/4362 2375/4463/4363 2339/4464/4364
f 2339/4464/4364 2375/4463/4363 2376/4465/4365
f 2339/4464/4364 2376/4465/4365 2340/4466/4366
f 2340/4466/4366 2376/4465/4365 2377/4467/4367
f 2340/4466/4366 2377/4467/4367 2341/4468/4368
f 2341/4468/4368 2377/4467/4367 2342/4469/4369
f 2342/4469/4369 2377/4467/4367 2378/4470/4370
f 2342/4469/4369 2378/4470/4370 2343/4471/4371
f 2343/4471/4371 2378/4470/4370 2379/4472/4372
f 2343/4471/4371 2379/4472/4372 2344/4473/4373
f 2344/4473/4373 2379/4472/4372 2380/4474/4374
f 2344/4473/4373 2380/4474/4374 2345/4475/4375
f 2345/4475/4375 2380/4474/4374 2381/4476/4376
f 2345/4475/4375 2381/4476/4376 2346/4477/4377
f 2346/4477/4377 2381/4476/4376 2382/4430/4330
f 2346/4477/4377 2382/4430/4330 2347/4432/4332
f 2384/4478/4378 2408/4479/4379 2383/4480/4380
f 2383/4480/4380 2408/4479/4379 2407/4481/4381
f 2383/4482/4380 2407/4483/4381 2406/4484/4382
f 2406/4484/4382 2407/4483/4381 2430/4485/4383
f 2406/4484/4382 2430/4485/4383 2405/4486/4384
f 2405/4486/4384 2430/4485/4383 2429/4487/4385
f 2405/4486/4384 2429/4487/4385 2404/4488/4386
f 2404/4488/4386 2429/4487/4385 2428/4489/4387
f 2404/4488/4386 2428/4489/4387 2403/4490/4388
f 2403/4490/4388 2428/4489/4387 2427/4491/4389
f 2403/4490/4388 2427/4491/4389 2402/4492/4390
f 2402/4492/4390 2427/4491/4389 2426/4493/4391
f 2402/4492/4390 2426/4493/4391 2401/4494/4392
f 2401/4494/4392 2426/4493/4391 2425/4495/4393
f 2401/4494/4392 2425/4495/4393 2400/4496/4394
f 2400/4496/4394 2425/4495/4393 2424/4497/4395
f 2400/4496/4394 2424/4497/4395 2399/4498/4396
f 2399/4498/4396 2424/4497/4395 2423/4499/4397
f 2399/4498/4396 2423/4499/4397 2398/4500/4398
f 2398/4500/4398 2423/4499/4397 2422/4501/4399
f 2398/4500/4398 2422/4501/4399 2397/4502/4400
f 2397/4502/4400 2422/4501/4399 2421/4503/4401
f 2397/4502/4400 2421/4503/4401 2396/4504/4402
f 2396/4504/4402 2421/4503/4401 2420/4505/4403
f 2396/4504/4402 2420/4505/4403 2395/4506/4404
f 2395/4506/4404 2420/4505/4403 2419/4507/4405
f 2395/4506/4404 2419/4507/4405 2394/4508/4406
f 2394/4508/4406 2419/4507/4405 2418/4509/4407
f 2394/4508/4406 2418/4509/4407 2393/4510/4408
f 2393/4510/4408 2418/4509/4407 2417/4511/4409
f 2393/4510/4408 2417/4511/4409 2392/4512/4410
f 2392/4512/4410 2417/4511/4409 2416/4513/4411
f 2392/4512/4410 2416/4513/4411 2391/4514/4412
f 2391/4514/4412 2416/4513/4411 2415/4515/4413
f 2391/4514/4412 2415/4515/4413 2390/4516/4414
f 2390/4516/4414 2415/4515/4413 2414/4517/4415
f 2390/4516/4414 2414/4517/4415 2389/4518/4416
f 2389/4518/4416 2414/4517/4415 2413/4519/4417
f 2389/4518/4416 2413/4519/4417 2388/4520/4418
f 2388/4520/4418 2413/4519/4417 2412/4521/4419
f 2388/4520/4418 2412/4521/4419 2387/4522/4420
f 2387/4522/4420 2412/4521/4419 2411/4523/4421
f 2387/4522/4420 2411/4523/4421 2386/4524/4422
f 2386/4524/4422 2411/4523/4421 2410/4525/4423
f 2386/4524/4422 2410/4525/4423 2385/4526/4424
f 2385/4526/4424 2410/4525/4423 2409/4527/4425
f 2385/4526/4424 2409/4527/4425 2384/4478/4378
f 2384/4478/4378 2409/4527/4425 2408/4479/4379
f 2382/4528/4426 2430/4485/4383 2359/4529/4427
f 2359/4529/4427 2430/4485/4383 2407/4483/4381
f 2359/4530/4427 2407/4481/4381 2360/4531/4428
f 2360/4531/4428 2407/4481/4381 2408/4479/4379
f 2360/4531/4428 2408/4479/4379 2361/4532/4429
f 2361/4532/4429 2408/4479/4379 2409/4527/4425
f 2361/4532/4429 2409/4527/4425 2362/4533/4430
f 2362/4533/4430 2409/4527/4425 2410/4525/4423
f 2362/4533/4430 2410/4525/4423 2363/4534/4431
f 2363/4534/4431 2410/4525/4423 2411/4523/4421
f 2363/4534/4431 2411/4523/4421 2364/4535/4432
f 2364/4535/4432 2411/4523/4421 2412/4521/4419
f 2364/4535/4432 2412/4521/4419 2365/4536/4433
f 2365/4536/4433 2412/4521/4419 2413/4519/4417
f 2365/4536/4433 2413/4519/4417 2366/4537/4434
f 2366/4537/4434 2413/4519/4417 2414/4517/4415
f 2366/4537/4434 2414/4517/4415 2367/4538/4435
f 2367/4538/4435 2414/4517/4415 2415/4515/4413
f 2367/4538/4435 2415/4515/4413 2368/4539/4436
f 2368/4539/4436 2415/4515/4413 2416/4513/4411
f 2368/4539/4436 2416/4513/4411 2369/4540/4437
f 2369/4540/4437 2416/4513/4411 2417/4511/4409
f 2369/4540/4437 2417/4511/4409 2370/4541/4438
f 2370/4541/4438 2417/4511/4409 2418/4509/4407
f 2370/4541/4438 2418/4509/4407 2371/4542/4439
f 2371/4542/4439 2418/4509/4407 2419/4507/4405
f 2371/4542/4439 2419/4507/4405 2372/4543/4440
f 2372/4543/4440 2419/4507/4405 2420/4505/4403
f 2372/4543/4440 2420/4505/4403 2373/4544/4441
f 2373/4544/4441 2420/4505/4403 2421/4503/4401
f 2373/4544/4441 2421/4503/4401 2374/4545/4442
f 2374/4545/4442 2421/4503/4401 2422/4501/4399
f 2374/4545/4442 2422/4501/4399 2375/4546/4443
f 2375/4546/4443 2422/4501/4399 2423/4499/4397
f 2375/4546/4443 2423/4499/4397 2376/4547/4444
f 2376/4547/4444 2423/4499/4397 2424/4497/4395
f 2376/4547/4444 2424/4497/4395 2377/4548/4445
f 2377/4548/4445 2424/4497/4395 2425/4495/4393
f 2377/4548/4445 2425/4495/4393 2378/4549/4446
f 2378/4549/4446 2425/4495/4393 2426/4493/4391
f 2378/4549/4446 2426/4493/4391 2379/4550/4447
f 2379/4550/4447 2426/4493/4391 2427/4491/4389
f 2379/4550/4447 2427/4491/4389 2380/4551/4448
f 2380/4551/4448 2427/4491/4389 2428/4489/4387
f 2380/4551/4448 2428/4489/4387 2381/4552/4449
f 2381/4552/4449 2428/4489/4387 2429/4487/4385
f 2381/4552/4449 2429/4487/4385 2382/4528/4426
f 2382/4528/4426 2429/4487/4385 2430/4485/4383
f 2406/4553/4450 2396/4554/4451 2383/4555/4452
f 2383/4555/4452 2396/4554/4451 2395/4556/4453
f 2383/4555/4452 2395/4556/4453 2384/4557/4454
f 2384/4557/4454 2395/4556/4453 2394/4558/4455
f 2384/4557/4454 2394/4558/4455 2385/4559/4456
f 2385/4559/4456 2394/4558/4455 2393/4560/4457
f 2385/4559/4456 2393/4560/4457 2386/4561/4458
f 2386/4561/4458 2393/4560/4457 2392/4562/4459
f 2386/4561/4458 2392/4562/4459 2387/4563/4460
f 2387/4563/4460 2392/4562/4459 2391/4564/4461
f 2387/4563/4460 2391/4564/4461 2388/4565/4462
f 2388/4565/4462 2391/4564/4461 2390/4566/4463
f 2388/4565/4462 2390/4566/4463 2389/4567/4464
f 2396/4554/4451 2406/4553/4450 2397/4568/4465
f 2397/4568/4465 2406/4553/4450 2405/4569/4466
f 2397/4568/4465 2405/4569/4466 2398/4570/4467
f 2398/4570/4467 2405/4569/4466 2404/4571/4468
f 2398/4570/4467 2404/4571/4468 2399/4572/4469
f 2399/4572/4469 2404/4571/4468 2403/4573/4470
f 2399/4572/4469 2403/4573/4470 2400/4574/4471
f 2400/4574/4471 2403/4573/4470 2402/4575/4472
f 2400/4574/4471 2402/4575/4472 2401/4576/4473
# 2430 vertices
# 4576 texture params
# 4473 normals
# 4860 facets

# 11 groups
